event_id,camera_id,lane_id,LPN,LPJ,LPT,LPN_OCRval,LPJ_OCRval,LPT_OCRval,LPN_conf,LPJ_conf,LPT_conf,LPN_thresh,LPJ_thresh,LPT_thresh,decision,feedback_source,error_label,overall_correct
s0-c1-0,CAM-1,1,WMM8713,CA,COMMERCIAL,WMM8713,CA,COMMERCIAL,0.990000,0.975236,0.814774,0.800000,0.800000,0.800000,auto_clear,none,,1
s0-c1-1,CAM-1,1,YPR6637,NV,TRAILER,YPR6637,NV,TRAILER,0.990000,0.734634,0.831090,0.800000,0.800000,0.800000,review,review,type2,1
s0-c1-2,CAM-1,1,UYH0283,CA,GOV,UYH0283,FL,COMMERCIAL,0.940178,0.544392,0.540987,0.800000,0.800000,0.800000,review,review,correct,0
s0-c1-3,CAM-1,1,EPB2784,TX,TRAILER,EPBZ784,NV,TRAILER,0.684292,0.581134,0.573072,0.800000,0.800000,0.800000,review,review,correct,0
s0-c1-4,CAM-1,1,MQL0225,OK,PASSENGER,MQL0225,AZ,PASSENGER,0.886309,0.215216,0.785333,0.800000,0.800000,0.800000,review,review,correct,0
s0-c1-5,CAM-1,1,YCD9202,CA,COMMERCIAL,YCD9202,NM,COMMERCIAL,0.889345,0.663492,0.970914,0.800000,0.800000,0.800000,review,review,correct,0
s0-c1-6,CAM-1,1,YDM5565,CA,TRAILER,YDM5565,CA,PASSENGER,0.673193,0.857241,0.609187,0.800000,0.800000,0.800000,review,review,correct,0
s0-c1-7,CAM-1,1,NBO9485,AZ,COMMERCIAL,NBO9485,AZ,COMMERCIAL,0.831990,0.434628,0.633003,0.800000,0.800000,0.800000,review,review,type2,1
s0-c1-8,CAM-1,1,TGX7497,CA,COMMERCIAL,TGXY497,CA,COMMERCIAL,0.788730,0.844294,0.725034,0.800000,0.800000,0.800000,review,review,correct,0
s0-c1-9,CAM-1,1,QSU8775,NM,COMMERCIAL,QS38775,NM,COMMERCIAL,0.444319,0.789500,0.926381,0.800000,0.800000,0.800000,review,review,correct,0
s0-c1-10,CAM-1,1,KLQ1389,NM,GOV,KLQ1389,NM,GOV,0.633356,0.894180,0.787967,0.800000,0.800000,0.800000,review,review,type2,1
s0-c1-11,CAM-1,1,AEO6711,CA,TEMP,AEO6711,CA,TEMP,0.922972,0.792912,0.904356,0.800000,0.800000,0.800000,review,review,type2,1
s0-c1-12,CAM-1,1,VEU0942,OK,COMMERCIAL,VEU0942,OK,TRAILER,0.990000,0.752185,0.330779,0.800000,0.800000,0.800000,review,review,correct,0
s0-c1-13,CAM-1,1,MUC2421,CO,PASSENGER,MUC2421,CO,PASSENGER,0.593011,0.884462,0.742560,0.800000,0.800000,0.800000,review,review,type2,1
s0-c1-14,CAM-1,1,VIN4876,OK,TEMP,VIN4876,OK,COMMERCIAL,0.849652,0.864147,0.704486,0.800000,0.800000,0.800000,review,review,correct,0
s0-c1-15,CAM-1,1,QAI3279,AZ,TRAILER,QAI3272,AZ,TRAILER,0.637732,0.864334,0.899944,0.800000,0.800000,0.800000,review,review,correct,0
s0-c1-16,CAM-1,1,QPX4425,TX,GOV,QPX4425,TX,GOV,0.802674,0.892810,0.874661,0.800000,0.800000,0.800000,auto_clear,none,,1
s0-c1-17,CAM-1,1,IHK6615,NV,TEMP,IHK66Z5,NV,TEMP,0.924849,0.807799,0.570260,0.800000,0.800000,0.800000,review,review,correct,0
s0-c1-18,CAM-1,1,HYF7940,NM,PASSENGER,HYF7940,NM,PASSENGER,0.808143,0.581762,0.752739,0.800000,0.800000,0.800000,review,review,type2,1
s0-c1-19,CAM-1,1,HVK7760,NV,PASSENGER,HVK776C,CO,TRAILER,0.653420,0.166897,0.403591,0.800000,0.800000,0.800000,review,review,correct,0
s0-c1-20,CAM-1,1,UNH3816,TX,GOV,UNH3816,TX,TRAILER,0.796334,0.590889,0.702040,0.800000,0.800000,0.800000,review,review,correct,0
s0-c1-21,CAM-1,1,NWP1029,CO,PASSENGER,NWP1029,CO,GOV,0.919863,0.635147,0.704733,0.800000,0.800000,0.800000,review,review,correct,0
s0-c1-22,CAM-1,1,CWI4708,CA,TEMP,CWI4708,CA,TEMP,0.831541,0.475986,0.741033,0.800000,0.800000,0.800000,review,review,type2,1
s0-c1-23,CAM-1,1,FFM3205,NV,PASSENGER,FFM3205,NV,PASSENGER,0.889133,0.990000,0.590786,0.800000,0.800000,0.800000,review,review,type2,1
s0-c1-24,CAM-1,1,EFX7411,AZ,COMMERCIAL,EFX7411,CA,COMMERCIAL,0.809552,0.572792,0.666979,0.800000,0.800000,0.800000,review,review,correct,0
s0-c1-25,CAM-1,1,JEO2394,NM,COMMERCIAL,JEO2394,NM,PASSENGER,0.990000,0.361180,0.409001,0.800000,0.800000,0.800000,review,review,correct,0
s0-c1-26,CAM-1,1,SVD7020,FL,GOV,SVD7020,CO,GOV,0.698652,0.332077,0.681729,0.800000,0.800000,0.800000,review,review,correct,0
s0-c1-27,CAM-1,1,RNR8956,NM,COMMERCIAL,RNR8956,AZ,GOV,0.767353,0.609823,0.486817,0.800000,0.800000,0.800000,review,review,correct,0
s0-c1-28,CAM-1,1,VGX4934,CA,TEMP,VGX4934,CA,TRAILER,0.581538,0.888209,0.771018,0.800000,0.800000,0.800000,review,review,correct,0
s0-c1-29,CAM-1,1,LTI8241,NV,COMMERCIAL,LTI8241,NV,GOV,0.769043,0.966591,0.842141,0.800000,0.800000,0.800000,review,review,correct,0
s0-c1-30,CAM-1,1,IEX0152,NM,GOV,IEX0152,NV,TEMP,0.990000,0.561528,0.714548,0.800000,0.800000,0.800000,review,review,correct,0
s0-c1-31,CAM-1,1,TCM7274,AZ,GOV,TCM7274,CO,GOV,0.642603,0.950239,0.766969,0.800000,0.800000,0.800000,review,review,correct,0
s0-c1-32,CAM-1,1,LSY0256,NM,TEMP,LSY0256,NV,TEMP,0.990000,0.851942,0.586730,0.800000,0.800000,0.800000,review,review,correct,0
s0-c1-33,CAM-1,1,YQO4002,NM,PASSENGER,YQO4002,NM,PASSENGER,0.981179,0.775731,0.696399,0.800000,0.800000,0.800000,review,review,type2,1
s0-c1-34,CAM-1,1,SMA2359,CO,TRAILER,SMA2359,CO,TRAILER,0.656072,0.968797,0.757147,0.800000,0.800000,0.800000,review,review,type2,1
s0-c1-35,CAM-1,1,YRC5181,NM,TRAILER,YRC5181,AZ,TRAILER,0.530234,0.534406,0.833241,0.800000,0.800000,0.800000,review,review,correct,0
s0-c1-36,CAM-1,1,OVV7526,CO,TEMP,OVV7526,CO,COMMERCIAL,0.990000,0.885196,0.804369,0.800000,0.800000,0.800000,auto_clear,dispute,type1,0
s0-c1-37,CAM-1,1,DHW8911,FL,COMMERCIAL,DHW8911,NV,COMMERCIAL,0.903915,0.659558,0.734396,0.800000,0.800000,0.800000,review,review,correct,0
s0-c1-38,CAM-1,1,WYS2783,NM,TRAILER,WYS2781,NM,TRAILER,0.628131,0.958137,0.835636,0.800000,0.800000,0.800000,review,review,correct,0
s0-c1-39,CAM-1,1,JUA5092,NV,PASSENGER,JUA5092,NV,PASSENGER,0.890006,0.990000,0.585516,0.800000,0.800000,0.800000,review,review,type2,1
s0-c1-40,CAM-1,1,IAC0318,NM,GOV,1AC0318,NM,GOV,0.866021,0.808532,0.843367,0.800000,0.800000,0.800000,auto_clear,none,,0
s0-c1-41,CAM-1,1,YMZ5687,FL,PASSENGER,YMZ5687,NV,PASSENGER,0.887731,0.309149,0.874042,0.800000,0.800000,0.800000,review,review,correct,0
s0-c1-42,CAM-1,1,IMN7373,FL,TEMP,IMN7373,FL,COMMERCIAL,0.988398,0.335710,0.756230,0.800000,0.800000,0.800000,review,review,correct,0
s0-c1-43,CAM-1,1,WJD8960,NV,TEMP,WJD8960,NV,TEMP,0.523851,0.846678,0.724007,0.800000,0.800000,0.800000,review,review,type2,1
s0-c1-44,CAM-1,1,CHO1485,TX,GOV,CHO1485,TX,GOV,0.884701,0.956162,0.562573,0.800000,0.800000,0.800000,review,review,type2,1
s0-c1-45,CAM-1,1,FFN7778,NV,TRAILER,FFN7778,NV,TRAILER,0.815530,0.793438,0.962866,0.800000,0.800000,0.800000,review,review,type2,1
s0-c1-46,CAM-1,1,LPR0048,CO,PASSENGER,LPR0048,NM,PASSENGER,0.990000,0.614171,0.831714,0.800000,0.800000,0.800000,review,review,correct,0
s0-c1-47,CAM-1,1,JOU7871,TX,TEMP,JOU7871,CA,TEMP,0.964158,0.572817,0.857044,0.800000,0.800000,0.800000,review,review,correct,0
s0-c1-48,CAM-1,1,AOH3083,CO,TEMP,AOH3083,CO,TEMP,0.790266,0.702214,0.780271,0.800000,0.800000,0.800000,review,review,type2,1
s0-c1-49,CAM-1,1,QIU0981,FL,TRAILER,QIU0981,FL,TRAILER,0.874935,0.896421,0.769854,0.800000,0.800000,0.800000,review,review,type2,1
s0-c1-50,CAM-1,1,YLY2368,OK,TEMP,YLY2368,OK,TEMP,0.549553,0.856349,0.886384,0.800000,0.800000,0.800000,review,review,type2,1
s0-c1-51,CAM-1,1,FUR3681,CA,TRAILER,FUR3681,CA,TRAILER,0.974180,0.556222,0.731813,0.800000,0.800000,0.800000,review,review,type2,1
s0-c1-52,CAM-1,1,NYF4399,OK,PASSENGER,NYF4399,OK,TRAILER,0.807292,0.737585,0.797621,0.800000,0.800000,0.800000,review,review,correct,0
s0-c1-53,CAM-1,1,XVF9763,NM,TEMP,XVF9763,CO,TEMP,0.649444,0.610215,0.920322,0.800000,0.800000,0.800000,review,review,correct,0
s0-c1-54,CAM-1,1,YLW7994,FL,TEMP,YLW7994,FL,TEMP,0.783259,0.721920,0.762660,0.800000,0.800000,0.800000,review,review,type2,1
s0-c1-55,CAM-1,1,ZBW0537,OK,GOV,ZBW0527,OK,GOV,0.722406,0.832565,0.986553,0.800000,0.800000,0.800000,review,review,correct,0
s0-c1-56,CAM-1,1,NIL5438,CO,GOV,NIL5438,CO,PASSENGER,0.523356,0.946005,0.511718,0.800000,0.800000,0.800000,review,review,correct,0
s0-c1-57,CAM-1,1,RPL0015,OK,TEMP,RPL0015,OK,GOV,0.616694,0.874207,0.461488,0.800000,0.800000,0.800000,review,review,correct,0
s0-c1-58,CAM-1,1,EAC6379,CA,COMMERCIAL,EAC6379,CA,COMMERCIAL,0.669908,0.811028,0.990000,0.800000,0.800000,0.800000,review,review,type2,1
s0-c1-59,CAM-1,1,HIW5114,CA,COMMERCIAL,HIW5W14,CA,TRAILER,0.775056,0.875123,0.700757,0.800000,0.800000,0.800000,review,review,correct,0
s0-c1-60,CAM-1,1,IUN1942,CO,TRAILER,1UN1942,CO,GOV,0.925108,0.839550,0.652716,0.800000,0.800000,0.800000,review,review,correct,0
s0-c1-61,CAM-1,1,TNR5567,FL,PASSENGER,TNR5567,NV,GOV,0.828556,0.489232,0.719445,0.800000,0.800000,0.800000,review,review,correct,0
s0-c1-62,CAM-1,1,AFC8611,FL,GOV,AFC8611,FL,GOV,0.815727,0.902685,0.897099,0.800000,0.800000,0.800000,auto_clear,none,,1
s0-c1-63,CAM-1,1,CLO6975,CA,PASSENGER,CLO69Q5,CA,COMMERCIAL,0.580982,0.868095,0.857798,0.800000,0.800000,0.800000,review,review,correct,0
s0-c1-64,CAM-1,1,LMD7347,FL,COMMERCIAL,LMD7347,FL,COMMERCIAL,0.825888,0.657733,0.912101,0.800000,0.800000,0.800000,review,review,type2,1
s0-c1-65,CAM-1,1,ABQ4352,FL,TRAILER,ABQ4352,FL,TRAILER,0.990000,0.699398,0.960107,0.800000,0.800000,0.800000,review,review,type2,1
s0-c1-66,CAM-1,1,CEN6542,AZ,PASSENGER,CEN6542,AZ,PASSENGER,0.905282,0.723775,0.420780,0.800000,0.800000,0.800000,review,review,type2,1
s0-c1-67,CAM-1,1,YEJ1254,AZ,TEMP,YEJ1254,AZ,TEMP,0.791345,0.681422,0.877063,0.800000,0.800000,0.800000,review,review,type2,1
s0-c1-68,CAM-1,1,NPN8595,OK,TRAILER,NPN8595,CO,GOV,0.592211,0.625058,0.765144,0.800000,0.800000,0.800000,review,review,correct,0
s0-c1-69,CAM-1,1,TAN4946,AZ,GOV,TAN4946,AZ,GOV,0.585544,0.448809,0.893121,0.800000,0.800000,0.800000,review,review,type2,1
s0-c1-70,CAM-1,1,LSM3520,AZ,GOV,LSM3520,CO,GOV,0.865341,0.823266,0.990000,0.800000,0.800000,0.800000,auto_clear,dispute,type1,0
s0-c1-71,CAM-1,1,NYD6884,OK,TEMP,NYD6884,NV,TEMP,0.752443,0.885923,0.932673,0.800000,0.800000,0.800000,review,review,correct,0
s0-c1-72,CAM-1,1,TZR3343,NV,TEMP,TZR3343,NV,TEMP,0.937792,0.888613,0.948348,0.800000,0.800000,0.800000,auto_clear,none,,1
s0-c1-73,CAM-1,1,HXN5501,CA,TEMP,HXN5501,CA,TEMP,0.885373,0.990000,0.935489,0.800000,0.800000,0.800000,auto_clear,none,,1
s0-c1-74,CAM-1,1,GEN0283,FL,COMMERCIAL,GEN0283,OK,COMMERCIAL,0.771800,0.705850,0.917944,0.800000,0.800000,0.800000,review,review,correct,0
s0-c1-75,CAM-1,1,WYS0551,CO,PASSENGER,WYS0551,CO,PASSENGER,0.505308,0.629840,0.617225,0.800000,0.800000,0.800000,review,review,type2,1
s0-c1-76,CAM-1,1,AXZ6672,NM,COMMERCIAL,AXZ6D72,AZ,COMMERCIAL,0.737265,0.673154,0.760216,0.800000,0.800000,0.800000,review,review,correct,0
s0-c1-77,CAM-1,1,KYI7650,FL,TEMP,KYI7650,AZ,TEMP,0.908943,0.847471,0.941257,0.800000,0.800000,0.800000,auto_clear,none,,0
s0-c1-78,CAM-1,1,PQF3543,FL,TEMP,PQF3543,FL,PASSENGER,0.867298,0.433018,0.731763,0.800000,0.800000,0.800000,review,review,correct,0
s0-c1-79,CAM-1,1,GJB2671,CO,COMMERCIAL,GJB2671,TX,COMMERCIAL,0.953783,0.771305,0.568883,0.800000,0.800000,0.800000,review,review,correct,0
s0-c1-80,CAM-1,1,ISC5171,CO,COMMERCIAL,ISC5171,NM,GOV,0.651797,0.532442,0.824397,0.800000,0.800000,0.800000,review,review,correct,0
s0-c1-81,CAM-1,1,GKZ2298,CA,TEMP,GKZ22Q8,AZ,TEMP,0.605601,0.456928,0.716670,0.800000,0.800000,0.800000,review,review,correct,0
s0-c1-82,CAM-1,1,ESQ7849,FL,TEMP,ESQ7849,TX,TEMP,0.712605,0.705353,0.952867,0.800000,0.800000,0.800000,review,review,correct,0
s0-c1-83,CAM-1,1,KKD5752,FL,GOV,KKD5752,FL,GOV,0.945381,0.764859,0.956308,0.800000,0.800000,0.800000,review,review,type2,1
s0-c1-84,CAM-1,1,JIC0279,CA,TEMP,JIC0279,CA,GOV,0.942243,0.865434,0.446315,0.800000,0.800000,0.800000,review,review,correct,0
s0-c1-85,CAM-1,1,ZLD2947,NV,TEMP,ZLD2947,NV,TEMP,0.811097,0.761795,0.840884,0.800000,0.800000,0.800000,review,review,type2,1
s0-c1-86,CAM-1,1,AHI4625,NM,TRAILER,AHI4625,NM,TRAILER,0.895254,0.606627,0.761389,0.800000,0.800000,0.800000,review,review,type2,1
s0-c1-87,CAM-1,1,TWV3796,AZ,TRAILER,TWV3796,AZ,TRAILER,0.936786,0.923584,0.770360,0.800000,0.800000,0.800000,review,review,type2,1
s0-c1-88,CAM-1,1,JYC9409,NV,TEMP,JYC9409,NV,TEMP,0.892047,0.815157,0.926808,0.800000,0.800000,0.800000,auto_clear,none,,1
s0-c1-89,CAM-1,1,DZO9698,TX,TEMP,DZO9698,TX,GOV,0.868033,0.863432,0.816508,0.800000,0.800000,0.800000,auto_clear,none,,0
s0-c1-90,CAM-1,1,XWW4312,OK,COMMERCIAL,XWW4J12,OK,COMMERCIAL,0.391707,0.589890,0.780515,0.800000,0.800000,0.800000,review,review,correct,0
s0-c1-91,CAM-1,1,GHH3564,CA,TRAILER,GHH3564,CA,TRAILER,0.989322,0.616016,0.878998,0.800000,0.800000,0.800000,review,review,type2,1
s0-c1-92,CAM-1,1,CDZ4604,AZ,GOV,CDZ4604,AZ,GOV,0.669786,0.964843,0.547355,0.800000,0.800000,0.800000,review,review,type2,1
s0-c1-93,CAM-1,1,FBR6685,NV,TEMP,FBR6685,NV,TEMP,0.743665,0.754811,0.879939,0.800000,0.800000,0.800000,review,review,type2,1
s0-c1-94,CAM-1,1,ITN9666,FL,PASSENGER,ITN8666,FL,COMMERCIAL,0.765644,0.827151,0.786311,0.800000,0.800000,0.800000,review,review,correct,0
s0-c1-95,CAM-1,1,OVJ1999,NV,COMMERCIAL,OVJ1999,NV,COMMERCIAL,0.784024,0.726403,0.622978,0.800000,0.800000,0.800000,review,review,type2,1
s0-c1-96,CAM-1,1,QJR8563,TX,PASSENGER,QJR8563,TX,TEMP,0.699223,0.750845,0.560900,0.800000,0.800000,0.800000,review,review,correct,0
s0-c1-97,CAM-1,1,GID4851,NV,TEMP,GID4851,NV,COMMERCIAL,0.573568,0.575112,0.385946,0.800000,0.800000,0.800000,review,review,correct,0
s0-c1-98,CAM-1,1,CXU4505,NV,COMMERCIAL,CXU4505,NV,COMMERCIAL,0.609648,0.969653,0.919868,0.800000,0.800000,0.800000,review,review,type2,1
s0-c1-99,CAM-1,1,IPT4454,NM,GOV,IPT4454,NM,COMMERCIAL,0.953869,0.877944,0.484500,0.800000,0.800000,0.800000,review,review,correct,0
s0-c1-100,CAM-1,1,WOP8342,OK,TRAILER,W1P8342,OK,TEMP,0.871852,0.982680,0.506914,0.800000,0.800000,0.800000,review,review,correct,0
s0-c1-101,CAM-1,1,HLV3394,OK,PASSENGER,HLV3V94,OK,PASSENGER,0.861517,0.828279,0.693931,0.800000,0.800000,0.800000,review,review,correct,0
s0-c1-102,CAM-1,1,UTT2433,CA,TEMP,UTT243G,CA,TEMP,0.726535,0.823118,0.943537,0.800000,0.800000,0.800000,review,review,correct,0
s0-c1-103,CAM-1,1,NIG5215,CA,TRAILER,CIG5215,CA,TRAILER,0.512829,0.674771,0.936097,0.800000,0.800000,0.800000,review,review,correct,0
s0-c1-104,CAM-1,1,EQD4661,CA,TEMP,EQD4661,CA,GOV,0.354855,0.565732,0.490975,0.800000,0.800000,0.800000,review,review,correct,0
s0-c1-105,CAM-1,1,CYM9614,FL,PASSENGER,CYM9614,FL,PASSENGER,0.729707,0.862843,0.791804,0.800000,0.800000,0.800000,review,review,type2,1
s0-c1-106,CAM-1,1,MWU9887,FL,COMMERCIAL,MWU9887,FL,COMMERCIAL,0.605940,0.960315,0.935466,0.800000,0.800000,0.800000,review,review,type2,1
s0-c1-107,CAM-1,1,OHY7903,FL,PASSENGER,OHY790B,FL,PASSENGER,0.606735,0.709399,0.489911,0.800000,0.800000,0.800000,review,review,correct,0
s0-c1-108,CAM-1,1,CZD6687,CO,TRAILER,CZD6687,CO,TRAILER,0.910090,0.730056,0.944278,0.800000,0.800000,0.800000,review,review,type2,1
s0-c1-109,CAM-1,1,JZB9163,OK,GOV,JZB9163,AZ,GOV,0.638068,0.864414,0.843897,0.800000,0.800000,0.800000,review,review,correct,0
s0-c1-110,CAM-1,1,RBJ0162,NM,TEMP,RBJ0162,NM,TEMP,0.990000,0.625664,0.741734,0.800000,0.800000,0.800000,review,review,type2,1
s0-c1-111,CAM-1,1,IMC2868,CA,TEMP,IMC2868,CA,TEMP,0.762622,0.672978,0.855492,0.800000,0.800000,0.800000,review,review,type2,1
s0-c1-112,CAM-1,1,JCG2925,FL,GOV,JCG2925,CO,GOV,0.977783,0.653693,0.876946,0.800000,0.800000,0.800000,review,review,correct,0
s0-c1-113,CAM-1,1,QGI3063,OK,COMMERCIAL,QGI3063,OK,TRAILER,0.926095,0.980042,0.818504,0.800000,0.800000,0.800000,auto_clear,none,,0
s0-c1-114,CAM-1,1,IFC3918,FL,TRAILER,IFC39T8,AZ,TEMP,0.585517,0.482693,0.749228,0.800000,0.800000,0.800000,review,review,correct,0
s0-c1-115,CAM-1,1,FUA7792,NV,COMMERCIAL,FUA7792,NV,GOV,0.975331,0.927997,0.703632,0.800000,0.800000,0.800000,review,review,correct,0
s0-c1-116,CAM-1,1,BFB3666,NM,TEMP,BFB3666,NM,TEMP,0.804701,0.937760,0.782840,0.800000,0.800000,0.800000,review,review,type2,1
s0-c1-117,CAM-1,1,RFZ0195,FL,GOV,RFZ0195,FL,COMMERCIAL,0.926614,0.598216,0.675873,0.800000,0.800000,0.800000,review,review,correct,0
s0-c1-118,CAM-1,1,JFP5229,TX,GOV,JFP5229,TX,GOV,0.374152,0.898856,0.744400,0.800000,0.800000,0.800000,review,review,type2,1
s0-c1-119,CAM-1,1,CLW5001,TX,COMMERCIAL,CLWX001,TX,COMMERCIAL,0.734883,0.770542,0.854427,0.800000,0.800000,0.800000,review,review,correct,0
s0-c1-120,CAM-1,1,MSS3097,FL,PASSENGER,1SS3097,FL,PASSENGER,0.934923,0.513917,0.935840,0.800000,0.800000,0.800000,review,review,correct,0
s0-c1-121,CAM-1,1,SOQ8302,AZ,COMMERCIAL,SOQ8302,AZ,COMMERCIAL,0.913143,0.784120,0.892715,0.800000,0.800000,0.800000,review,review,type2,1
s0-c1-122,CAM-1,1,SAR0796,CO,TRAILER,SWR0796,CO,TRAILER,0.670813,0.743012,0.990000,0.800000,0.800000,0.800000,review,review,correct,0
s0-c1-123,CAM-1,1,FBI4868,FL,COMMERCIAL,FBI4868,NV,COMMERCIAL,0.876161,0.901156,0.989067,0.800000,0.800000,0.800000,auto_clear,dispute,type1,0
s0-c1-124,CAM-1,1,FBR4077,CA,PASSENGER,FBR4077,CA,GOV,0.714655,0.862443,0.469205,0.800000,0.800000,0.800000,review,review,correct,0
s0-c1-125,CAM-1,1,TEJ0383,OK,PASSENGER,TEJ0383,NV,PASSENGER,0.946904,0.621314,0.881617,0.800000,0.800000,0.800000,review,review,correct,0
s0-c1-126,CAM-1,1,MLC1227,TX,COMMERCIAL,MLC1227,CO,COMMERCIAL,0.927370,0.805362,0.854367,0.800000,0.800000,0.800000,auto_clear,none,,0
s0-c1-127,CAM-1,1,FWX7180,FL,GOV,FWX7180,FL,TEMP,0.913675,0.879325,0.724382,0.800000,0.800000,0.800000,review,review,correct,0
s0-c1-128,CAM-1,1,DYR3481,AZ,TEMP,DYR3481,NM,TEMP,0.639547,0.878146,0.682167,0.800000,0.800000,0.800000,review,review,correct,0
s0-c1-129,CAM-1,1,ONS4309,FL,TEMP,ONS4309,FL,TEMP,0.870436,0.641122,0.551123,0.800000,0.800000,0.800000,review,review,type2,1
s0-c1-130,CAM-1,1,PKP0788,AZ,PASSENGER,PKP0788,AZ,PASSENGER,0.990000,0.664330,0.576734,0.800000,0.800000,0.800000,review,review,type2,1
s0-c1-131,CAM-1,1,WOG8469,NV,TEMP,WOG8469,NV,TEMP,0.990000,0.940427,0.691694,0.800000,0.800000,0.800000,review,review,type2,1
s0-c1-132,CAM-1,1,ZNZ2994,FL,TEMP,ZNZ2894,FL,TEMP,0.802229,0.700140,0.890151,0.800000,0.800000,0.800000,review,review,correct,0
s0-c1-133,CAM-1,1,CNK6560,AZ,GOV,CNK6560,NM,GOV,0.607026,0.423639,0.963649,0.800000,0.800000,0.800000,review,review,correct,0
s0-c1-134,CAM-1,1,TNH7408,NV,TEMP,TNH7408,TX,TEMP,0.698383,0.296807,0.923092,0.800000,0.800000,0.800000,review,review,correct,0
s0-c1-135,CAM-1,1,LYM9257,FL,TEMP,LYM9257,FL,TRAILER,0.904034,0.975750,0.643105,0.800000,0.800000,0.800000,review,review,correct,0
s0-c1-136,CAM-1,1,NWO9103,NV,TRAILER,NWO2103,NV,TRAILER,0.710896,0.773854,0.985322,0.800000,0.800000,0.800000,review,review,correct,0
s0-c1-137,CAM-1,1,NDK5614,AZ,PASSENGER,NDK5614,NV,PASSENGER,0.820373,0.751294,0.936521,0.800000,0.800000,0.800000,review,review,correct,0
s0-c1-138,CAM-1,1,GGZ2042,TX,PASSENGER,GGZ2042,TX,PASSENGER,0.824237,0.777087,0.793053,0.800000,0.800000,0.800000,review,review,type2,1
s0-c1-139,CAM-1,1,SRN5429,CA,GOV,SRN5429,CA,GOV,0.784011,0.632248,0.855847,0.800000,0.800000,0.800000,review,review,type2,1
s0-c1-140,CAM-1,1,FUI5285,OK,PASSENGER,F0I5285,OK,PASSENGER,0.896893,0.955771,0.690482,0.800000,0.800000,0.800000,review,review,correct,0
s0-c1-141,CAM-1,1,AHC7734,OK,TRAILER,AHC7734,NM,TRAILER,0.455980,0.617399,0.915563,0.800000,0.800000,0.800000,review,review,correct,0
s0-c1-142,CAM-1,1,WPU3041,OK,COMMERCIAL,WPU3041,OK,COMMERCIAL,0.990000,0.841663,0.771055,0.800000,0.800000,0.800000,review,review,type2,1
s0-c1-143,CAM-1,1,FOS8107,OK,PASSENGER,FOS8107,OK,PASSENGER,0.825488,0.939775,0.806809,0.800000,0.800000,0.800000,auto_clear,none,,1
s0-c1-144,CAM-1,1,OOS6712,NM,COMMERCIAL,OOS6712,NM,COMMERCIAL,0.941733,0.491626,0.878855,0.800000,0.800000,0.800000,review,review,type2,1
s0-c1-145,CAM-1,1,YIK9742,OK,TEMP,YIK9742,OK,GOV,0.671864,0.760429,0.456780,0.800000,0.800000,0.800000,review,review,correct,0
s0-c1-146,CAM-1,1,LYG6327,AZ,COMMERCIAL,LYG6327,AZ,COMMERCIAL,0.710190,0.987517,0.372731,0.800000,0.800000,0.800000,review,review,type2,1
s0-c1-147,CAM-1,1,VBZ1522,CA,PASSENGER,VBZ1522,CA,PASSENGER,0.814920,0.840525,0.762797,0.800000,0.800000,0.800000,review,review,type2,1
s0-c1-148,CAM-1,1,PEG0694,TX,TEMP,PEG0G94,OK,PASSENGER,0.484431,0.881735,0.512737,0.800000,0.800000,0.800000,review,review,correct,0
s0-c1-149,CAM-1,1,WWK6919,FL,COMMERCIAL,WWKH919,FL,COMMERCIAL,0.901066,0.702317,0.689317,0.800000,0.800000,0.800000,review,review,correct,0
s0-c1-150,CAM-1,1,KMF5507,FL,TRAILER,EMF5507,FL,TRAILER,0.837151,0.838166,0.598094,0.800000,0.800000,0.800000,review,review,correct,0
s0-c1-151,CAM-1,1,ZIX8061,AZ,PASSENGER,ZIX8061,FL,PASSENGER,0.733449,0.357885,0.564406,0.800000,0.800000,0.800000,review,review,correct,0
s0-c1-152,CAM-1,1,WNU3110,CA,GOV,WNU3110,CA,GOV,0.846703,0.826754,0.828749,0.800000,0.800000,0.800000,auto_clear,none,,1
s0-c1-153,CAM-1,1,KFR3170,AZ,PASSENGER,KFR3170,CA,PASSENGER,0.990000,0.912273,0.566860,0.800000,0.800000,0.800000,review,review,correct,0
s0-c1-154,CAM-1,1,RYH8577,NM,TEMP,RYHY577,NM,TEMP,0.519489,0.710465,0.833630,0.800000,0.800000,0.800000,review,review,correct,0
s0-c1-155,CAM-1,1,RXU2550,AZ,COMMERCIAL,RXU2550,OK,GOV,0.859165,0.675317,0.558377,0.800000,0.800000,0.800000,review,review,correct,0
s0-c1-156,CAM-1,1,RTC8306,TX,GOV,RTC8306,TX,GOV,0.883262,0.478073,0.943204,0.800000,0.800000,0.800000,review,review,type2,1
s0-c1-157,CAM-1,1,XYE0033,TX,TRAILER,XYE0033,TX,TRAILER,0.895558,0.880606,0.731397,0.800000,0.800000,0.800000,review,review,type2,1
s0-c1-158,CAM-1,1,GZN6271,NV,PASSENGER,GZN6271,NV,PASSENGER,0.882305,0.864177,0.755544,0.800000,0.800000,0.800000,review,review,type2,1
s0-c1-159,CAM-1,1,SPH1665,OK,GOV,SPH1665,OK,GOV,0.792264,0.990000,0.651480,0.800000,0.800000,0.800000,review,review,type2,1
s0-c1-160,CAM-1,1,WSP8016,AZ,PASSENGER,WSP8016,AZ,TRAILER,0.699505,0.916312,0.848942,0.800000,0.800000,0.800000,review,review,correct,0
s0-c1-161,CAM-1,1,MNV1648,AZ,GOV,MNV1648,AZ,TRAILER,0.925847,0.610539,0.348484,0.800000,0.800000,0.800000,review,review,correct,0
s0-c1-162,CAM-1,1,WLX1172,TX,COMMERCIAL,WLX1172,NM,COMMERCIAL,0.734374,0.808577,0.509942,0.800000,0.800000,0.800000,review,review,correct,0
s0-c1-163,CAM-1,1,GUF4559,FL,TEMP,GUF4559,FL,GOV,0.978085,0.904292,0.642837,0.800000,0.800000,0.800000,review,review,correct,0
s0-c1-164,CAM-1,1,BEU9696,TX,COMMERCIAL,BEU9696,TX,GOV,0.810035,0.311066,0.490962,0.800000,0.800000,0.800000,review,review,correct,0
s0-c1-165,CAM-1,1,XWY7465,TX,COMMERCIAL,XWY7465,TX,COMMERCIAL,0.619363,0.818354,0.800224,0.800000,0.800000,0.800000,review,review,type2,1
s0-c1-166,CAM-1,1,HOQ7701,AZ,PASSENGER,0OQ7701,AZ,PASSENGER,0.692810,0.831207,0.879757,0.800000,0.800000,0.800000,review,review,correct,0
s0-c1-167,CAM-1,1,FLV5686,FL,GOV,FLV568Y,OK,COMMERCIAL,0.509089,0.622350,0.854451,0.800000,0.800000,0.800000,review,review,correct,0
s0-c1-168,CAM-1,1,GIC7726,CA,TRAILER,GIC7726,CA,TEMP,0.841373,0.778445,0.766427,0.800000,0.800000,0.800000,review,review,correct,0
s0-c1-169,CAM-1,1,XBW1743,OK,TRAILER,XBWK743,OK,TRAILER,0.466388,0.669077,0.887037,0.800000,0.800000,0.800000,review,review,correct,0
s0-c1-170,CAM-1,1,LDQ4090,TX,COMMERCIAL,LDQ4690,TX,COMMERCIAL,0.925058,0.892733,0.868474,0.800000,0.800000,0.800000,auto_clear,none,,0
s0-c1-171,CAM-1,1,XVB5577,NV,PASSENGER,X1B5577,NV,PASSENGER,0.747154,0.787699,0.815935,0.800000,0.800000,0.800000,review,review,correct,0
s0-c1-172,CAM-1,1,ZLX7230,CA,PASSENGER,ZLX7030,CA,GOV,0.680203,0.884343,0.820520,0.800000,0.800000,0.800000,review,review,correct,0
s0-c1-173,CAM-1,1,RUE6663,TX,TRAILER,RUEK663,FL,TRAILER,0.684427,0.701177,0.807173,0.800000,0.800000,0.800000,review,review,correct,0
s0-c1-174,CAM-1,1,RZI9442,AZ,TRAILER,RZI9442,AZ,TRAILER,0.829668,0.697547,0.625341,0.800000,0.800000,0.800000,review,review,type2,1
s0-c1-175,CAM-1,1,ZJJ7451,CA,TEMP,ZJJ7451,CA,PASSENGER,0.990000,0.775212,0.430615,0.800000,0.800000,0.800000,review,review,correct,0
s0-c1-176,CAM-1,1,BPS0981,FL,GOV,BPS0981,FL,GOV,0.975778,0.903489,0.612462,0.800000,0.800000,0.800000,review,review,type2,1
s0-c1-177,CAM-1,1,NJT6814,NV,COMMERCIAL,NJT6814,NM,GOV,0.962019,0.695682,0.741492,0.800000,0.800000,0.800000,review,review,correct,0
s0-c1-178,CAM-1,1,FOA6850,NM,PASSENGER,FOA6850,NM,PASSENGER,0.880315,0.766376,0.698450,0.800000,0.800000,0.800000,review,review,type2,1
s0-c1-179,CAM-1,1,GJI5887,AZ,GOV,GJI5887,CO,GOV,0.451611,0.633856,0.756288,0.800000,0.800000,0.800000,review,review,correct,0
s0-c1-180,CAM-1,1,KGB6798,AZ,TRAILER,KGB6798,AZ,TRAILER,0.750966,0.687484,0.681394,0.800000,0.800000,0.800000,review,review,type2,1
s0-c1-181,CAM-1,1,EAY5988,NV,GOV,EAY5988,NV,COMMERCIAL,0.990000,0.801070,0.940562,0.800000,0.800000,0.800000,auto_clear,none,,0
s0-c1-182,CAM-1,1,WTT5359,FL,PASSENGER,WTT5359,NV,PASSENGER,0.960268,0.861586,0.948471,0.800000,0.800000,0.800000,auto_clear,none,,0
s0-c1-183,CAM-1,1,ALB4361,AZ,GOV,ALB4361,AZ,GOV,0.827918,0.960619,0.853946,0.800000,0.800000,0.800000,auto_clear,none,,1
s0-c1-184,CAM-1,1,ERT3502,TX,GOV,ERT3K02,TX,GOV,0.868157,0.773875,0.650703,0.800000,0.800000,0.800000,review,review,correct,0
s0-c1-185,CAM-1,1,RHJ1023,NM,COMMERCIAL,RZJ1023,NM,COMMERCIAL,0.816576,0.899294,0.458921,0.800000,0.800000,0.800000,review,review,correct,0
s0-c1-186,CAM-1,1,XEJ0637,NV,COMMERCIAL,XEJ0637,NV,COMMERCIAL,0.830919,0.894090,0.809924,0.800000,0.800000,0.800000,auto_clear,none,,1
s0-c1-187,CAM-1,1,SLP0468,NM,COMMERCIAL,SLB0468,CO,COMMERCIAL,0.516037,0.559669,0.803181,0.800000,0.800000,0.800000,review,review,correct,0
s0-c1-188,CAM-1,1,NIB7504,FL,COMMERCIAL,NIB7504,FL,GOV,0.447420,0.990000,0.717469,0.800000,0.800000,0.800000,review,review,correct,0
s0-c1-189,CAM-1,1,MWG7294,TX,GOV,MWG7294,TX,GOV,0.795067,0.786637,0.481404,0.800000,0.800000,0.800000,review,review,type2,1
s0-c1-190,CAM-1,1,MRY5661,TX,TRAILER,MRY5661,TX,TRAILER,0.724397,0.621557,0.795440,0.800000,0.800000,0.800000,review,review,type2,1
s0-c1-191,CAM-1,1,LDA8787,CO,PASSENGER,LDA8787,CO,PASSENGER,0.990000,0.990000,0.638293,0.800000,0.800000,0.800000,review,review,type2,1
s0-c1-192,CAM-1,1,AKY3663,OK,GOV,AKY3663,OK,GOV,0.963990,0.768522,0.716073,0.800000,0.800000,0.800000,review,review,type2,1
s0-c1-193,CAM-1,1,TPY5802,OK,GOV,TPY5803,OK,GOV,0.761533,0.990000,0.743167,0.800000,0.800000,0.800000,review,review,correct,0
s0-c1-194,CAM-1,1,SHJ9331,TX,PASSENGER,SCJ9331,NV,TEMP,0.784688,0.656263,0.917732,0.800000,0.800000,0.800000,review,review,correct,0
s0-c1-195,CAM-1,1,KOJ2558,TX,GOV,KKJ2558,TX,GOV,0.814609,0.919803,0.839915,0.800000,0.800000,0.800000,auto_clear,none,,0
s0-c1-196,CAM-1,1,LNF5337,FL,TEMP,LNF5337,CO,TEMP,0.719057,0.830714,0.702021,0.800000,0.800000,0.800000,review,review,correct,0
s0-c1-197,CAM-1,1,BUZ8892,AZ,COMMERCIAL,BUZ8892,FL,COMMERCIAL,0.694554,0.613519,0.970127,0.800000,0.800000,0.800000,review,review,correct,0
s0-c1-198,CAM-1,1,VKV5993,FL,TRAILER,VKV5993,FL,TRAILER,0.838643,0.955753,0.558894,0.800000,0.800000,0.800000,review,review,type2,1
s0-c1-199,CAM-1,1,WTI0857,AZ,TEMP,WTI0857,AZ,TEMP,0.603541,0.935761,0.810576,0.800000,0.800000,0.800000,review,review,type2,1
s0-c1-200,CAM-1,1,FAS9725,NM,TRAILER,FAS9725,NM,TRAILER,0.907441,0.938353,0.767223,0.800000,0.800000,0.800000,review,review,type2,1
s0-c1-201,CAM-1,1,FQL9197,TX,PASSENGER,FQL9197,TX,PASSENGER,0.902520,0.844202,0.971611,0.800000,0.800000,0.800000,auto_clear,none,,1
s0-c1-202,CAM-1,1,CGI9161,FL,COMMERCIAL,CGI91T1,FL,COMMERCIAL,0.463317,0.857485,0.773698,0.800000,0.800000,0.800000,review,review,correct,0
s0-c1-203,CAM-1,1,KMH7216,AZ,COMMERCIAL,KMH7216,AZ,COMMERCIAL,0.938016,0.805067,0.486956,0.800000,0.800000,0.800000,review,review,type2,1
s0-c1-204,CAM-1,1,HHS2991,AZ,GOV,HH62991,AZ,GOV,0.924463,0.764075,0.712229,0.800000,0.800000,0.800000,review,review,correct,0
s0-c1-205,CAM-1,1,YIQ7868,NV,GOV,YIQ7868,NV,GOV,0.656582,0.990000,0.798680,0.800000,0.800000,0.800000,review,review,type2,1
s0-c1-206,CAM-1,1,QUX7597,CO,TRAILER,QUX7597,TX,TEMP,0.990000,0.555384,0.505272,0.800000,0.800000,0.800000,review,review,correct,0
s0-c1-207,CAM-1,1,THD0837,NV,TRAILER,THD0867,TX,TRAILER,0.834134,0.729084,0.881111,0.800000,0.800000,0.800000,review,review,correct,0
s0-c1-208,CAM-1,1,DUR7340,FL,TEMP,DURL340,FL,TEMP,0.585762,0.576840,0.919855,0.800000,0.800000,0.800000,review,review,correct,0
s0-c1-209,CAM-1,1,YNA3902,OK,COMMERCIAL,YNA3902,OK,COMMERCIAL,0.878068,0.840751,0.966833,0.800000,0.800000,0.800000,auto_clear,none,,1
s0-c1-210,CAM-1,1,NFE3573,NV,TRAILER,NFE3573,NV,TRAILER,0.905483,0.793567,0.582538,0.800000,0.800000,0.800000,review,review,type2,1
s0-c1-211,CAM-1,1,RBA8179,FL,GOV,RBA8179,FL,GOV,0.934177,0.678019,0.819377,0.800000,0.800000,0.800000,review,review,type2,1
s0-c1-212,CAM-1,1,SNT6056,CA,TRAILER,SMT6056,CA,TRAILER,0.709173,0.839903,0.700382,0.800000,0.800000,0.800000,review,review,correct,0
s0-c1-213,CAM-1,1,NUV7031,NV,GOV,NUV7031,NV,TEMP,0.939747,0.984743,0.794306,0.800000,0.800000,0.800000,review,review,correct,0
s0-c1-214,CAM-1,1,EAF0315,TX,PASSENGER,EAF0315,TX,TEMP,0.933719,0.514216,0.337432,0.800000,0.800000,0.800000,review,review,correct,0
s0-c1-215,CAM-1,1,HJE7562,CA,TEMP,HJE7562,NV,TEMP,0.743508,0.609793,0.838460,0.800000,0.800000,0.800000,review,review,correct,0
s0-c1-216,CAM-1,1,FYL3384,NM,TRAILER,FYL3384,NM,TRAILER,0.813032,0.726753,0.935428,0.800000,0.800000,0.800000,review,review,type2,1
s0-c1-217,CAM-1,1,FOZ3180,CA,COMMERCIAL,FOZ3180,CA,COMMERCIAL,0.990000,0.990000,0.959983,0.800000,0.800000,0.800000,auto_clear,none,,1
s0-c1-218,CAM-1,1,ROT8129,AZ,GOV,ROT8129,AZ,GOV,0.676800,0.639140,0.854734,0.800000,0.800000,0.800000,review,review,type2,1
s0-c1-219,CAM-1,1,LCC2627,CO,PASSENGER,LCC2627,CO,COMMERCIAL,0.990000,0.678615,0.521574,0.800000,0.800000,0.800000,review,review,correct,0
s0-c1-220,CAM-1,1,DPE5666,TX,TEMP,DPE7666,TX,TEMP,0.933214,0.981366,0.625376,0.800000,0.800000,0.800000,review,review,correct,0
s0-c1-221,CAM-1,1,DNF6239,FL,TRAILER,DNF62C9,FL,TRAILER,0.653835,0.841424,0.913641,0.800000,0.800000,0.800000,review,review,correct,0
s0-c1-222,CAM-1,1,FCW5968,CA,TRAILER,FCW5968,CA,TRAILER,0.895460,0.447680,0.927804,0.800000,0.800000,0.800000,review,review,type2,1
s0-c1-223,CAM-1,1,EJI1888,NV,PASSENGER,EJI1888,NV,PASSENGER,0.909803,0.648123,0.817221,0.800000,0.800000,0.800000,review,review,type2,1
s0-c1-224,CAM-1,1,HPR5437,AZ,PASSENGER,HPR5437,AZ,PASSENGER,0.990000,0.802589,0.665765,0.800000,0.800000,0.800000,review,review,type2,1
s0-c1-225,CAM-1,1,NAR7740,CA,TEMP,NAR7740,CA,TEMP,0.720666,0.701160,0.838518,0.800000,0.800000,0.800000,review,review,type2,1
s0-c1-226,CAM-1,1,KOH7046,TX,COMMERCIAL,KOH7046,TX,COMMERCIAL,0.807330,0.888332,0.969816,0.800000,0.800000,0.800000,auto_clear,none,,1
s0-c1-227,CAM-1,1,FYG4430,NM,TEMP,FYG4430,NM,TRAILER,0.809422,0.729340,0.436561,0.800000,0.800000,0.800000,review,review,correct,0
s0-c1-228,CAM-1,1,DJX0317,TX,PASSENGER,DJX0317,TX,PASSENGER,0.990000,0.810526,0.694770,0.800000,0.800000,0.800000,review,review,type2,1
s0-c1-229,CAM-1,1,ZET3863,CA,TRAILER,ZET3863,AZ,PASSENGER,0.985168,0.641528,0.570485,0.800000,0.800000,0.800000,review,review,correct,0
s0-c1-230,CAM-1,1,PTL8661,NV,GOV,PTL8661,NV,PASSENGER,0.965211,0.706206,0.433973,0.800000,0.800000,0.800000,review,review,correct,0
s0-c1-231,CAM-1,1,PCP8582,OK,PASSENGER,PCP8582,OK,PASSENGER,0.624950,0.808653,0.951482,0.800000,0.800000,0.800000,review,review,type2,1
s0-c1-232,CAM-1,1,PCA4257,AZ,COMMERCIAL,PCA4257,NM,COMMERCIAL,0.557970,0.391919,0.863789,0.800000,0.800000,0.800000,review,review,correct,0
s0-c1-233,CAM-1,1,OZD2610,AZ,TEMP,OZD2610,TX,TEMP,0.860834,0.787662,0.425893,0.800000,0.800000,0.800000,review,review,correct,0
s0-c1-234,CAM-1,1,MXO3127,FL,COMMERCIAL,MXO3827,FL,COMMERCIAL,0.392796,0.963285,0.761538,0.800000,0.800000,0.800000,review,review,correct,0
s0-c1-235,CAM-1,1,MEP1446,CA,TRAILER,MEP1446,CA,TRAILER,0.744289,0.583822,0.568978,0.800000,0.800000,0.800000,review,review,type2,1
s0-c1-236,CAM-1,1,BCC5116,NV,COMMERCIAL,BCC5106,NV,COMMERCIAL,0.830518,0.655594,0.738514,0.800000,0.800000,0.800000,review,review,correct,0
s0-c1-237,CAM-1,1,CTR0870,AZ,COMMERCIAL,CTR0810,FL,GOV,0.595577,0.737310,0.328347,0.800000,0.800000,0.800000,review,review,correct,0
s0-c1-238,CAM-1,1,GXK3910,FL,PASSENGER,GXK3910,OK,PASSENGER,0.990000,0.611637,0.732559,0.800000,0.800000,0.800000,review,review,correct,0
s0-c1-239,CAM-1,1,NAE4007,AZ,GOV,NAE400B,AZ,GOV,0.565148,0.895106,0.704053,0.800000,0.800000,0.800000,review,review,correct,0
s0-c1-240,CAM-1,1,BCB4272,OK,PASSENGER,BCB4272,NM,PASSENGER,0.990000,0.712209,0.724702,0.800000,0.800000,0.800000,review,review,correct,0
s0-c1-241,CAM-1,1,FFX9491,AZ,GOV,FFX9491,AZ,GOV,0.680735,0.916611,0.910552,0.800000,0.800000,0.800000,review,review,type2,1
s0-c1-242,CAM-1,1,WNN7577,AZ,PASSENGER,WNN7577,AZ,PASSENGER,0.902686,0.854900,0.512795,0.800000,0.800000,0.800000,review,review,type2,1
s0-c1-243,CAM-1,1,YIM4633,TX,COMMERCIAL,YIM4633,TX,COMMERCIAL,0.752190,0.779553,0.967999,0.800000,0.800000,0.800000,review,review,type2,1
s0-c1-244,CAM-1,1,NQP6861,CA,GOV,NQP6861,CA,PASSENGER,0.900107,0.911855,0.507118,0.800000,0.800000,0.800000,review,review,correct,0
s0-c1-245,CAM-1,1,TCC4303,OK,TRAILER,TCH4303,OK,TRAILER,0.706950,0.681573,0.611332,0.800000,0.800000,0.800000,review,review,correct,0
s0-c1-246,CAM-1,1,IMD6369,CA,TRAILER,IMD6369,TX,TRAILER,0.673614,0.523813,0.990000,0.800000,0.800000,0.800000,review,review,correct,0
s0-c1-247,CAM-1,1,CXQ4399,TX,COMMERCIAL,CXQ4399,TX,COMMERCIAL,0.888209,0.729978,0.617157,0.800000,0.800000,0.800000,review,review,type2,1
s0-c1-248,CAM-1,1,KKN6194,TX,PASSENGER,KKN6194,TX,PASSENGER,0.990000,0.891646,0.933051,0.800000,0.800000,0.800000,auto_clear,none,,1
s0-c1-249,CAM-1,1,XRH2960,TX,TEMP,XRH2960,TX,PASSENGER,0.990000,0.496252,0.545934,0.800000,0.800000,0.800000,review,review,correct,0
s0-c1-250,CAM-1,1,OTO1216,AZ,COMMERCIAL,O2O1216,AZ,PASSENGER,0.716367,0.964454,0.779305,0.800000,0.800000,0.800000,review,review,correct,0
s0-c1-251,CAM-1,1,KHY5251,FL,PASSENGER,KHY5251,FL,TRAILER,0.893681,0.855421,0.322260,0.800000,0.800000,0.800000,review,review,correct,0
s0-c1-252,CAM-1,1,BTD3279,NM,COMMERCIAL,BTD3279,NM,COMMERCIAL,0.707425,0.820364,0.656880,0.800000,0.800000,0.800000,review,review,type2,1
s0-c1-253,CAM-1,1,FCO0807,CO,COMMERCIAL,FCO0807,CO,GOV,0.990000,0.577217,0.761241,0.800000,0.800000,0.800000,review,review,correct,0
s0-c1-254,CAM-1,1,UBV8275,TX,GOV,UBV8275,NM,GOV,0.963320,0.677025,0.746214,0.800000,0.800000,0.800000,review,review,correct,0
s0-c1-255,CAM-1,1,KEY1699,OK,TRAILER,KEY1699,AZ,TRAILER,0.990000,0.592236,0.867331,0.800000,0.800000,0.800000,review,review,correct,0
s0-c1-256,CAM-1,1,VLO1128,CA,COMMERCIAL,VLO1128,CA,COMMERCIAL,0.689287,0.813514,0.810226,0.800000,0.800000,0.800000,review,review,type2,1
s0-c1-257,CAM-1,1,GKX3797,NV,COMMERCIAL,GK13797,NV,COMMERCIAL,0.617373,0.623299,0.814835,0.800000,0.800000,0.800000,review,review,correct,0
s0-c1-258,CAM-1,1,DFX6003,AZ,TRAILER,DFX6X03,AZ,TRAILER,0.263252,0.944852,0.612698,0.800000,0.800000,0.800000,review,review,correct,0
s0-c1-259,CAM-1,1,IAW6543,OK,PASSENGER,IAW6543,OK,PASSENGER,0.859037,0.732754,0.685818,0.800000,0.800000,0.800000,review,review,type2,1
s0-c1-260,CAM-1,1,RYS9820,FL,GOV,RYS9820,FL,GOV,0.784814,0.850931,0.695826,0.800000,0.800000,0.800000,review,review,type2,1
s0-c1-261,CAM-1,1,HYD4957,OK,GOV,HYD4957,OK,GOV,0.710670,0.750405,0.838273,0.800000,0.800000,0.800000,review,review,type2,1
s0-c1-262,CAM-1,1,DPP3597,CO,COMMERCIAL,DPP3597,CO,COMMERCIAL,0.863300,0.727817,0.689756,0.800000,0.800000,0.800000,review,review,type2,1
s0-c1-263,CAM-1,1,FWQ2567,NM,COMMERCIAL,FWQ2567,OK,COMMERCIAL,0.990000,0.821817,0.542347,0.800000,0.800000,0.800000,review,review,correct,0
s0-c1-264,CAM-1,1,LGD0607,OK,TEMP,LGD0607,OK,TRAILER,0.807194,0.499515,0.768127,0.800000,0.800000,0.800000,review,review,correct,0
s0-c1-265,CAM-1,1,FVY8465,CA,GOV,FVY8465,NV,GOV,0.976983,0.319247,0.880213,0.800000,0.800000,0.800000,review,review,correct,0
s0-c1-266,CAM-1,1,CBE2451,NM,GOV,CBE2451,OK,GOV,0.725366,0.880817,0.472395,0.800000,0.800000,0.800000,review,review,correct,0
s0-c1-267,CAM-1,1,OYH1340,AZ,PASSENGER,9YH1340,FL,PASSENGER,0.477383,0.539065,0.653629,0.800000,0.800000,0.800000,review,review,correct,0
s0-c1-268,CAM-1,1,ZUA6981,NV,TRAILER,ZUA6981,NV,TRAILER,0.919801,0.754530,0.718903,0.800000,0.800000,0.800000,review,review,type2,1
s0-c1-269,CAM-1,1,ZLH3445,CA,GOV,Z2H3445,CA,GOV,0.711120,0.763376,0.724000,0.800000,0.800000,0.800000,review,review,correct,0
s0-c1-270,CAM-1,1,DHC7156,AZ,TEMP,DHC7156,TX,TEMP,0.646978,0.632445,0.825404,0.800000,0.800000,0.800000,review,review,correct,0
s0-c1-271,CAM-1,1,ZNL2200,NM,TRAILER,ZNL2200,NM,TRAILER,0.706916,0.712469,0.729364,0.800000,0.800000,0.800000,review,review,type2,1
s0-c1-272,CAM-1,1,AOJ0812,AZ,COMMERCIAL,AOJ0812,AZ,COMMERCIAL,0.912810,0.990000,0.687653,0.800000,0.800000,0.800000,review,review,type2,1
s0-c1-273,CAM-1,1,VCT8016,FL,TEMP,VCT8016,FL,COMMERCIAL,0.590807,0.548546,0.755821,0.800000,0.800000,0.800000,review,review,correct,0
s0-c1-274,CAM-1,1,OGL8856,TX,COMMERCIAL,OGL8856,TX,COMMERCIAL,0.767664,0.809751,0.972316,0.800000,0.800000,0.800000,review,review,type2,1
s0-c1-275,CAM-1,1,YGF2580,NM,TRAILER,YGF2580,NM,TRAILER,0.985228,0.865622,0.843903,0.800000,0.800000,0.800000,auto_clear,none,,1
s0-c1-276,CAM-1,1,DNR1430,CO,COMMERCIAL,DNR1430,NM,COMMERCIAL,0.955189,0.776939,0.845101,0.800000,0.800000,0.800000,review,review,correct,0
s0-c1-277,CAM-1,1,BMV1863,OK,COMMERCIAL,BMV1863,NM,COMMERCIAL,0.577296,0.567337,0.868150,0.800000,0.800000,0.800000,review,review,correct,0
s0-c1-278,CAM-1,1,JWD9151,AZ,PASSENGER,JWD9151,AZ,PASSENGER,0.537323,0.466084,0.860110,0.800000,0.800000,0.800000,review,review,type2,1
s0-c1-279,CAM-1,1,JFF6301,FL,TEMP,JFF6301,FL,GOV,0.367677,0.775423,0.350718,0.800000,0.800000,0.800000,review,review,correct,0
s0-c1-280,CAM-1,1,IAP0505,CO,TRAILER,IAP0505,CO,TRAILER,0.801314,0.737320,0.990000,0.800000,0.800000,0.800000,review,review,type2,1
s0-c1-281,CAM-1,1,DKG0241,FL,PASSENGER,DKG0241,OK,PASSENGER,0.777493,0.711047,0.840266,0.800000,0.800000,0.800000,review,review,correct,0
s0-c1-282,CAM-1,1,ZQU4275,AZ,TEMP,ZQU4275,AZ,TEMP,0.846125,0.873429,0.899235,0.800000,0.800000,0.800000,auto_clear,none,,1
s0-c1-283,CAM-1,1,GHE6055,NM,PASSENGER,GHE6055,NV,PASSENGER,0.814193,0.819478,0.757631,0.800000,0.800000,0.800000,review,review,correct,0
s0-c1-284,CAM-1,1,DQX4087,TX,TRAILER,DQX4087,TX,TRAILER,0.990000,0.950976,0.744079,0.800000,0.800000,0.800000,review,review,type2,1
s0-c1-285,CAM-1,1,QRB3516,NV,COMMERCIAL,QRB3516,NV,PASSENGER,0.807733,0.945938,0.462077,0.800000,0.800000,0.800000,review,review,correct,0
s0-c1-286,CAM-1,1,KBG8838,CA,COMMERCIAL,KBG8S38,CA,COMMERCIAL,0.634589,0.634891,0.932971,0.800000,0.800000,0.800000,review,review,correct,0
s0-c1-287,CAM-1,1,BGC4836,NV,TRAILER,BGC4836,TX,TRAILER,0.561543,0.574471,0.874963,0.800000,0.800000,0.800000,review,review,correct,0
s0-c1-288,CAM-1,1,SXQ7867,CA,GOV,SXQ7867,CA,GOV,0.710731,0.746711,0.932319,0.800000,0.800000,0.800000,review,review,type2,1
s0-c1-289,CAM-1,1,LZR3622,NV,TRAILER,LZR3622,NV,TRAILER,0.897379,0.847047,0.972673,0.800000,0.800000,0.800000,auto_clear,none,,1
s0-c1-290,CAM-1,1,DTQ9844,FL,TRAILER,D5Q9844,FL,TRAILER,0.674564,0.650435,0.652314,0.800000,0.800000,0.800000,review,review,correct,0
s0-c1-291,CAM-1,1,HHF8373,FL,COMMERCIAL,HHF83V3,FL,COMMERCIAL,0.609154,0.724662,0.765634,0.800000,0.800000,0.800000,review,review,correct,0
s0-c1-292,CAM-1,1,IWT1536,OK,GOV,IWTS536,OK,COMMERCIAL,0.571173,0.970304,0.824348,0.800000,0.800000,0.800000,review,review,correct,0
s0-c1-293,CAM-1,1,CFF9580,CO,GOV,CFF9580,FL,GOV,0.947755,0.464210,0.718399,0.800000,0.800000,0.800000,review,review,correct,0
s0-c1-294,CAM-1,1,HIT1167,OK,COMMERCIAL,CIT1167,OK,PASSENGER,0.758231,0.940821,0.591350,0.800000,0.800000,0.800000,review,review,correct,0
s0-c1-295,CAM-1,1,XOF9995,CO,TEMP,XOFZ995,CO,TRAILER,0.530125,0.294072,0.768645,0.800000,0.800000,0.800000,review,review,correct,0
s0-c1-296,CAM-1,1,LGV8563,OK,TEMP,LGV8563,OK,TEMP,0.960479,0.545796,0.447529,0.800000,0.800000,0.800000,review,review,type2,1
s0-c1-297,CAM-1,1,GSG0527,TX,PASSENGER,GSG0527,TX,GOV,0.890058,0.969673,0.858939,0.800000,0.800000,0.800000,auto_clear,none,,0
s0-c1-298,CAM-1,1,HLE6113,CO,GOV,HLE6113,CO,GOV,0.817642,0.787664,0.585115,0.800000,0.800000,0.800000,review,review,type2,1
s0-c1-299,CAM-1,1,PPP2355,CO,TEMP,PPP2355,AZ,TEMP,0.761057,0.486016,0.833422,0.800000,0.800000,0.800000,review,review,correct,0
s0-c1-300,CAM-1,1,XAA4909,TX,COMMERCIAL,XAA4909,TX,COMMERCIAL,0.765307,0.580917,0.910584,0.800000,0.800000,0.800000,review,review,type2,1
s0-c1-301,CAM-1,1,TNX6563,NM,TEMP,TNX6563,OK,GOV,0.990000,0.811533,0.742504,0.800000,0.800000,0.800000,review,review,correct,0
s0-c1-302,CAM-1,1,VTL9951,AZ,PASSENGER,VTL9951,AZ,PASSENGER,0.811353,0.990000,0.658564,0.800000,0.800000,0.800000,review,review,type2,1
s0-c1-303,CAM-1,1,CCT3400,CA,TEMP,CCT3400,CA,TEMP,0.813446,0.990000,0.755393,0.800000,0.800000,0.800000,review,review,type2,1
s0-c1-304,CAM-1,1,OXM4957,AZ,PASSENGER,OXM4957,AZ,PASSENGER,0.935129,0.671341,0.486085,0.800000,0.800000,0.800000,review,review,type2,1
s0-c1-305,CAM-1,1,UAT8388,OK,GOV,UAT8388,OK,GOV,0.896500,0.596888,0.746211,0.800000,0.800000,0.800000,review,review,type2,1
s0-c1-306,CAM-1,1,PVY0721,AZ,GOV,PVY0721,CO,GOV,0.651896,0.790968,0.898037,0.800000,0.800000,0.800000,review,review,correct,0
s0-c1-307,CAM-1,1,SUU4367,AZ,COMMERCIAL,0UU4367,FL,COMMERCIAL,0.785116,0.609759,0.870438,0.800000,0.800000,0.800000,review,review,correct,0
s0-c1-308,CAM-1,1,PJC8413,FL,TRAILER,PJC8413,FL,PASSENGER,0.865349,0.704672,0.802277,0.800000,0.800000,0.800000,review,review,correct,0
s0-c1-309,CAM-1,1,ZIP8458,CA,TEMP,ZIP8458,CA,TRAILER,0.510973,0.520607,0.568941,0.800000,0.800000,0.800000,review,review,correct,0
s0-c1-310,CAM-1,1,CKL1805,AZ,TRAILER,CKL180H,AZ,TRAILER,0.403709,0.753063,0.902639,0.800000,0.800000,0.800000,review,review,correct,0
s0-c1-311,CAM-1,1,WGN0104,TX,TRAILER,WGN0104,TX,TRAILER,0.959897,0.963892,0.793611,0.800000,0.800000,0.800000,review,review,type2,1
s0-c1-312,CAM-1,1,DTE2837,CO,COMMERCIAL,DTE2837,CO,COMMERCIAL,0.885125,0.967204,0.787228,0.800000,0.800000,0.800000,review,review,type2,1
s0-c1-313,CAM-1,1,BNP6311,TX,GOV,BNP6311,TX,GOV,0.713176,0.990000,0.868834,0.800000,0.800000,0.800000,review,review,type2,1
s0-c1-314,CAM-1,1,XEA8254,FL,TEMP,XEA8254,CA,COMMERCIAL,0.969856,0.602130,0.877501,0.800000,0.800000,0.800000,review,review,correct,0
s0-c1-315,CAM-1,1,YQH2346,TX,COMMERCIAL,YQH2346,TX,COMMERCIAL,0.582889,0.956742,0.778815,0.800000,0.800000,0.800000,review,review,type2,1
s0-c1-316,CAM-1,1,JIN7574,NM,TRAILER,JIN7574,NM,TRAILER,0.609143,0.732312,0.727264,0.800000,0.800000,0.800000,review,review,type2,1
s0-c1-317,CAM-1,1,TNS6411,FL,PASSENGER,TNS6411,FL,PASSENGER,0.884655,0.658922,0.900675,0.800000,0.800000,0.800000,review,review,type2,1
s0-c1-318,CAM-1,1,APU0393,OK,COMMERCIAL,APU0393,OK,COMMERCIAL,0.933435,0.707551,0.793222,0.800000,0.800000,0.800000,review,review,type2,1
s0-c1-319,CAM-1,1,YDE9096,TX,TRAILER,YDE9096,OK,TRAILER,0.835151,0.754539,0.767513,0.800000,0.800000,0.800000,review,review,correct,0
s0-c1-320,CAM-1,1,UPG0675,CA,GOV,UPG0675,CA,GOV,0.879415,0.885765,0.755798,0.800000,0.800000,0.800000,review,review,type2,1
s0-c1-321,CAM-1,1,VES4175,NV,COMMERCIAL,GES4175,NV,COMMERCIAL,0.681567,0.643792,0.773791,0.800000,0.800000,0.800000,review,review,correct,0
s0-c1-322,CAM-1,1,VGH3459,FL,TRAILER,VGH3459,FL,TRAILER,0.988810,0.692966,0.677706,0.800000,0.800000,0.800000,review,review,type2,1
s0-c1-323,CAM-1,1,NKC6827,NV,COMMERCIAL,NKC6827,AZ,TRAILER,0.734674,0.407120,0.567392,0.800000,0.800000,0.800000,review,review,correct,0
s0-c1-324,CAM-1,1,FIX7811,FL,GOV,FIX7S11,FL,PASSENGER,0.755943,0.952428,0.663034,0.800000,0.800000,0.800000,review,review,correct,0
s0-c1-325,CAM-1,1,WXP8229,AZ,TEMP,WXP8229,AZ,TEMP,0.833754,0.838990,0.976956,0.800000,0.800000,0.800000,auto_clear,none,,1
s0-c1-326,CAM-1,1,PGI5712,OK,TEMP,PGI5712,OK,GOV,0.719358,0.720916,0.778388,0.800000,0.800000,0.800000,review,review,correct,0
s0-c1-327,CAM-1,1,WIZ5694,AZ,TEMP,WIZ5694,AZ,TEMP,0.990000,0.683188,0.539052,0.800000,0.800000,0.800000,review,review,type2,1
s0-c1-328,CAM-1,1,AXB2432,NV,TEMP,AXX2432,NV,TEMP,0.667695,0.821317,0.524098,0.800000,0.800000,0.800000,review,review,correct,0
s0-c1-329,CAM-1,1,PND0544,FL,PASSENGER,PND0544,AZ,PASSENGER,0.923005,0.636064,0.454973,0.800000,0.800000,0.800000,review,review,correct,0
s0-c1-330,CAM-1,1,IQC1950,NV,TRAILER,IQT1950,CA,TRAILER,0.461347,0.734088,0.859387,0.800000,0.800000,0.800000,review,review,correct,0
s0-c1-331,CAM-1,1,YFX4928,OK,TEMP,YFX4928,OK,TEMP,0.842066,0.601947,0.569737,0.800000,0.800000,0.800000,review,review,type2,1
s0-c1-332,CAM-1,1,DXW4347,FL,PASSENGER,DXW4347,FL,PASSENGER,0.708751,0.799187,0.923250,0.800000,0.800000,0.800000,review,review,type2,1
s0-c1-333,CAM-1,1,MBA0173,FL,TEMP,MBA0173,FL,TEMP,0.779236,0.837845,0.990000,0.800000,0.800000,0.800000,review,review,type2,1
s0-c1-334,CAM-1,1,BOH2874,FL,TEMP,BOH2874,FL,TEMP,0.883959,0.693369,0.869196,0.800000,0.800000,0.800000,review,review,type2,1
s0-c1-335,CAM-1,1,WHJ4570,TX,TEMP,WHJ4570,TX,TEMP,0.916508,0.897790,0.783397,0.800000,0.800000,0.800000,review,review,type2,1
s0-c1-336,CAM-1,1,WIN8451,TX,TRAILER,WIN8451,TX,TRAILER,0.887775,0.830215,0.608158,0.800000,0.800000,0.800000,review,review,type2,1
s0-c1-337,CAM-1,1,WQR2626,NM,COMMERCIAL,WQR262L,NM,COMMERCIAL,0.707056,0.845889,0.755850,0.800000,0.800000,0.800000,review,review,correct,0
s0-c1-338,CAM-1,1,QHL5938,CO,TRAILER,QHL5938,CO,GOV,0.488658,0.896196,0.604571,0.800000,0.800000,0.800000,review,review,correct,0
s0-c1-339,CAM-1,1,FXN1654,FL,TEMP,FXN1654,FL,TEMP,0.990000,0.872209,0.338450,0.800000,0.800000,0.800000,review,review,type2,1
s0-c1-340,CAM-1,1,ZVT9248,CO,TEMP,ZVT9248,AZ,TEMP,0.990000,0.830726,0.446760,0.800000,0.800000,0.800000,review,review,correct,0
s0-c1-341,CAM-1,1,FAE6365,NV,TEMP,FAE6365,NV,TEMP,0.913219,0.929394,0.822025,0.800000,0.800000,0.800000,auto_clear,none,,1
s0-c1-342,CAM-1,1,JKJ7684,NV,TEMP,JKJ7684,NV,TEMP,0.736995,0.647357,0.976046,0.800000,0.800000,0.800000,review,review,type2,1
s0-c1-343,CAM-1,1,WVH2690,FL,GOV,WVH2690,FL,PASSENGER,0.884179,0.845570,0.528407,0.800000,0.800000,0.800000,review,review,correct,0
s0-c1-344,CAM-1,1,KYP7624,NM,GOV,KYP7624,NM,GOV,0.719716,0.829666,0.751521,0.800000,0.800000,0.800000,review,review,type2,1
s0-c1-345,CAM-1,1,EMF2608,NM,TEMP,EMF2608,NM,PASSENGER,0.990000,0.951438,0.586244,0.800000,0.800000,0.800000,review,review,correct,0
s0-c1-346,CAM-1,1,OPL4111,TX,PASSENGER,OPL4111,TX,PASSENGER,0.743703,0.820942,0.812331,0.800000,0.800000,0.800000,review,review,type2,1
s0-c1-347,CAM-1,1,QIH6870,CO,TEMP,QQH6870,TX,TEMP,0.803478,0.782340,0.714990,0.800000,0.800000,0.800000,review,review,correct,0
s0-c1-348,CAM-1,1,YEL4225,TX,PASSENGER,YEL4925,OK,PASSENGER,0.791560,0.746346,0.795077,0.800000,0.800000,0.800000,review,review,correct,0
s0-c1-349,CAM-1,1,ZZR8094,CA,GOV,ZZR8094,CA,GOV,0.838375,0.712431,0.772343,0.800000,0.800000,0.800000,review,review,type2,1
s0-c1-350,CAM-1,1,GTF7752,FL,GOV,GTF7752,FL,GOV,0.986427,0.893012,0.909654,0.800000,0.800000,0.800000,auto_clear,none,,1
s0-c1-351,CAM-1,1,QSB4841,CO,TRAILER,QSB4841,CO,TRAILER,0.917517,0.990000,0.889148,0.800000,0.800000,0.800000,auto_clear,none,,1
s0-c1-352,CAM-1,1,EBZ2019,FL,COMMERCIAL,EBZ2019,FL,TRAILER,0.694733,0.990000,0.714597,0.800000,0.800000,0.800000,review,review,correct,0
s0-c1-353,CAM-1,1,TTO8768,CO,TRAILER,TTA8768,CO,GOV,0.601488,0.754541,0.603808,0.800000,0.800000,0.800000,review,review,correct,0
s0-c1-354,CAM-1,1,VYZ4155,OK,TEMP,7YZ4155,NV,TEMP,0.793173,0.726721,0.770368,0.800000,0.800000,0.800000,review,review,correct,0
s0-c1-355,CAM-1,1,UNQ9524,NV,PASSENGER,UNQ9524,OK,PASSENGER,0.982469,0.622239,0.860495,0.800000,0.800000,0.800000,review,review,correct,0
s0-c1-356,CAM-1,1,ZIW2004,TX,TEMP,ZIW2004,TX,TRAILER,0.817414,0.628373,0.531135,0.800000,0.800000,0.800000,review,review,correct,0
s0-c1-357,CAM-1,1,KLR7354,TX,COMMERCIAL,KLR7354,TX,COMMERCIAL,0.865621,0.840963,0.645770,0.800000,0.800000,0.800000,review,review,type2,1
s0-c1-358,CAM-1,1,NTD5412,OK,PASSENGER,NTD5412,OK,PASSENGER,0.863952,0.703758,0.856002,0.800000,0.800000,0.800000,review,review,type2,1
s0-c1-359,CAM-1,1,FQV2983,CA,TRAILER,FQV2983,NV,TRAILER,0.685082,0.435737,0.892906,0.800000,0.800000,0.800000,review,review,correct,0
s0-c1-360,CAM-1,1,OJU4427,CO,TEMP,OJU4427,FL,TEMP,0.960170,0.786923,0.705632,0.800000,0.800000,0.800000,review,review,correct,0
s0-c1-361,CAM-1,1,MMF2043,NV,PASSENGER,MMFD043,NV,PASSENGER,0.296563,0.863413,0.748882,0.800000,0.800000,0.800000,review,review,correct,0
s0-c1-362,CAM-1,1,TBU2749,CA,TRAILER,TBU2749,CA,COMMERCIAL,0.990000,0.733499,0.573296,0.800000,0.800000,0.800000,review,review,correct,0
s0-c1-363,CAM-1,1,CNI0801,CA,PASSENGER,CNI0801,CA,PASSENGER,0.849897,0.867129,0.640711,0.800000,0.800000,0.800000,review,review,type2,1
s0-c1-364,CAM-1,1,YRP2763,OK,PASSENGER,YRP2763,AZ,PASSENGER,0.875787,0.303552,0.682380,0.800000,0.800000,0.800000,review,review,correct,0
s0-c1-365,CAM-1,1,MOG2992,NM,PASSENGER,MOG2992,AZ,PASSENGER,0.734776,0.717714,0.466450,0.800000,0.800000,0.800000,review,review,correct,0
s0-c1-366,CAM-1,1,VAF5544,CA,PASSENGER,VAF5544,TX,PASSENGER,0.813271,0.520759,0.663815,0.800000,0.800000,0.800000,review,review,correct,0
s0-c1-367,CAM-1,1,ARD4099,FL,COMMERCIAL,ARD4099,OK,PASSENGER,0.675063,0.526919,0.459894,0.800000,0.800000,0.800000,review,review,correct,0
s0-c1-368,CAM-1,1,PIZ2949,NM,TEMP,PIZ2949,NM,GOV,0.494991,0.867870,0.630723,0.800000,0.800000,0.800000,review,review,correct,0
s0-c1-369,CAM-1,1,NVB1240,TX,PASSENGER,NVB1240,TX,GOV,0.932604,0.797862,0.696077,0.800000,0.800000,0.800000,review,review,correct,0
s0-c1-370,CAM-1,1,WDP7022,AZ,GOV,WDP7022,TX,GOV,0.858732,0.619088,0.872854,0.800000,0.800000,0.800000,review,review,correct,0
s0-c1-371,CAM-1,1,NPK8307,CO,GOV,NPK8307,OK,PASSENGER,0.757558,0.520356,0.680824,0.800000,0.800000,0.800000,review,review,correct,0
s0-c1-372,CAM-1,1,QRK3905,NV,GOV,QRK3905,NV,GOV,0.725630,0.865837,0.697115,0.800000,0.800000,0.800000,review,review,type2,1
s0-c1-373,CAM-1,1,YJD8657,NV,COMMERCIAL,YJD8657,NV,GOV,0.827278,0.697376,0.760180,0.800000,0.800000,0.800000,review,review,correct,0
s0-c1-374,CAM-1,1,AVM2807,CO,PASSENGER,AVM2807,TX,PASSENGER,0.519679,0.883037,0.952301,0.800000,0.800000,0.800000,review,review,correct,0
s0-c1-375,CAM-1,1,LQQ0899,FL,PASSENGER,LQQ0899,FL,COMMERCIAL,0.975997,0.736602,0.633160,0.800000,0.800000,0.800000,review,review,correct,0
s0-c1-376,CAM-1,1,YBB2904,FL,COMMERCIAL,YBB2904,CO,COMMERCIAL,0.915623,0.424181,0.545037,0.800000,0.800000,0.800000,review,review,correct,0
s0-c1-377,CAM-1,1,LYM9143,OK,TRAILER,LYM9143,OK,TRAILER,0.651896,0.771934,0.782370,0.800000,0.800000,0.800000,review,review,type2,1
s0-c1-378,CAM-1,1,KES1702,CO,GOV,KES1702,CO,TEMP,0.990000,0.715189,0.464245,0.800000,0.800000,0.800000,review,review,correct,0
s0-c1-379,CAM-1,1,YYL4981,AZ,TEMP,YYL498V,AZ,TEMP,0.549121,0.909250,0.836692,0.800000,0.800000,0.800000,review,review,correct,0
s0-c1-380,CAM-1,1,BVH9759,CA,TEMP,BVH9759,CA,TEMP,0.885873,0.720473,0.817054,0.800000,0.800000,0.800000,review,review,type2,1
s0-c1-381,CAM-1,1,JHL4392,FL,TRAILER,JHL4392,FL,COMMERCIAL,0.719802,0.975977,0.689599,0.800000,0.800000,0.800000,review,review,correct,0
s0-c1-382,CAM-1,1,SHG1469,NM,TEMP,SHG1469,NM,TRAILER,0.703976,0.750061,0.660208,0.800000,0.800000,0.800000,review,review,correct,0
s0-c1-383,CAM-1,1,ALX8959,OK,PASSENGER,ALX8959,OK,TRAILER,0.990000,0.919188,0.427964,0.800000,0.800000,0.800000,review,review,correct,0
s0-c1-384,CAM-1,1,EWM0084,CA,GOV,EWM0084,CA,GOV,0.990000,0.914184,0.750382,0.800000,0.800000,0.800000,review,review,type2,1
s0-c1-385,CAM-1,1,LWR3085,CA,GOV,LWR3085,CA,TEMP,0.842286,0.687428,0.689931,0.800000,0.800000,0.800000,review,review,correct,0
s0-c1-386,CAM-1,1,EBK2874,NV,PASSENGER,EBK28A4,CA,COMMERCIAL,0.537431,0.499038,0.612236,0.800000,0.800000,0.800000,review,review,correct,0
s0-c1-387,CAM-1,1,THV2482,TX,COMMERCIAL,THV2482,TX,COMMERCIAL,0.859200,0.892056,0.848421,0.800000,0.800000,0.800000,auto_clear,none,,1
s0-c1-388,CAM-1,1,BOZ8803,NM,COMMERCIAL,BOZ8803,AZ,TEMP,0.798492,0.868065,0.602814,0.800000,0.800000,0.800000,review,review,correct,0
s0-c1-389,CAM-1,1,ZLB0963,NV,COMMERCIAL,ZLB0963,NV,COMMERCIAL,0.671358,0.837907,0.805524,0.800000,0.800000,0.800000,review,review,type2,1
s0-c1-390,CAM-1,1,FDC5110,CO,TEMP,FDC5110,CO,TEMP,0.868815,0.990000,0.842887,0.800000,0.800000,0.800000,auto_clear,none,,1
s0-c1-391,CAM-1,1,QMZ8726,NM,TEMP,QMZ8726,NM,TEMP,0.990000,0.984332,0.699266,0.800000,0.800000,0.800000,review,review,type2,1
s0-c1-392,CAM-1,1,JNU6626,TX,TRAILER,JNU6626,CA,TRAILER,0.950438,0.771305,0.729260,0.800000,0.800000,0.800000,review,review,correct,0
s0-c1-393,CAM-1,1,AIH5807,FL,TRAILER,AIH5801,OK,TRAILER,0.756162,0.755790,0.756558,0.800000,0.800000,0.800000,review,review,correct,0
s0-c1-394,CAM-1,1,GJY1604,CO,PASSENGER,GJY1604,CO,PASSENGER,0.946127,0.939365,0.558837,0.800000,0.800000,0.800000,review,review,type2,1
s0-c1-395,CAM-1,1,FCB1643,AZ,GOV,FCB1643,NV,PASSENGER,0.672823,0.840856,0.358557,0.800000,0.800000,0.800000,review,review,correct,0
s0-c1-396,CAM-1,1,ASD3062,NM,PASSENGER,ASD3062,NM,COMMERCIAL,0.555426,0.952278,0.737038,0.800000,0.800000,0.800000,review,review,correct,0
s0-c1-397,CAM-1,1,IAC4512,NM,TEMP,IAC4512,NV,TEMP,0.620428,0.650586,0.850218,0.800000,0.800000,0.800000,review,review,correct,0
s0-c1-398,CAM-1,1,MBN8580,OK,TEMP,M2N8580,OK,TRAILER,0.553088,0.612839,0.782062,0.800000,0.800000,0.800000,review,review,correct,0
s0-c1-399,CAM-1,1,EXT4866,AZ,GOV,EXT4866,AZ,GOV,0.971389,0.782509,0.923634,0.800000,0.800000,0.800000,review,review,type2,1
s0-c1-400,CAM-1,1,BZF3663,CO,TRAILER,BZFL663,CO,TRAILER,0.790671,0.843955,0.603806,0.800000,0.800000,0.800000,review,review,correct,0
s0-c1-401,CAM-1,1,HRM9715,AZ,TRAILER,HRM9715,AZ,TRAILER,0.589285,0.856171,0.539478,0.800000,0.800000,0.800000,review,review,type2,1
s0-c1-402,CAM-1,1,DYS7625,CO,PASSENGER,DYS7625,CO,PASSENGER,0.815890,0.864964,0.599472,0.800000,0.800000,0.800000,review,review,type2,1
s0-c1-403,CAM-1,1,GXB6352,TX,TEMP,GXB6352,NV,TEMP,0.989574,0.700052,0.730945,0.800000,0.800000,0.800000,review,review,correct,0
s0-c1-404,CAM-1,1,QQZ0780,CA,COMMERCIAL,QQZ0780,NM,TEMP,0.990000,0.285469,0.591722,0.800000,0.800000,0.800000,review,review,correct,0
s0-c1-405,CAM-1,1,APF8030,FL,TEMP,APF8030,FL,TEMP,0.990000,0.956846,0.673835,0.800000,0.800000,0.800000,review,review,type2,1
s0-c1-406,CAM-1,1,BFE0878,CA,COMMERCIAL,BFE0878,CA,COMMERCIAL,0.882864,0.895917,0.672640,0.800000,0.800000,0.800000,review,review,type2,1
s0-c1-407,CAM-1,1,JLR2669,OK,COMMERCIAL,JLR2669,OK,PASSENGER,0.620297,0.859013,0.612248,0.800000,0.800000,0.800000,review,review,correct,0
s0-c1-408,CAM-1,1,JSB5386,NM,TEMP,JSB5386,NM,TEMP,0.738702,0.984443,0.802407,0.800000,0.800000,0.800000,review,review,type2,1
s0-c1-409,CAM-1,1,ZJM5418,FL,TRAILER,ZJM5418,FL,TRAILER,0.601425,0.924046,0.824715,0.800000,0.800000,0.800000,review,review,type2,1
s0-c1-410,CAM-1,1,WWD7301,AZ,GOV,WWD7301,CO,GOV,0.990000,0.476030,0.865963,0.800000,0.800000,0.800000,review,review,correct,0
s0-c1-411,CAM-1,1,QXM1746,AZ,COMMERCIAL,QXM1546,AZ,COMMERCIAL,0.423138,0.768815,0.646908,0.800000,0.800000,0.800000,review,review,correct,0
s0-c1-412,CAM-1,1,UFJ9226,NV,GOV,UFJ9226,NV,GOV,0.783151,0.688029,0.866986,0.800000,0.800000,0.800000,review,review,type2,1
s0-c1-413,CAM-1,1,AAI0733,NM,GOV,AAI0733,NM,COMMERCIAL,0.920058,0.924965,0.680276,0.800000,0.800000,0.800000,review,review,correct,0
s0-c1-414,CAM-1,1,BYH8825,OK,COMMERCIAL,BYH8825,OK,COMMERCIAL,0.628502,0.975402,0.926934,0.800000,0.800000,0.800000,review,review,type2,1
s0-c1-415,CAM-1,1,SWJ4418,NM,PASSENGER,SWJ4418,NM,PASSENGER,0.695487,0.955143,0.699215,0.800000,0.800000,0.800000,review,review,type2,1
s0-c1-416,CAM-1,1,WJY4944,TX,TEMP,WJY4944,TX,PASSENGER,0.856925,0.843986,0.377327,0.800000,0.800000,0.800000,review,review,correct,0
s0-c1-417,CAM-1,1,QVC7111,AZ,TRAILER,QVC7111,CA,TRAILER,0.804013,0.618013,0.836158,0.800000,0.800000,0.800000,review,review,correct,0
s0-c1-418,CAM-1,1,VNJ2827,OK,COMMERCIAL,VNJ28E7,OK,COMMERCIAL,0.621630,0.862645,0.848017,0.800000,0.800000,0.800000,review,review,correct,0
s0-c1-419,CAM-1,1,OKI7876,NM,GOV,OKI7876,CO,GOV,0.716967,0.700340,0.467255,0.800000,0.800000,0.800000,review,review,correct,0
s0-c1-420,CAM-1,1,QGC5385,NM,COMMERCIAL,QGC5385,NM,COMMERCIAL,0.842286,0.990000,0.949212,0.800000,0.800000,0.800000,auto_clear,none,,1
s0-c1-421,CAM-1,1,EJG4714,CO,GOV,EJG471W,CO,TRAILER,0.579316,0.856911,0.678115,0.800000,0.800000,0.800000,review,review,correct,0
s0-c1-422,CAM-1,1,YAV7332,FL,PASSENGER,YAV73A2,FL,PASSENGER,0.539355,0.710687,0.659809,0.800000,0.800000,0.800000,review,review,correct,0
s0-c1-423,CAM-1,1,SHJ3615,OK,TEMP,YHJ3615,OK,TEMP,0.600829,0.819276,0.598216,0.800000,0.800000,0.800000,review,review,correct,0
s0-c1-424,CAM-1,1,XBW7222,NM,TEMP,XBW7222,NM,TEMP,0.703529,0.912426,0.882506,0.800000,0.800000,0.800000,review,review,type2,1
s0-c1-425,CAM-1,1,TRZ6410,NM,GOV,TRZ6410,NM,GOV,0.739203,0.536465,0.799698,0.800000,0.800000,0.800000,review,review,type2,1
s0-c1-426,CAM-1,1,MMX6643,TX,COMMERCIAL,9MX6643,NV,COMMERCIAL,0.619573,0.619382,0.360520,0.800000,0.800000,0.800000,review,review,correct,0
s0-c1-427,CAM-1,1,WYH2222,CO,GOV,WYHR222,AZ,GOV,0.620315,0.586560,0.819092,0.800000,0.800000,0.800000,review,review,correct,0
s0-c1-428,CAM-1,1,LLD6175,FL,GOV,LLD6175,FL,GOV,0.735052,0.843218,0.818321,0.800000,0.800000,0.800000,review,review,type2,1
s0-c1-429,CAM-1,1,RCB7620,CO,TRAILER,RCB76F0,CO,TRAILER,0.551946,0.829973,0.344297,0.800000,0.800000,0.800000,review,review,correct,0
s0-c1-430,CAM-1,1,HXU2265,NM,GOV,HXU2265,NM,GOV,0.725371,0.648077,0.652743,0.800000,0.800000,0.800000,review,review,type2,1
s0-c1-431,CAM-1,1,MGM2840,CO,GOV,MGMQ840,TX,GOV,0.683066,0.803240,0.678049,0.800000,0.800000,0.800000,review,review,correct,0
s0-c1-432,CAM-1,1,AGA6600,CO,PASSENGER,AGA6600,CO,TEMP,0.916804,0.973391,0.740327,0.800000,0.800000,0.800000,review,review,correct,0
s0-c1-433,CAM-1,1,ALS9282,OK,TEMP,ALS9282,OK,TEMP,0.561158,0.891860,0.881692,0.800000,0.800000,0.800000,review,review,type2,1
s0-c1-434,CAM-1,1,HTB7770,NM,TRAILER,HTB7770,TX,TRAILER,0.921673,0.347794,0.961532,0.800000,0.800000,0.800000,review,review,correct,0
s0-c1-435,CAM-1,1,NVR3294,OK,COMMERCIAL,NVR3294,OK,PASSENGER,0.764129,0.619953,0.563566,0.800000,0.800000,0.800000,review,review,correct,0
s0-c1-436,CAM-1,1,NDO3009,CO,PASSENGER,NDO3009,CO,GOV,0.714896,0.823642,0.490162,0.800000,0.800000,0.800000,review,review,correct,0
s0-c1-437,CAM-1,1,SDF8361,CO,COMMERCIAL,SDF8361,CO,TEMP,0.803963,0.859486,0.819414,0.800000,0.800000,0.800000,auto_clear,none,,0
s0-c1-438,CAM-1,1,UHO9452,TX,TEMP,UHO9452,NM,TEMP,0.658691,0.823760,0.971509,0.800000,0.800000,0.800000,review,review,correct,0
s0-c1-439,CAM-1,1,QUV5736,TX,TEMP,SUV5736,TX,TEMP,0.768707,0.480925,0.935837,0.800000,0.800000,0.800000,review,review,correct,0
s0-c1-440,CAM-1,1,XXG8645,AZ,TEMP,XXG8645,NM,TEMP,0.833496,0.861339,0.951483,0.800000,0.800000,0.800000,auto_clear,none,,0
s0-c1-441,CAM-1,1,VRJ6560,NV,PASSENGER,VRJ6560,TX,TRAILER,0.971179,0.698216,0.737848,0.800000,0.800000,0.800000,review,review,correct,0
s0-c1-442,CAM-1,1,QYC6706,NV,COMMERCIAL,QYC6706,NV,COMMERCIAL,0.880833,0.761850,0.954873,0.800000,0.800000,0.800000,review,review,type2,1
s0-c1-443,CAM-1,1,SLF0242,NM,PASSENGER,SLFD242,NM,COMMERCIAL,0.655169,0.686921,0.663916,0.800000,0.800000,0.800000,review,review,correct,0
s0-c1-444,CAM-1,1,JRW5298,NM,PASSENGER,JRW5298,NM,PASSENGER,0.846580,0.802338,0.873850,0.800000,0.800000,0.800000,auto_clear,none,,1
s0-c1-445,CAM-1,1,VAQ6351,TX,GOV,VA66351,TX,GOV,0.701260,0.983028,0.674346,0.800000,0.800000,0.800000,review,review,correct,0
s0-c1-446,CAM-1,1,SBT1150,TX,COMMERCIAL,SBT1150,AZ,COMMERCIAL,0.913353,0.775864,0.867993,0.800000,0.800000,0.800000,review,review,correct,0
s0-c1-447,CAM-1,1,FNV7199,AZ,TRAILER,FNV7199,AZ,TRAILER,0.552760,0.918609,0.884684,0.800000,0.800000,0.800000,review,review,type2,1
s0-c1-448,CAM-1,1,SSW4459,NM,COMMERCIAL,SSW4459,NM,COMMERCIAL,0.818940,0.876172,0.768283,0.800000,0.800000,0.800000,review,review,type2,1
s0-c1-449,CAM-1,1,ART1188,TX,TEMP,A3T1188,OK,TEMP,0.875337,0.909742,0.681675,0.800000,0.800000,0.800000,review,review,correct,0
s0-c1-450,CAM-1,1,MPN5142,OK,PASSENGER,MPN5142,TX,PASSENGER,0.716212,0.820862,0.703010,0.800000,0.800000,0.800000,review,review,correct,0
s0-c1-451,CAM-1,1,SYL3485,NM,COMMERCIAL,SUL3485,NM,COMMERCIAL,0.720093,0.835268,0.942072,0.800000,0.800000,0.800000,review,review,correct,0
s0-c1-452,CAM-1,1,WWB2378,FL,PASSENGER,WWB2378,FL,PASSENGER,0.990000,0.848603,0.701870,0.800000,0.800000,0.800000,review,review,type2,1
s0-c1-453,CAM-1,1,ZZU2009,NV,GOV,ZZU2009,CO,GOV,0.906395,0.897552,0.770695,0.800000,0.800000,0.800000,review,review,correct,0
s0-c1-454,CAM-1,1,DUK3640,NV,PASSENGER,DUK3648,NV,PASSENGER,0.779860,0.954814,0.804154,0.800000,0.800000,0.800000,review,review,correct,0
s0-c1-455,CAM-1,1,YGH3680,CO,TRAILER,YGH3680,CO,TRAILER,0.871573,0.638026,0.895542,0.800000,0.800000,0.800000,review,review,type2,1
s0-c1-456,CAM-1,1,KAD2256,CO,PASSENGER,KAD2256,CO,PASSENGER,0.928561,0.850387,0.702036,0.800000,0.800000,0.800000,review,review,type2,1
s0-c1-457,CAM-1,1,MOR7568,TX,COMMERCIAL,MOR7568,TX,COMMERCIAL,0.967363,0.931547,0.626569,0.800000,0.800000,0.800000,review,review,type2,1
s0-c1-458,CAM-1,1,YIE0100,FL,TEMP,YIE0100,FL,TEMP,0.965639,0.680879,0.793169,0.800000,0.800000,0.800000,review,review,type2,1
s0-c1-459,CAM-1,1,EPO1745,AZ,TRAILER,EPO1745,AZ,COMMERCIAL,0.897526,0.574599,0.672069,0.800000,0.800000,0.800000,review,review,correct,0
s0-c1-460,CAM-1,1,WSS3065,AZ,TRAILER,WSS3065,AZ,TRAILER,0.696429,0.644758,0.434649,0.800000,0.800000,0.800000,review,review,type2,1
s0-c1-461,CAM-1,1,BBY5684,NM,GOV,BHY5684,TX,TRAILER,0.517496,0.557870,0.438812,0.800000,0.800000,0.800000,review,review,correct,0
s0-c1-462,CAM-1,1,GJL7619,CA,PASSENGER,GJL7619,CA,PASSENGER,0.781627,0.802815,0.789194,0.800000,0.800000,0.800000,review,review,type2,1
s0-c1-463,CAM-1,1,NVL6770,CA,TRAILER,NVL6770,CA,TRAILER,0.990000,0.907303,0.443664,0.800000,0.800000,0.800000,review,review,type2,1
s0-c1-464,CAM-1,1,XKK3433,FL,GOV,XKK3433,FL,COMMERCIAL,0.941996,0.854831,0.616794,0.800000,0.800000,0.800000,review,review,correct,0
s0-c1-465,CAM-1,1,IJF4816,NV,TEMP,IJF4816,NV,PASSENGER,0.610827,0.790251,0.827208,0.800000,0.800000,0.800000,review,review,correct,0
s0-c1-466,CAM-1,1,HKH6351,NV,COMMERCIAL,HKH6351,NV,COMMERCIAL,0.858619,0.849679,0.881569,0.800000,0.800000,0.800000,auto_clear,none,,1
s0-c1-467,CAM-1,1,RHE0651,NM,COMMERCIAL,RHK0651,NM,GOV,0.738905,0.810634,0.599088,0.800000,0.800000,0.800000,review,review,correct,0
s0-c1-468,CAM-1,1,SWI6008,CA,GOV,SWI60B8,CA,PASSENGER,0.662363,0.731127,0.703712,0.800000,0.800000,0.800000,review,review,correct,0
s0-c1-469,CAM-1,1,RIP1854,OK,GOV,RIP1854,TX,GOV,0.942345,0.863231,0.386996,0.800000,0.800000,0.800000,review,review,correct,0
s0-c1-470,CAM-1,1,RIW6936,FL,TEMP,RIW6936,FL,TEMP,0.990000,0.738296,0.669111,0.800000,0.800000,0.800000,review,review,type2,1
s0-c1-471,CAM-1,1,AOL0302,NV,TEMP,AOL0302,TX,COMMERCIAL,0.889535,0.768612,0.273568,0.800000,0.800000,0.800000,review,review,correct,0
s0-c1-472,CAM-1,1,DNM7437,FL,GOV,DN57437,FL,GOV,0.770039,0.679756,0.917836,0.800000,0.800000,0.800000,review,review,correct,0
s0-c1-473,CAM-1,1,ITJ9577,AZ,GOV,ITJ9577,AZ,GOV,0.953648,0.939849,0.803912,0.800000,0.800000,0.800000,auto_clear,none,,1
s0-c1-474,CAM-1,1,AKH2158,AZ,COMMERCIAL,AKH2158,NM,COMMERCIAL,0.716544,0.640394,0.835240,0.800000,0.800000,0.800000,review,review,correct,0
s0-c1-475,CAM-1,1,FIF3759,AZ,GOV,FIF3759,AZ,TEMP,0.702528,0.756041,0.536511,0.800000,0.800000,0.800000,review,review,correct,0
s0-c1-476,CAM-1,1,RPZ2173,OK,TEMP,RPZ2173,TX,TEMP,0.687507,0.365951,0.733698,0.800000,0.800000,0.800000,review,review,correct,0
s0-c1-477,CAM-1,1,MKT3870,TX,TEMP,MKT3870,TX,PASSENGER,0.743559,0.962596,0.674768,0.800000,0.800000,0.800000,review,review,correct,0
s0-c1-478,CAM-1,1,ZGC7949,NM,GOV,ZGC7949,NM,GOV,0.844786,0.704278,0.903333,0.800000,0.800000,0.800000,review,review,type2,1
s0-c1-479,CAM-1,1,FIV5369,OK,COMMERCIAL,FIV5369,CA,TRAILER,0.605019,0.496583,0.461205,0.800000,0.800000,0.800000,review,review,correct,0
s0-c1-480,CAM-1,1,HJY5350,AZ,COMMERCIAL,HJY5350,AZ,COMMERCIAL,0.990000,0.630740,0.621775,0.800000,0.800000,0.800000,review,review,type2,1
s0-c1-481,CAM-1,1,FNX2070,CA,TRAILER,FNX2070,CA,TRAILER,0.823398,0.702865,0.742531,0.800000,0.800000,0.800000,review,review,type2,1
s0-c1-482,CAM-1,1,HRJ6205,OK,COMMERCIAL,HRJ6J05,OK,COMMERCIAL,0.637945,0.960953,0.832632,0.800000,0.800000,0.800000,review,review,correct,0
s0-c1-483,CAM-1,1,SGF2137,CA,TRAILER,SGF2137,CA,TRAILER,0.683421,0.499267,0.678898,0.800000,0.800000,0.800000,review,review,type2,1
s0-c1-484,CAM-1,1,NKA3547,TX,TRAILER,NK33547,AZ,TRAILER,0.795884,0.885319,0.919261,0.800000,0.800000,0.800000,review,review,correct,0
s0-c1-485,CAM-1,1,ITY4556,CA,TEMP,ITY4556,CA,TEMP,0.990000,0.970073,0.910953,0.800000,0.800000,0.800000,auto_clear,none,,1
s0-c1-486,CAM-1,1,FYC0496,AZ,COMMERCIAL,FYC049K,AZ,COMMERCIAL,0.636524,0.817924,0.909103,0.800000,0.800000,0.800000,review,review,correct,0
s0-c1-487,CAM-1,1,DAZ8406,NV,GOV,DAZ8406,NV,PASSENGER,0.662525,0.886724,0.345044,0.800000,0.800000,0.800000,review,review,correct,0
s0-c1-488,CAM-1,1,DIG4704,FL,GOV,DIG4704,FL,GOV,0.983907,0.454246,0.948253,0.800000,0.800000,0.800000,review,review,type2,1
s0-c1-489,CAM-1,1,VWH3868,OK,TEMP,VWH3868,OK,TEMP,0.717249,0.764493,0.795764,0.800000,0.800000,0.800000,review,review,type2,1
s0-c1-490,CAM-1,1,YLE9656,NM,TRAILER,YLE9656,NV,TRAILER,0.817814,0.880887,0.790980,0.800000,0.800000,0.800000,review,review,correct,0
s0-c1-491,CAM-1,1,HHC9929,NM,TRAILER,HHC9929,NM,GOV,0.481089,0.365047,0.666662,0.800000,0.800000,0.800000,review,review,correct,0
s0-c1-492,CAM-1,1,XBK6137,FL,GOV,XBK6937,NM,GOV,0.758924,0.782191,0.886098,0.800000,0.800000,0.800000,review,review,correct,0
s0-c1-493,CAM-1,1,XRV6961,AZ,COMMERCIAL,XRV6961,CO,COMMERCIAL,0.728663,0.891417,0.600898,0.800000,0.800000,0.800000,review,review,correct,0
s0-c1-494,CAM-1,1,IIK4688,CA,GOV,IIK4688,CA,GOV,0.564475,0.726772,0.986456,0.800000,0.800000,0.800000,review,review,type2,1
s0-c1-495,CAM-1,1,IPF0712,FL,TEMP,IPF0712,CA,TEMP,0.741081,0.422668,0.737095,0.800000,0.800000,0.800000,review,review,correct,0
s0-c1-496,CAM-1,1,DSX3825,NM,PASSENGER,DSX3825,NM,PASSENGER,0.576161,0.887990,0.831915,0.800000,0.800000,0.800000,review,review,type2,1
s0-c1-497,CAM-1,1,MJA8416,TX,PASSENGER,MJA8416,TX,TRAILER,0.492833,0.830087,0.783093,0.800000,0.800000,0.800000,review,review,correct,0
s0-c1-498,CAM-1,1,IMV0917,TX,TRAILER,IMV0917,TX,TRAILER,0.657374,0.771631,0.650506,0.800000,0.800000,0.800000,review,review,type2,1
s0-c1-499,CAM-1,1,DJW6421,NM,COMMERCIAL,DJW6421,CO,COMMERCIAL,0.990000,0.720320,0.937537,0.800000,0.800000,0.800000,review,review,correct,0
s0-c1-500,CAM-1,1,XNL3722,CA,TEMP,XNL372K,TX,TEMP,0.623350,0.783952,0.883281,0.800000,0.800000,0.800000,review,review,correct,0
s0-c1-501,CAM-1,1,LQY8401,CO,TEMP,LQY8S01,CO,PASSENGER,0.424180,0.918643,0.870646,0.800000,0.800000,0.800000,review,review,correct,0
s0-c1-502,CAM-1,1,ORJ7151,CO,TEMP,ORJ7151,CO,TEMP,0.743364,0.718476,0.721077,0.800000,0.800000,0.800000,review,review,type2,1
s0-c1-503,CAM-1,1,IDK1291,OK,COMMERCIAL,IDK1291,OK,COMMERCIAL,0.747188,0.877788,0.694785,0.800000,0.800000,0.800000,review,review,type2,1
s0-c1-504,CAM-1,1,PJI7316,OK,PASSENGER,PJI7316,OK,PASSENGER,0.586224,0.955289,0.825941,0.800000,0.800000,0.800000,review,review,type2,1
s0-c1-505,CAM-1,1,DSQ9368,NV,TRAILER,DSQ9368,NM,TRAILER,0.703624,0.685609,0.971528,0.800000,0.800000,0.800000,review,review,correct,0
s0-c1-506,CAM-1,1,KJW7167,FL,COMMERCIAL,KJW7167,FL,COMMERCIAL,0.894778,0.868649,0.691418,0.800000,0.800000,0.800000,review,review,type2,1
s0-c1-507,CAM-1,1,NMY5297,AZ,PASSENGER,NMY5297,AZ,PASSENGER,0.705899,0.662675,0.961233,0.800000,0.800000,0.800000,review,review,type2,1
s0-c1-508,CAM-1,1,HPG3594,OK,PASSENGER,HPG3594,OK,PASSENGER,0.990000,0.739844,0.720137,0.800000,0.800000,0.800000,review,review,type2,1
s0-c1-509,CAM-1,1,MPN8862,NM,COMMERCIAL,MPN8862,NM,PASSENGER,0.835371,0.793334,0.583278,0.800000,0.800000,0.800000,review,review,correct,0
s0-c1-510,CAM-1,1,GHF9352,TX,COMMERCIAL,GHF9352,TX,COMMERCIAL,0.780156,0.864729,0.927194,0.800000,0.800000,0.800000,review,review,type2,1
s0-c1-511,CAM-1,1,PPD4237,CO,GOV,PPD4237,CO,GOV,0.713991,0.681147,0.902527,0.800000,0.800000,0.800000,review,review,type2,1
s0-c1-512,CAM-1,1,LXS6574,AZ,TRAILER,LXS6574,OK,TRAILER,0.696662,0.545298,0.761377,0.800000,0.800000,0.800000,review,review,correct,0
s0-c1-513,CAM-1,1,FCC8502,NM,TEMP,FCH8502,NM,TEMP,0.856548,0.811845,0.819673,0.800000,0.800000,0.800000,auto_clear,none,,0
s0-c1-514,CAM-1,1,DGL7888,FL,TRAILER,DGL7888,OK,TRAILER,0.676268,0.629195,0.717190,0.800000,0.800000,0.800000,review,review,correct,0
s0-c1-515,CAM-1,1,EKO0410,NV,PASSENGER,EKOC410,AZ,PASSENGER,0.953953,0.806936,0.764488,0.800000,0.800000,0.800000,review,review,correct,0
s0-c1-516,CAM-1,1,GYP7615,FL,COMMERCIAL,GYP7615,OK,COMMERCIAL,0.615897,0.687179,0.585567,0.800000,0.800000,0.800000,review,review,correct,0
s0-c1-517,CAM-1,1,HLF7429,CA,TRAILER,H4F7429,NM,TRAILER,0.640138,0.453617,0.832992,0.800000,0.800000,0.800000,review,review,correct,0
s0-c1-518,CAM-1,1,RDV0042,NV,GOV,RDV0042,NV,TEMP,0.688891,0.752865,0.866918,0.800000,0.800000,0.800000,review,review,correct,0
s0-c1-519,CAM-1,1,PUR6545,FL,TEMP,PUR6545,NM,TEMP,0.879727,0.657493,0.900853,0.800000,0.800000,0.800000,review,review,correct,0
s0-c1-520,CAM-1,1,QXS7078,OK,TRAILER,QXS7078,CO,TRAILER,0.918344,0.639989,0.902019,0.800000,0.800000,0.800000,review,review,correct,0
s0-c1-521,CAM-1,1,KQO6805,CO,TRAILER,KQO6805,CO,TRAILER,0.990000,0.785616,0.978915,0.800000,0.800000,0.800000,review,review,type2,1
s0-c1-522,CAM-1,1,NYM8314,FL,PASSENGER,NYM8614,FL,PASSENGER,0.904797,0.675702,0.719740,0.800000,0.800000,0.800000,review,review,correct,0
s0-c1-523,CAM-1,1,THM0398,TX,TRAILER,TDM0398,TX,TRAILER,0.372371,0.686452,0.846687,0.800000,0.800000,0.800000,review,review,correct,0
s0-c1-524,CAM-1,1,YVL0919,CA,PASSENGER,YVL0919,CA,PASSENGER,0.449529,0.696954,0.844059,0.800000,0.800000,0.800000,review,review,type2,1
s0-c1-525,CAM-1,1,BFE9570,TX,GOV,BFE9570,TX,TRAILER,0.878930,0.698921,0.823503,0.800000,0.800000,0.800000,review,review,correct,0
s0-c1-526,CAM-1,1,NRM8277,NV,PASSENGER,NRM8277,NV,PASSENGER,0.666759,0.448672,0.325591,0.800000,0.800000,0.800000,review,review,type2,1
s0-c1-527,CAM-1,1,KXO9808,OK,COMMERCIAL,KXO9808,OK,COMMERCIAL,0.970420,0.990000,0.667106,0.800000,0.800000,0.800000,review,review,type2,1
s0-c1-528,CAM-1,1,TLJ9407,TX,GOV,TLJ9407,TX,TRAILER,0.676125,0.665760,0.418971,0.800000,0.800000,0.800000,review,review,correct,0
s0-c1-529,CAM-1,1,LAW0794,AZ,COMMERCIAL,LAW0794,AZ,COMMERCIAL,0.774490,0.560664,0.691641,0.800000,0.800000,0.800000,review,review,type2,1
s0-c1-530,CAM-1,1,VWM2061,OK,TEMP,VOM2061,OK,TEMP,0.853138,0.802030,0.696951,0.800000,0.800000,0.800000,review,review,correct,0
s0-c1-531,CAM-1,1,PPB0306,CA,GOV,PPB0306,FL,GOV,0.806477,0.740325,0.818173,0.800000,0.800000,0.800000,review,review,correct,0
s0-c1-532,CAM-1,1,QEO3264,OK,GOV,QEO3264,OK,GOV,0.990000,0.880417,0.878587,0.800000,0.800000,0.800000,auto_clear,none,,1
s0-c1-533,CAM-1,1,NYO7034,TX,GOV,NYO7034,TX,TEMP,0.904510,0.747302,0.483668,0.800000,0.800000,0.800000,review,review,correct,0
s0-c1-534,CAM-1,1,IQI4420,CO,PASSENGER,IQI4420,NM,PASSENGER,0.700196,0.776392,0.940518,0.800000,0.800000,0.800000,review,review,correct,0
s0-c1-535,CAM-1,1,SAM2819,TX,TEMP,SAM2819,TX,TEMP,0.960785,0.888093,0.331608,0.800000,0.800000,0.800000,review,review,type2,1
s0-c1-536,CAM-1,1,PVQ2764,CO,TRAILER,PVQ27O4,CO,GOV,0.616744,0.467387,0.680726,0.800000,0.800000,0.800000,review,review,correct,0
s0-c1-537,CAM-1,1,MKD9679,NM,TEMP,MKD9679,NM,TEMP,0.810096,0.630310,0.867855,0.800000,0.800000,0.800000,review,review,type2,1
s0-c1-538,CAM-1,1,TCT0327,CA,COMMERCIAL,TCT0327,CA,TRAILER,0.712152,0.795057,0.671382,0.800000,0.800000,0.800000,review,review,correct,0
s0-c1-539,CAM-1,1,LLM7658,FL,GOV,LLM7658,FL,GOV,0.990000,0.753910,0.937126,0.800000,0.800000,0.800000,review,review,type2,1
s0-c1-540,CAM-1,1,RPL3359,CA,COMMERCIAL,RPL3359,OK,TRAILER,0.638441,0.703498,0.895951,0.800000,0.800000,0.800000,review,review,correct,0
s0-c1-541,CAM-1,1,FAD9632,FL,PASSENGER,FAD9632,FL,COMMERCIAL,0.708429,0.847572,0.759490,0.800000,0.800000,0.800000,review,review,correct,0
s0-c1-542,CAM-1,1,BXU1422,OK,GOV,BXU1422,OK,PASSENGER,0.951889,0.746376,0.318893,0.800000,0.800000,0.800000,review,review,correct,0
s0-c1-543,CAM-1,1,HPF4134,CA,GOV,HPF4134,CA,GOV,0.938516,0.779274,0.761665,0.800000,0.800000,0.800000,review,review,type2,1
s0-c1-544,CAM-1,1,JVE5564,FL,TEMP,JVE5564,FL,TEMP,0.883378,0.797202,0.990000,0.800000,0.800000,0.800000,review,review,type2,1
s0-c1-545,CAM-1,1,HSF5180,NM,GOV,HSF51T0,NV,GOV,0.902260,0.752666,0.530893,0.800000,0.800000,0.800000,review,review,correct,0
s0-c1-546,CAM-1,1,XRJ0420,TX,TRAILER,XRJ04S0,TX,GOV,0.592889,0.990000,0.667742,0.800000,0.800000,0.800000,review,review,correct,0
s0-c1-547,CAM-1,1,SHX3268,CA,COMMERCIAL,SHX3268,CA,PASSENGER,0.816633,0.860380,0.375122,0.800000,0.800000,0.800000,review,review,correct,0
s0-c1-548,CAM-1,1,CTN9637,OK,COMMERCIAL,CTN9637,OK,COMMERCIAL,0.936726,0.667440,0.809290,0.800000,0.800000,0.800000,review,review,type2,1
s0-c1-549,CAM-1,1,SVM0821,FL,TRAILER,SVM082R,FL,COMMERCIAL,0.398326,0.801161,0.920604,0.800000,0.800000,0.800000,review,review,correct,0
s0-c1-550,CAM-1,1,VWI8914,FL,COMMERCIAL,VWI8914,FL,GOV,0.866848,0.798065,0.545781,0.800000,0.800000,0.800000,review,review,correct,0
s0-c1-551,CAM-1,1,SRW7579,OK,TEMP,SRW7579,OK,TEMP,0.821816,0.570525,0.685702,0.800000,0.800000,0.800000,review,review,type2,1
s0-c1-552,CAM-1,1,USX4203,CO,TRAILER,USX4203,CO,TRAILER,0.655779,0.514861,0.474298,0.800000,0.800000,0.800000,review,review,type2,1
s0-c1-553,CAM-1,1,LLI2192,CA,GOV,LLI2192,CA,GOV,0.712570,0.798213,0.895514,0.800000,0.800000,0.800000,review,review,type2,1
s0-c1-554,CAM-1,1,RTG0278,NV,GOV,RTG0278,NV,COMMERCIAL,0.990000,0.550499,0.494485,0.800000,0.800000,0.800000,review,review,correct,0
s0-c1-555,CAM-1,1,WAQ0052,OK,TRAILER,WAQ0Z52,CO,TRAILER,0.851355,0.463260,0.990000,0.800000,0.800000,0.800000,review,review,correct,0
s0-c1-556,CAM-1,1,XXH1005,NM,TRAILER,XXH1005,NM,PASSENGER,0.946263,0.621765,0.591844,0.800000,0.800000,0.800000,review,review,correct,0
s0-c1-557,CAM-1,1,DFD7431,NV,TRAILER,DFD7431,NV,TRAILER,0.841404,0.897364,0.794035,0.800000,0.800000,0.800000,review,review,type2,1
s0-c1-558,CAM-1,1,EVC4684,CO,PASSENGER,EVC4684,CO,PASSENGER,0.916559,0.866634,0.800047,0.800000,0.800000,0.800000,auto_clear,none,,1
s0-c1-559,CAM-1,1,AAQ4014,FL,GOV,AAQ4014,OK,GOV,0.777445,0.657101,0.834058,0.800000,0.800000,0.800000,review,review,correct,0
s0-c1-560,CAM-1,1,WRN5085,OK,GOV,WRNP085,OK,GOV,0.736984,0.530938,0.980483,0.800000,0.800000,0.800000,review,review,correct,0
s0-c1-561,CAM-1,1,SRT5952,TX,GOV,SRT5952,TX,GOV,0.630924,0.912867,0.765083,0.800000,0.800000,0.800000,review,review,type2,1
s0-c1-562,CAM-1,1,AUO8184,AZ,GOV,AHO8184,AZ,GOV,0.990000,0.424837,0.725263,0.800000,0.800000,0.800000,review,review,correct,0
s0-c1-563,CAM-1,1,YIZ0017,NV,TEMP,YIZ0017,TX,TEMP,0.843118,0.563686,0.784570,0.800000,0.800000,0.800000,review,review,correct,0
s0-c1-564,CAM-1,1,VSO0465,NM,COMMERCIAL,VSO0465,NM,COMMERCIAL,0.732191,0.844289,0.984518,0.800000,0.800000,0.800000,review,review,type2,1
s0-c1-565,CAM-1,1,KHZ0094,CO,COMMERCIAL,WHZ0094,CO,COMMERCIAL,0.676598,0.659389,0.711160,0.800000,0.800000,0.800000,review,review,correct,0
s0-c1-566,CAM-1,1,CTR2914,OK,GOV,CTR2914,OK,GOV,0.990000,0.521380,0.457593,0.800000,0.800000,0.800000,review,review,type2,1
s0-c1-567,CAM-1,1,AHR9044,AZ,TRAILER,AHR9044,FL,COMMERCIAL,0.892235,0.512431,0.767984,0.800000,0.800000,0.800000,review,review,correct,0
s0-c1-568,CAM-1,1,OAG9930,NV,COMMERCIAL,OAF9930,NV,COMMERCIAL,0.845220,0.515617,0.791928,0.800000,0.800000,0.800000,review,review,correct,0
s0-c1-569,CAM-1,1,KNT8795,NV,PASSENGER,KNT8795,NV,PASSENGER,0.754102,0.732701,0.806378,0.800000,0.800000,0.800000,review,review,type2,1
s0-c1-570,CAM-1,1,BYM4519,TX,COMMERCIAL,BYM4519,TX,COMMERCIAL,0.572962,0.990000,0.723928,0.800000,0.800000,0.800000,review,review,type2,1
s0-c1-571,CAM-1,1,DRI9094,OK,PASSENGER,DRI9094,OK,PASSENGER,0.629418,0.844772,0.720625,0.800000,0.800000,0.800000,review,review,type2,1
s0-c1-572,CAM-1,1,FGO9295,OK,TRAILER,FGON295,OK,TRAILER,0.655100,0.948301,0.650163,0.800000,0.800000,0.800000,review,review,correct,0
s0-c1-573,CAM-1,1,SJO8349,CA,TEMP,SJO8349,CA,TRAILER,0.883262,0.665308,0.742633,0.800000,0.800000,0.800000,review,review,correct,0
s0-c1-574,CAM-1,1,UZX6144,NM,TRAILER,UZX6144,NM,TRAILER,0.593681,0.832027,0.807966,0.800000,0.800000,0.800000,review,review,type2,1
s0-c1-575,CAM-1,1,SDE9742,CO,COMMERCIAL,SDE9742,CO,TRAILER,0.818697,0.824945,0.631280,0.800000,0.800000,0.800000,review,review,correct,0
s0-c1-576,CAM-1,1,KJG8158,NM,TEMP,KJG8158,NM,PASSENGER,0.444156,0.842179,0.518725,0.800000,0.800000,0.800000,review,review,correct,0
s0-c1-577,CAM-1,1,HWH5355,OK,PASSENGER,HWHG355,OK,PASSENGER,0.921152,0.605465,0.914804,0.800000,0.800000,0.800000,review,review,correct,0
s0-c1-578,CAM-1,1,ZBO5620,OK,GOV,ZBO5620,OK,GOV,0.345136,0.736933,0.831764,0.800000,0.800000,0.800000,review,review,type2,1
s0-c1-579,CAM-1,1,KWJ1339,CA,TEMP,KWJ1339,CA,GOV,0.868438,0.810982,0.739127,0.800000,0.800000,0.800000,review,review,correct,0
s0-c1-580,CAM-1,1,LKZ1178,TX,GOV,LKZ1178,CA,COMMERCIAL,0.722752,0.748055,0.742665,0.800000,0.800000,0.800000,review,review,correct,0
s0-c1-581,CAM-1,1,GFQ8716,OK,GOV,GFQ4716,OK,PASSENGER,0.417188,0.705338,0.900489,0.800000,0.800000,0.800000,review,review,correct,0
s0-c1-582,CAM-1,1,OKZ2541,CA,PASSENGER,OKZ2541,CA,TEMP,0.912363,0.561234,0.370129,0.800000,0.800000,0.800000,review,review,correct,0
s0-c1-583,CAM-1,1,NKS1356,TX,GOV,NKS1356,TX,PASSENGER,0.844994,0.816462,0.493596,0.800000,0.800000,0.800000,review,review,correct,0
s0-c1-584,CAM-1,1,MXG0028,NV,COMMERCIAL,MXG0028,NV,COMMERCIAL,0.532222,0.796889,0.874926,0.800000,0.800000,0.800000,review,review,type2,1
s0-c1-585,CAM-1,1,FHR9166,OK,COMMERCIAL,FHR7166,OK,COMMERCIAL,0.720550,0.971157,0.770237,0.800000,0.800000,0.800000,review,review,correct,0
s0-c1-586,CAM-1,1,NLK1841,FL,COMMERCIAL,NLK1841,FL,GOV,0.794845,0.582287,0.479009,0.800000,0.800000,0.800000,review,review,correct,0
s0-c1-587,CAM-1,1,ZHM3121,TX,TEMP,ZHM3121,TX,GOV,0.483186,0.516712,0.602131,0.800000,0.800000,0.800000,review,review,correct,0
s0-c1-588,CAM-1,1,BCC7820,CO,COMMERCIAL,BCC7820,CO,COMMERCIAL,0.942982,0.928309,0.781093,0.800000,0.800000,0.800000,review,review,type2,1
s0-c1-589,CAM-1,1,EZJ4221,NV,PASSENGER,EZJ4221,NV,PASSENGER,0.816807,0.762534,0.564646,0.800000,0.800000,0.800000,review,review,type2,1
s0-c1-590,CAM-1,1,TXG1726,CA,TRAILER,TXG1726,CA,TRAILER,0.965566,0.940417,0.833303,0.800000,0.800000,0.800000,auto_clear,none,,1
s0-c1-591,CAM-1,1,KBT1599,NV,TRAILER,KET1599,NV,TRAILER,0.538043,0.797890,0.605164,0.800000,0.800000,0.800000,review,review,correct,0
s0-c1-592,CAM-1,1,HVQ8680,AZ,GOV,HVQ8680,AZ,GOV,0.968606,0.847928,0.262565,0.800000,0.800000,0.800000,review,review,type2,1
s0-c1-593,CAM-1,1,VUP3355,TX,GOV,VUP3357,CA,GOV,0.823741,0.722883,0.646439,0.800000,0.800000,0.800000,review,review,correct,0
s0-c1-594,CAM-1,1,VHJ0370,TX,COMMERCIAL,VHJ0370,TX,COMMERCIAL,0.893867,0.990000,0.872268,0.800000,0.800000,0.800000,auto_clear,none,,1
s0-c1-595,CAM-1,1,GXP0311,NM,TRAILER,GXP0311,NM,TEMP,0.939747,0.889848,0.596649,0.800000,0.800000,0.800000,review,review,correct,0
s0-c1-596,CAM-1,1,QCX3658,CA,TEMP,QCX3658,CA,TEMP,0.759407,0.714661,0.686065,0.800000,0.800000,0.800000,review,review,type2,1
s0-c1-597,CAM-1,1,YFG1531,FL,TRAILER,YFG1531,CA,TRAILER,0.986076,0.741270,0.680419,0.800000,0.800000,0.800000,review,review,correct,0
s0-c1-598,CAM-1,1,FUN8100,AZ,PASSENGER,FUN8100,AZ,PASSENGER,0.749414,0.783548,0.465273,0.800000,0.800000,0.800000,review,review,type2,1
s0-c1-599,CAM-1,1,MZX9625,TX,TRAILER,MZX9625,TX,TRAILER,0.748977,0.789629,0.794975,0.800000,0.800000,0.800000,review,review,type2,1
s0-c1-600,CAM-1,1,HGO9157,NV,TRAILER,HGO9157,NV,TRAILER,0.909164,0.708171,0.957731,0.800000,0.800000,0.800000,review,review,type2,1
s0-c1-601,CAM-1,1,QGI7230,TX,TRAILER,QGII230,AZ,PASSENGER,0.595563,0.432795,0.632419,0.800000,0.800000,0.800000,review,review,correct,0
s0-c1-602,CAM-1,1,WEU1909,CO,COMMERCIAL,WEU1909,CO,TRAILER,0.990000,0.781236,0.744201,0.800000,0.800000,0.800000,review,review,correct,0
s0-c1-603,CAM-1,1,BCM0499,TX,COMMERCIAL,BCM0499,TX,COMMERCIAL,0.408295,0.708452,0.713029,0.800000,0.800000,0.800000,review,review,type2,1
s0-c1-604,CAM-1,1,BSL1140,AZ,COMMERCIAL,BSL1140,CA,COMMERCIAL,0.763481,0.920234,0.881404,0.800000,0.800000,0.800000,review,review,correct,0
s0-c1-605,CAM-1,1,XDQ4901,TX,PASSENGER,XDQ4901,NM,PASSENGER,0.910991,0.540355,0.867598,0.800000,0.800000,0.800000,review,review,correct,0
s0-c1-606,CAM-1,1,OHL0959,TX,COMMERCIAL,OHL0959,TX,COMMERCIAL,0.711416,0.896780,0.835246,0.800000,0.800000,0.800000,review,review,type2,1
s0-c1-607,CAM-1,1,NLX6844,CA,COMMERCIAL,NLX6844,CA,COMMERCIAL,0.894363,0.821326,0.959390,0.800000,0.800000,0.800000,auto_clear,none,,1
s0-c1-608,CAM-1,1,FRJ5194,FL,GOV,FRJ5194,FL,GOV,0.887395,0.763398,0.922667,0.800000,0.800000,0.800000,review,review,type2,1
s0-c1-609,CAM-1,1,ZJX6840,FL,COMMERCIAL,ZJX6840,FL,COMMERCIAL,0.959802,0.745121,0.734028,0.800000,0.800000,0.800000,review,review,type2,1
s0-c1-610,CAM-1,1,HOF4839,CA,GOV,HOF4839,CA,GOV,0.477939,0.800579,0.693207,0.800000,0.800000,0.800000,review,review,type2,1
s0-c1-611,CAM-1,1,MLC4602,FL,TEMP,MFC4602,FL,TEMP,0.779435,0.839747,0.990000,0.800000,0.800000,0.800000,review,review,correct,0
s0-c1-612,CAM-1,1,FHN5020,FL,GOV,FHN5020,FL,GOV,0.858567,0.727173,0.651303,0.800000,0.800000,0.800000,review,review,type2,1
s0-c1-613,CAM-1,1,IPT5185,TX,GOV,IPT5185,TX,GOV,0.911657,0.770793,0.486882,0.800000,0.800000,0.800000,review,review,type2,1
s0-c1-614,CAM-1,1,YRV3384,NV,PASSENGER,YRV338B,NV,PASSENGER,0.777230,0.872587,0.842696,0.800000,0.800000,0.800000,review,review,correct,0
s0-c1-615,CAM-1,1,AWL9172,TX,COMMERCIAL,AWL9172,TX,COMMERCIAL,0.931923,0.874275,0.811071,0.800000,0.800000,0.800000,auto_clear,none,,1
s0-c1-616,CAM-1,1,RDD1499,FL,PASSENGER,RDD1499,CA,PASSENGER,0.879242,0.671070,0.702167,0.800000,0.800000,0.800000,review,review,correct,0
s0-c1-617,CAM-1,1,USV0276,NV,GOV,USV0276,NV,GOV,0.725807,0.781428,0.700634,0.800000,0.800000,0.800000,review,review,type2,1
s0-c1-618,CAM-1,1,NNV6628,AZ,GOV,NNV6628,AZ,GOV,0.780687,0.858691,0.779262,0.800000,0.800000,0.800000,review,review,type2,1
s0-c1-619,CAM-1,1,EJT7974,NM,TRAILER,EJT7974,NM,TRAILER,0.530589,0.866485,0.720149,0.800000,0.800000,0.800000,review,review,type2,1
s0-c1-620,CAM-1,1,YOV1601,CA,PASSENGER,YOV1601,CA,PASSENGER,0.922805,0.853111,0.990000,0.800000,0.800000,0.800000,auto_clear,none,,1
s0-c1-621,CAM-1,1,OHQ2325,OK,PASSENGER,OHQ2325,OK,GOV,0.990000,0.935795,0.737321,0.800000,0.800000,0.800000,review,review,correct,0
s0-c1-622,CAM-1,1,NJK5809,AZ,TRAILER,NJK5809,AZ,TRAILER,0.684704,0.834580,0.883092,0.800000,0.800000,0.800000,review,review,type2,1
s0-c1-623,CAM-1,1,XJQ4577,OK,COMMERCIAL,XJ54577,OK,COMMERCIAL,0.806459,0.775980,0.815983,0.800000,0.800000,0.800000,review,review,correct,0
s0-c1-624,CAM-1,1,OMW3507,TX,PASSENGER,OMW3507,TX,PASSENGER,0.795564,0.750384,0.927199,0.800000,0.800000,0.800000,review,review,type2,1
s0-c1-625,CAM-1,1,TCT8365,OK,GOV,TCT8365,OK,GOV,0.706592,0.794445,0.784460,0.800000,0.800000,0.800000,review,review,type2,1
s0-c1-626,CAM-1,1,PWG4808,CO,COMMERCIAL,PWG4808,CO,COMMERCIAL,0.899265,0.785532,0.730139,0.800000,0.800000,0.800000,review,review,type2,1
s0-c1-627,CAM-1,1,RYH6781,NM,GOV,RYH6781,TX,COMMERCIAL,0.964784,0.493492,0.700071,0.800000,0.800000,0.800000,review,review,correct,0
s0-c1-628,CAM-1,1,HGT7738,NM,COMMERCIAL,HGT7E38,NM,COMMERCIAL,0.912788,0.877312,0.864985,0.800000,0.800000,0.800000,auto_clear,none,,0
s0-c1-629,CAM-1,1,ITG6395,OK,COMMERCIAL,ITG6395,OK,COMMERCIAL,0.549229,0.274132,0.679891,0.800000,0.800000,0.800000,review,review,type2,1
s0-c1-630,CAM-1,1,NSC9678,CA,GOV,NSC9678,CA,GOV,0.990000,0.990000,0.730188,0.800000,0.800000,0.800000,review,review,type2,1
s0-c1-631,CAM-1,1,MYJ0472,CA,TEMP,MYJ0472,CA,TEMP,0.909439,0.921925,0.781531,0.800000,0.800000,0.800000,review,review,type2,1
s0-c1-632,CAM-1,1,YVH5384,NV,PASSENGER,YVH5384,TX,PASSENGER,0.730463,0.565690,0.896568,0.800000,0.800000,0.800000,review,review,correct,0
s0-c1-633,CAM-1,1,HMI3177,NV,PASSENGER,HMI3177,NV,PASSENGER,0.696123,0.614827,0.499665,0.800000,0.800000,0.800000,review,review,type2,1
s0-c1-634,CAM-1,1,GMK8852,NM,PASSENGER,GMK8852,NM,PASSENGER,0.729375,0.746777,0.686806,0.800000,0.800000,0.800000,review,review,type2,1
s0-c1-635,CAM-1,1,VYY3529,CA,PASSENGER,VYY3529,NV,TEMP,0.990000,0.621713,0.706918,0.800000,0.800000,0.800000,review,review,correct,0
s0-c1-636,CAM-1,1,IXB6841,TX,TRAILER,IXB6841,NV,TRAILER,0.705974,0.730301,0.783911,0.800000,0.800000,0.800000,review,review,correct,0
s0-c1-637,CAM-1,1,HTK7541,CA,COMMERCIAL,HTK7541,CA,COMMERCIAL,0.904895,0.802526,0.701644,0.800000,0.800000,0.800000,review,review,type2,1
s0-c1-638,CAM-1,1,ZVE9795,OK,COMMERCIAL,ZVE9795,OK,GOV,0.926597,0.651655,0.551197,0.800000,0.800000,0.800000,review,review,correct,0
s0-c1-639,CAM-1,1,ULJ0620,FL,TEMP,3LJ0620,FL,TEMP,0.720063,0.857872,0.903965,0.800000,0.800000,0.800000,review,review,correct,0
s0-c1-640,CAM-1,1,YHI2967,FL,GOV,YHI2967,FL,GOV,0.983241,0.578365,0.690706,0.800000,0.800000,0.800000,review,review,type2,1
s0-c1-641,CAM-1,1,GDE7314,CO,TEMP,XDE7314,CO,TEMP,0.657272,0.720650,0.641983,0.800000,0.800000,0.800000,review,review,correct,0
s0-c1-642,CAM-1,1,MAW5889,CA,TRAILER,MAW5889,AZ,TRAILER,0.452745,0.548160,0.758709,0.800000,0.800000,0.800000,review,review,correct,0
s0-c1-643,CAM-1,1,NBO3213,CA,TRAILER,NBO3213,NV,TEMP,0.765055,0.633639,0.567918,0.800000,0.800000,0.800000,review,review,correct,0
s0-c1-644,CAM-1,1,NLV2864,CO,TEMP,NLV2864,NV,TRAILER,0.966155,0.540383,0.557495,0.800000,0.800000,0.800000,review,review,correct,0
s0-c1-645,CAM-1,1,FFR8469,NV,PASSENGER,FFR8469,CO,PASSENGER,0.908694,0.729591,0.859439,0.800000,0.800000,0.800000,review,review,correct,0
s0-c1-646,CAM-1,1,ITN5360,OK,PASSENGER,ITN5360,OK,PASSENGER,0.933517,0.861143,0.692174,0.800000,0.800000,0.800000,review,review,type2,1
s0-c1-647,CAM-1,1,FBN8035,NV,PASSENGER,FBN8032,NV,PASSENGER,0.856395,0.854065,0.763195,0.800000,0.800000,0.800000,review,review,correct,0
s0-c1-648,CAM-1,1,FTE0167,CA,COMMERCIAL,FTE0A67,CA,TRAILER,0.652159,0.762161,0.921501,0.800000,0.800000,0.800000,review,review,correct,0
s0-c1-649,CAM-1,1,RHC8605,AZ,COMMERCIAL,RHC8605,AZ,COMMERCIAL,0.634479,0.824355,0.974520,0.800000,0.800000,0.800000,review,review,type2,1
s0-c1-650,CAM-1,1,PUK6922,FL,PASSENGER,PUK6922,FL,PASSENGER,0.784049,0.733854,0.928292,0.800000,0.800000,0.800000,review,review,type2,1
s0-c1-651,CAM-1,1,WLE1692,NM,GOV,WLE169H,CO,GOV,0.358198,0.550899,0.869159,0.800000,0.800000,0.800000,review,review,correct,0
s0-c1-652,CAM-1,1,KTU5325,NM,TEMP,KTU5326,NM,TEMP,0.682776,0.945107,0.801379,0.800000,0.800000,0.800000,review,review,correct,0
s0-c1-653,CAM-1,1,UMJ2509,CA,PASSENGER,UMJY509,CA,PASSENGER,0.289073,0.835743,0.820840,0.800000,0.800000,0.800000,review,review,correct,0
s0-c1-654,CAM-1,1,GAA7918,CO,TRAILER,GAA7918,CO,PASSENGER,0.801775,0.633907,0.710305,0.800000,0.800000,0.800000,review,review,correct,0
s0-c1-655,CAM-1,1,WFJ1242,CO,PASSENGER,WFJ1242,CO,PASSENGER,0.900173,0.883555,0.785460,0.800000,0.800000,0.800000,review,review,type2,1
s0-c1-656,CAM-1,1,MVP2377,AZ,TEMP,MVP2377,AZ,TEMP,0.951023,0.990000,0.925509,0.800000,0.800000,0.800000,auto_clear,none,,1
s0-c1-657,CAM-1,1,CZE3718,CO,TRAILER,CZE3718,CO,TRAILER,0.990000,0.749706,0.914811,0.800000,0.800000,0.800000,review,review,type2,1
s0-c1-658,CAM-1,1,GZY8521,CA,GOV,GZY8521,OK,GOV,0.909478,0.659524,0.741149,0.800000,0.800000,0.800000,review,review,correct,0
s0-c1-659,CAM-1,1,XCT4452,CO,GOV,XCT4452,CO,TRAILER,0.990000,0.889533,0.898611,0.800000,0.800000,0.800000,auto_clear,none,,0
s0-c1-660,CAM-1,1,NMV3803,NV,COMMERCIAL,NMV3803,NV,COMMERCIAL,0.661288,0.801285,0.742083,0.800000,0.800000,0.800000,review,review,type2,1
s0-c1-661,CAM-1,1,DWQ7965,TX,COMMERCIAL,DWQ7965,TX,GOV,0.835407,0.928761,0.576636,0.800000,0.800000,0.800000,review,review,correct,0
s0-c1-662,CAM-1,1,FWO7142,CO,GOV,FWO7172,CO,GOV,0.596519,0.531714,0.706914,0.800000,0.800000,0.800000,review,review,correct,0
s0-c1-663,CAM-1,1,UOL1413,CO,GOV,UOL1413,CO,GOV,0.935553,0.627246,0.823072,0.800000,0.800000,0.800000,review,review,type2,1
s0-c1-664,CAM-1,1,UAN9904,FL,TRAILER,UAN9904,FL,TRAILER,0.865674,0.879536,0.481433,0.800000,0.800000,0.800000,review,review,type2,1
s0-c1-665,CAM-1,1,SAW5991,NM,PASSENGER,SAW5991,TX,TRAILER,0.811696,0.500455,0.439176,0.800000,0.800000,0.800000,review,review,correct,0
s0-c1-666,CAM-1,1,WYR5954,NV,GOV,WYR5954,NV,COMMERCIAL,0.942999,0.855172,0.632150,0.800000,0.800000,0.800000,review,review,correct,0
s0-c1-667,CAM-1,1,KIJ7330,FL,TEMP,KIJ7330,FL,PASSENGER,0.988061,0.873945,0.871439,0.800000,0.800000,0.800000,auto_clear,none,,0
s0-c1-668,CAM-1,1,WXA0881,NM,COMMERCIAL,WXAU881,FL,TEMP,0.352597,0.491513,0.440100,0.800000,0.800000,0.800000,review,review,correct,0
s0-c1-669,CAM-1,1,WWM1380,CA,PASSENGER,WWM1380,CA,PASSENGER,0.789746,0.606255,0.547348,0.800000,0.800000,0.800000,review,review,type2,1
s0-c1-670,CAM-1,1,OBX9576,TX,TEMP,OBX9576,AZ,TEMP,0.910721,0.818005,0.731035,0.800000,0.800000,0.800000,review,review,correct,0
s0-c1-671,CAM-1,1,VNO1425,FL,COMMERCIAL,VNO1425,FL,COMMERCIAL,0.653988,0.631450,0.920942,0.800000,0.800000,0.800000,review,review,type2,1
s0-c1-672,CAM-1,1,UEO9771,AZ,GOV,UEO97X1,AZ,PASSENGER,0.597469,0.790987,0.578297,0.800000,0.800000,0.800000,review,review,correct,0
s0-c1-673,CAM-1,1,VMS4580,OK,COMMERCIAL,VMS4580,OK,PASSENGER,0.950429,0.805946,0.663686,0.800000,0.800000,0.800000,review,review,correct,0
s0-c1-674,CAM-1,1,PZJ7443,NM,GOV,PZJ7443,NM,GOV,0.813055,0.900132,0.817419,0.800000,0.800000,0.800000,auto_clear,none,,1
s0-c1-675,CAM-1,1,YBE2824,AZ,PASSENGER,YBE2824,AZ,PASSENGER,0.822073,0.436252,0.793843,0.800000,0.800000,0.800000,review,review,type2,1
s0-c1-676,CAM-1,1,RJY3569,OK,TEMP,RJY3569,OK,TEMP,0.835317,0.851471,0.518043,0.800000,0.800000,0.800000,review,review,type2,1
s0-c1-677,CAM-1,1,TDZ1488,FL,GOV,TDZ1488,CO,GOV,0.768595,0.605971,0.718565,0.800000,0.800000,0.800000,review,review,correct,0
s0-c1-678,CAM-1,1,XTS5379,FL,COMMERCIAL,XTS5379,FL,COMMERCIAL,0.971270,0.957778,0.371448,0.800000,0.800000,0.800000,review,review,type2,1
s0-c1-679,CAM-1,1,WPL1845,NM,GOV,WPL1845,NM,GOV,0.864895,0.959865,0.788511,0.800000,0.800000,0.800000,review,review,type2,1
s0-c1-680,CAM-1,1,TJS9565,TX,COMMERCIAL,TJS9565,TX,COMMERCIAL,0.486632,0.888019,0.944465,0.800000,0.800000,0.800000,review,review,type2,1
s0-c1-681,CAM-1,1,DGB1620,TX,GOV,DGB1620,TX,PASSENGER,0.898938,0.568580,0.629847,0.800000,0.800000,0.800000,review,review,correct,0
s0-c1-682,CAM-1,1,WKZ6397,NV,TEMP,WKZ63B7,TX,GOV,0.643978,0.825048,0.952420,0.800000,0.800000,0.800000,review,review,correct,0
s0-c1-683,CAM-1,1,VWK8623,NM,PASSENGER,VWK8623,TX,GOV,0.678013,0.690335,0.647430,0.800000,0.800000,0.800000,review,review,correct,0
s0-c1-684,CAM-1,1,ZOY8550,OK,TRAILER,ZHY8550,OK,COMMERCIAL,0.579048,0.696088,0.593641,0.800000,0.800000,0.800000,review,review,correct,0
s0-c1-685,CAM-1,1,JBW5698,OK,TEMP,JBW5698,OK,TEMP,0.990000,0.895670,0.705604,0.800000,0.800000,0.800000,review,review,type2,1
s0-c1-686,CAM-1,1,OXX2828,CA,PASSENGER,OXX2828,CA,PASSENGER,0.875203,0.722783,0.870325,0.800000,0.800000,0.800000,review,review,type2,1
s0-c1-687,CAM-1,1,CUU8452,CO,GOV,CUU8452,CO,GOV,0.990000,0.872140,0.763094,0.800000,0.800000,0.800000,review,review,type2,1
s0-c1-688,CAM-1,1,NQH8867,CO,GOV,NQH8867,CO,GOV,0.780011,0.812724,0.405488,0.800000,0.800000,0.800000,review,review,type2,1
s0-c1-689,CAM-1,1,DUQ9487,AZ,TEMP,DUQ9487,AZ,TEMP,0.789155,0.474376,0.659016,0.800000,0.800000,0.800000,review,review,type2,1
s0-c1-690,CAM-1,1,YBU3630,AZ,COMMERCIAL,YBU3630,AZ,COMMERCIAL,0.983193,0.454915,0.483351,0.800000,0.800000,0.800000,review,review,type2,1
s0-c1-691,CAM-1,1,FVS7515,CA,TRAILER,FVS7515,CA,TRAILER,0.937687,0.830894,0.807872,0.800000,0.800000,0.800000,auto_clear,none,,1
s0-c1-692,CAM-1,1,WAZ5013,TX,TEMP,WAZ5023,TX,GOV,0.529744,0.754883,0.651118,0.800000,0.800000,0.800000,review,review,correct,0
s0-c1-693,CAM-1,1,USV5297,CO,GOV,USV5297,CO,GOV,0.746948,0.989123,0.777908,0.800000,0.800000,0.800000,review,review,type2,1
s0-c1-694,CAM-1,1,AUT0157,OK,TRAILER,AUT015T,OK,TRAILER,0.731933,0.985367,0.741723,0.800000,0.800000,0.800000,review,review,correct,0
s0-c1-695,CAM-1,1,KIO0070,CO,COMMERCIAL,KIO0070,CO,PASSENGER,0.892337,0.781641,0.810096,0.800000,0.800000,0.800000,review,review,correct,0
s0-c1-696,CAM-1,1,OJZ7008,OK,TRAILER,ZJZ7008,AZ,TRAILER,0.593728,0.941731,0.726396,0.800000,0.800000,0.800000,review,review,correct,0
s0-c1-697,CAM-1,1,YFG3645,AZ,TEMP,YFG3645,AZ,PASSENGER,0.990000,0.900816,0.395971,0.800000,0.800000,0.800000,review,review,correct,0
s0-c1-698,CAM-1,1,VYT8673,CO,COMMERCIAL,VYT8673,CO,COMMERCIAL,0.761773,0.905586,0.756599,0.800000,0.800000,0.800000,review,review,type2,1
s0-c1-699,CAM-1,1,SBK7317,CA,TRAILER,SBK7317,CA,TRAILER,0.482830,0.636787,0.733016,0.800000,0.800000,0.800000,review,review,type2,1
s0-c1-700,CAM-1,1,PSZ2761,CA,GOV,PSZ2761,CA,GOV,0.809636,0.833685,0.573915,0.800000,0.800000,0.800000,review,review,type2,1
s0-c1-701,CAM-1,1,HIC3516,AZ,TRAILER,HIC3516,AZ,TEMP,0.919798,0.923389,0.781682,0.800000,0.800000,0.800000,review,review,correct,0
s0-c1-702,CAM-1,1,BGT1679,OK,TEMP,BGT1679,OK,GOV,0.767659,0.838977,0.829142,0.800000,0.800000,0.800000,review,review,correct,0
s0-c1-703,CAM-1,1,SAL3331,NV,GOV,SAL3331,NV,GOV,0.810776,0.605050,0.647495,0.800000,0.800000,0.800000,review,review,type2,1
s0-c1-704,CAM-1,1,WPX0710,CA,GOV,WPXT710,CA,GOV,0.919617,0.961018,0.625900,0.800000,0.800000,0.800000,review,review,correct,0
s0-c1-705,CAM-1,1,YSC4346,NM,TRAILER,YSC4346,NM,TRAILER,0.634000,0.981411,0.845889,0.800000,0.800000,0.800000,review,review,type2,1
s0-c1-706,CAM-1,1,PXW7011,NM,GOV,PXW7011,NM,GOV,0.674733,0.950326,0.806490,0.800000,0.800000,0.800000,review,review,type2,1
s0-c1-707,CAM-1,1,CPO0566,OK,TRAILER,CPO0566,OK,TRAILER,0.816032,0.614612,0.935665,0.800000,0.800000,0.800000,review,review,type2,1
s0-c1-708,CAM-1,1,OXN9642,CA,PASSENGER,OXN9642,CA,PASSENGER,0.648999,0.990000,0.868159,0.800000,0.800000,0.800000,review,review,type2,1
s0-c1-709,CAM-1,1,CQB4471,TX,COMMERCIAL,CQB4471,NM,COMMERCIAL,0.740386,0.876330,0.212322,0.800000,0.800000,0.800000,review,review,correct,0
s0-c1-710,CAM-1,1,EZA1526,FL,PASSENGER,EZA1526,FL,PASSENGER,0.899985,0.892006,0.533975,0.800000,0.800000,0.800000,review,review,type2,1
s0-c1-711,CAM-1,1,TPX3403,TX,PASSENGER,TPX3403,TX,TEMP,0.912011,0.674251,0.433408,0.800000,0.800000,0.800000,review,review,correct,0
s0-c1-712,CAM-1,1,WUF1978,CO,COMMERCIAL,WUF1A78,CO,COMMERCIAL,0.717740,0.835636,0.933761,0.800000,0.800000,0.800000,review,review,correct,0
s0-c1-713,CAM-1,1,TXL2237,AZ,GOV,TXL9237,CA,TRAILER,0.650382,0.759705,0.592221,0.800000,0.800000,0.800000,review,review,correct,0
s0-c1-714,CAM-1,1,BND5484,FL,TEMP,BND5484,FL,TEMP,0.940960,0.605447,0.899278,0.800000,0.800000,0.800000,review,review,type2,1
s0-c1-715,CAM-1,1,TNZ9936,AZ,TRAILER,TNZ9936,NV,TRAILER,0.990000,0.696140,0.650066,0.800000,0.800000,0.800000,review,review,correct,0
s0-c1-716,CAM-1,1,EMV5594,TX,TRAILER,EMV5594,TX,GOV,0.912041,0.841334,0.649689,0.800000,0.800000,0.800000,review,review,correct,0
s0-c1-717,CAM-1,1,KNE3091,OK,COMMERCIAL,K7E3091,OK,COMMERCIAL,0.829313,0.832059,0.827781,0.800000,0.800000,0.800000,auto_clear,none,,0
s0-c1-718,CAM-1,1,XUT4957,NV,TEMP,XUT4957,NV,COMMERCIAL,0.945459,0.990000,0.811936,0.800000,0.800000,0.800000,auto_clear,none,,0
s0-c1-719,CAM-1,1,TDL3403,FL,TEMP,TDL3403,NM,TEMP,0.897907,0.752052,0.717232,0.800000,0.800000,0.800000,review,review,correct,0
s0-c1-720,CAM-1,1,VJL3947,CA,GOV,VJL3947,NM,GOV,0.871947,0.769002,0.487215,0.800000,0.800000,0.800000,review,review,correct,0
s0-c1-721,CAM-1,1,TDR9769,NV,GOV,TDR9769,NV,GOV,0.632336,0.990000,0.754581,0.800000,0.800000,0.800000,review,review,type2,1
s0-c1-722,CAM-1,1,JWX5467,TX,COMMERCIAL,JWX5467,OK,COMMERCIAL,0.702376,0.706607,0.876391,0.800000,0.800000,0.800000,review,review,correct,0
s0-c1-723,CAM-1,1,FNA5741,NV,COMMERCIAL,FNA5X41,NV,COMMERCIAL,0.573163,0.829513,0.536664,0.800000,0.800000,0.800000,review,review,correct,0
s0-c1-724,CAM-1,1,AHW5725,FL,COMMERCIAL,AHW5725,FL,COMMERCIAL,0.830843,0.828849,0.553781,0.800000,0.800000,0.800000,review,review,type2,1
s0-c1-725,CAM-1,1,JPK0014,OK,COMMERCIAL,JPK0014,OK,COMMERCIAL,0.883684,0.717680,0.847279,0.800000,0.800000,0.800000,review,review,type2,1
s0-c1-726,CAM-1,1,BVZ5077,OK,TRAILER,BVZ5077,OK,GOV,0.893013,0.760489,0.322255,0.800000,0.800000,0.800000,review,review,correct,0
s0-c1-727,CAM-1,1,MXS0618,NM,COMMERCIAL,MXS0618,NM,PASSENGER,0.777670,0.917776,0.459823,0.800000,0.800000,0.800000,review,review,correct,0
s0-c1-728,CAM-1,1,VVI5818,AZ,PASSENGER,VVI5818,NV,PASSENGER,0.625915,0.636483,0.869068,0.800000,0.800000,0.800000,review,review,correct,0
s0-c1-729,CAM-1,1,KUX4879,TX,COMMERCIAL,KUX4879,CO,COMMERCIAL,0.990000,0.771080,0.632460,0.800000,0.800000,0.800000,review,review,correct,0
s0-c1-730,CAM-1,1,PWG8585,CO,TEMP,PWG8585,CO,PASSENGER,0.949213,0.781268,0.857366,0.800000,0.800000,0.800000,review,review,correct,0
s0-c1-731,CAM-1,1,CXC5947,CA,COMMERCIAL,CXC5947,CA,COMMERCIAL,0.990000,0.859890,0.829491,0.800000,0.800000,0.800000,auto_clear,none,,1
s0-c1-732,CAM-1,1,HDN1715,NV,GOV,HDN1715,NV,GOV,0.881757,0.660024,0.513159,0.800000,0.800000,0.800000,review,review,type2,1
s0-c1-733,CAM-1,1,JWF3146,CO,PASSENGER,JWF314Y,CO,TEMP,0.551488,0.710542,0.339395,0.800000,0.800000,0.800000,review,review,correct,0
s0-c1-734,CAM-1,1,KCN5972,TX,GOV,KCN5972,TX,COMMERCIAL,0.759166,0.910319,0.379029,0.800000,0.800000,0.800000,review,review,correct,0
s0-c1-735,CAM-1,1,AMG0972,OK,TRAILER,AMG0972,OK,TRAILER,0.825602,0.922127,0.321919,0.800000,0.800000,0.800000,review,review,type2,1
s0-c1-736,CAM-1,1,XCD5039,CO,COMMERCIAL,XCD5039,CO,COMMERCIAL,0.832867,0.521453,0.759802,0.800000,0.800000,0.800000,review,review,type2,1
s0-c1-737,CAM-1,1,PXO5038,OK,TRAILER,PXO5038,AZ,TRAILER,0.973939,0.600398,0.861312,0.800000,0.800000,0.800000,review,review,correct,0
s0-c1-738,CAM-1,1,JWV0489,FL,PASSENGER,JWV0489,FL,PASSENGER,0.920286,0.717165,0.762145,0.800000,0.800000,0.800000,review,review,type2,1
s0-c1-739,CAM-1,1,SSJ3758,TX,GOV,SSJ3758,NM,GOV,0.853824,0.600012,0.744356,0.800000,0.800000,0.800000,review,review,correct,0
s0-c1-740,CAM-1,1,EWA5477,NM,COMMERCIAL,EWA5477,NM,COMMERCIAL,0.860881,0.759877,0.769986,0.800000,0.800000,0.800000,review,review,type2,1
s0-c1-741,CAM-1,1,WJQ2472,AZ,TRAILER,WJQ2472,AZ,COMMERCIAL,0.830494,0.605841,0.379199,0.800000,0.800000,0.800000,review,review,correct,0
s0-c1-742,CAM-1,1,YKZ7012,AZ,TRAILER,YKZG012,AZ,TRAILER,0.457612,0.745654,0.808174,0.800000,0.800000,0.800000,review,review,correct,0
s0-c1-743,CAM-1,1,XPF9527,FL,PASSENGER,XPF9527,FL,PASSENGER,0.736028,0.950734,0.647165,0.800000,0.800000,0.800000,review,review,type2,1
s0-c1-744,CAM-1,1,UWJ7005,AZ,GOV,UWJ7005,AZ,GOV,0.711511,0.837393,0.811435,0.800000,0.800000,0.800000,review,review,type2,1
s0-c1-745,CAM-1,1,APS4007,TX,COMMERCIAL,APS4007,TX,COMMERCIAL,0.871887,0.936085,0.796047,0.800000,0.800000,0.800000,review,review,type2,1
s0-c1-746,CAM-1,1,KFW0299,CA,TEMP,KFW0299,CA,TEMP,0.707537,0.730964,0.899375,0.800000,0.800000,0.800000,review,review,type2,1
s0-c1-747,CAM-1,1,NID6940,NM,TRAILER,NID694M,NM,COMMERCIAL,0.596198,0.387929,0.640766,0.800000,0.800000,0.800000,review,review,correct,0
s0-c1-748,CAM-1,1,PAG7596,FL,TEMP,PDG7596,FL,TEMP,0.785474,0.771501,0.919406,0.800000,0.800000,0.800000,review,review,correct,0
s0-c1-749,CAM-1,1,VFN3163,CA,GOV,VFN3163,CA,GOV,0.830761,0.782280,0.835951,0.800000,0.800000,0.800000,review,review,type2,1
s0-c1-750,CAM-1,1,PPP7097,CO,TEMP,PPP7097,CO,TEMP,0.902350,0.990000,0.867534,0.800000,0.800000,0.800000,auto_clear,none,,1
s0-c1-751,CAM-1,1,UXA3538,OK,PASSENGER,AXA3538,OK,PASSENGER,0.793587,0.535051,0.852031,0.800000,0.800000,0.800000,review,review,correct,0
s0-c1-752,CAM-1,1,AYH9616,OK,TRAILER,AYH9616,OK,TRAILER,0.990000,0.942944,0.917361,0.800000,0.800000,0.800000,auto_clear,none,,1
s0-c1-753,CAM-1,1,NCV4171,OK,COMMERCIAL,NCV4171,OK,COMMERCIAL,0.753443,0.958911,0.745755,0.800000,0.800000,0.800000,review,review,type2,1
s0-c1-754,CAM-1,1,GKJ4980,TX,PASSENGER,GKJ4983,TX,PASSENGER,0.897979,0.883371,0.796887,0.800000,0.800000,0.800000,review,review,correct,0
s0-c1-755,CAM-1,1,CWQ0494,CA,PASSENGER,CWQ0494,CA,PASSENGER,0.437921,0.798436,0.642970,0.800000,0.800000,0.800000,review,review,type2,1
s0-c1-756,CAM-1,1,MWS6156,AZ,COMMERCIAL,MWS6156,AZ,COMMERCIAL,0.790277,0.497448,0.828791,0.800000,0.800000,0.800000,review,review,type2,1
s0-c1-757,CAM-1,1,WGP7341,CA,COMMERCIAL,WGP7341,CA,COMMERCIAL,0.884914,0.878345,0.420169,0.800000,0.800000,0.800000,review,review,type2,1
s0-c1-758,CAM-1,1,NJU2255,NV,GOV,NJU2255,NV,GOV,0.843449,0.989514,0.925776,0.800000,0.800000,0.800000,auto_clear,none,,1
s0-c1-759,CAM-1,1,ZIN5341,NM,TEMP,ZIN5321,NM,TEMP,0.557305,0.662451,0.721042,0.800000,0.800000,0.800000,review,review,correct,0
s0-c1-760,CAM-1,1,TSY6493,AZ,PASSENGER,TSY6493,AZ,PASSENGER,0.857442,0.622251,0.668405,0.800000,0.800000,0.800000,review,review,type2,1
s0-c1-761,CAM-1,1,IMM7990,NV,PASSENGER,IMM7990,NV,PASSENGER,0.613025,0.647935,0.674973,0.800000,0.800000,0.800000,review,review,type2,1
s0-c1-762,CAM-1,1,CJX9600,FL,GOV,CJX9600,FL,GOV,0.963101,0.710380,0.718947,0.800000,0.800000,0.800000,review,review,type2,1
s0-c1-763,CAM-1,1,QGC0273,AZ,TRAILER,QGC0273,AZ,TRAILER,0.936876,0.814292,0.902718,0.800000,0.800000,0.800000,auto_clear,none,,1
s0-c1-764,CAM-1,1,BOQ0305,NV,TRAILER,BO70305,NV,TRAILER,0.772641,0.975483,0.724570,0.800000,0.800000,0.800000,review,review,correct,0
s0-c1-765,CAM-1,1,YCD0048,NV,GOV,YCD0048,NV,GOV,0.906314,0.681354,0.848939,0.800000,0.800000,0.800000,review,review,type2,1
s0-c1-766,CAM-1,1,REO1460,CA,TEMP,REO1460,CA,TEMP,0.914357,0.754093,0.772264,0.800000,0.800000,0.800000,review,review,type2,1
s0-c1-767,CAM-1,1,MDL4183,AZ,GOV,MDL4183,AZ,GOV,0.718694,0.741707,0.786893,0.800000,0.800000,0.800000,review,review,type2,1
s0-c1-768,CAM-1,1,OGA5766,CO,GOV,OGA5766,CO,GOV,0.914169,0.867696,0.720572,0.800000,0.800000,0.800000,review,review,type2,1
s0-c1-769,CAM-1,1,QOD0116,OK,GOV,QOD0116,OK,PASSENGER,0.863648,0.887376,0.952491,0.800000,0.800000,0.800000,auto_clear,none,,0
s0-c1-770,CAM-1,1,KQC6633,NM,PASSENGER,KQC6633,CO,PASSENGER,0.752024,0.733084,0.825291,0.800000,0.800000,0.800000,review,review,correct,0
s0-c1-771,CAM-1,1,IVZ1856,OK,PASSENGER,ILZ1856,OK,COMMERCIAL,0.767677,0.778335,0.544154,0.800000,0.800000,0.800000,review,review,correct,0
s0-c1-772,CAM-1,1,KSB1772,AZ,COMMERCIAL,KSB1772,NV,COMMERCIAL,0.650478,0.656338,0.770208,0.800000,0.800000,0.800000,review,review,correct,0
s0-c1-773,CAM-1,1,YWX4034,TX,TRAILER,YWX40V4,OK,TRAILER,0.546453,0.427128,0.871650,0.800000,0.800000,0.800000,review,review,correct,0
s0-c1-774,CAM-1,1,AGT8441,OK,TEMP,AGT8441,OK,TEMP,0.990000,0.954275,0.731006,0.800000,0.800000,0.800000,review,review,type2,1
s0-c1-775,CAM-1,1,QGQ1539,TX,COMMERCIAL,QGQ1539,TX,COMMERCIAL,0.772495,0.385313,0.968550,0.800000,0.800000,0.800000,review,review,type2,1
s0-c1-776,CAM-1,1,EZW8114,NV,PASSENGER,EZW8114,OK,PASSENGER,0.771182,0.775407,0.391011,0.800000,0.800000,0.800000,review,review,correct,0
s0-c1-777,CAM-1,1,VAB5192,CA,COMMERCIAL,VAB5192,CA,COMMERCIAL,0.990000,0.878646,0.804891,0.800000,0.800000,0.800000,auto_clear,none,,1
s0-c1-778,CAM-1,1,ZDR9319,CO,GOV,ZDR9319,CO,PASSENGER,0.737897,0.940386,0.391799,0.800000,0.800000,0.800000,review,review,correct,0
s0-c1-779,CAM-1,1,ART1008,NM,GOV,ORT1008,NM,PASSENGER,0.524655,0.915134,0.313026,0.800000,0.800000,0.800000,review,review,correct,0
s0-c1-780,CAM-1,1,AOQ4172,NV,COMMERCIAL,AOQ4172,NV,COMMERCIAL,0.683847,0.491057,0.874391,0.800000,0.800000,0.800000,review,review,type2,1
s0-c1-781,CAM-1,1,BXZ1185,CA,COMMERCIAL,BXZ1185,CA,COMMERCIAL,0.896708,0.701879,0.830205,0.800000,0.800000,0.800000,review,review,type2,1
s0-c1-782,CAM-1,1,PME8503,CO,TEMP,PME8503,NV,TEMP,0.769397,0.878465,0.872541,0.800000,0.800000,0.800000,review,review,correct,0
s0-c1-783,CAM-1,1,PZN6109,AZ,TEMP,PZN6109,AZ,TEMP,0.613452,0.816590,0.990000,0.800000,0.800000,0.800000,review,review,type2,1
s0-c1-784,CAM-1,1,BTS1504,OK,GOV,BTS1504,OK,GOV,0.718670,0.755587,0.510775,0.800000,0.800000,0.800000,review,review,type2,1
s0-c1-785,CAM-1,1,NAQ6488,OK,GOV,NAQ648T,OK,GOV,0.622230,0.648064,0.644806,0.800000,0.800000,0.800000,review,review,correct,0
s0-c1-786,CAM-1,1,QKM8055,CO,COMMERCIAL,QKM8055,CO,COMMERCIAL,0.765794,0.868913,0.740311,0.800000,0.800000,0.800000,review,review,type2,1
s0-c1-787,CAM-1,1,LAU0895,CO,GOV,LGU0895,CO,GOV,0.743286,0.822414,0.973788,0.800000,0.800000,0.800000,review,review,correct,0
s0-c1-788,CAM-1,1,XZT0011,FL,COMMERCIAL,XZT0011,FL,COMMERCIAL,0.836319,0.889414,0.860080,0.800000,0.800000,0.800000,auto_clear,none,,1
s0-c1-789,CAM-1,1,VKJ7009,AZ,COMMERCIAL,VKJ7509,AZ,GOV,0.774040,0.780315,0.795130,0.800000,0.800000,0.800000,review,review,correct,0
s0-c1-790,CAM-1,1,HIY5186,CO,PASSENGER,HIY5186,CO,PASSENGER,0.990000,0.865310,0.887323,0.800000,0.800000,0.800000,auto_clear,none,,1
s0-c1-791,CAM-1,1,RSI6737,FL,TRAILER,RSI6737,FL,TEMP,0.952806,0.864449,0.539968,0.800000,0.800000,0.800000,review,review,correct,0
s0-c1-792,CAM-1,1,NGH5677,OK,COMMERCIAL,NGH5677,NV,TEMP,0.990000,0.442334,0.899885,0.800000,0.800000,0.800000,review,review,correct,0
s0-c1-793,CAM-1,1,WEY6189,TX,PASSENGER,WEY6189,TX,PASSENGER,0.818376,0.703210,0.882995,0.800000,0.800000,0.800000,review,review,type2,1
s0-c1-794,CAM-1,1,QDT0563,CO,GOV,QDT0563,CO,GOV,0.742503,0.460737,0.682704,0.800000,0.800000,0.800000,review,review,type2,1
s0-c1-795,CAM-1,1,MZO8959,OK,PASSENGER,MZO8959,OK,PASSENGER,0.948959,0.888158,0.826039,0.800000,0.800000,0.800000,auto_clear,none,,1
s0-c1-796,CAM-1,1,OBL1404,OK,TEMP,OBL1404,OK,TEMP,0.990000,0.491331,0.511380,0.800000,0.800000,0.800000,review,review,type2,1
s0-c1-797,CAM-1,1,ZBC3809,CA,TRAILER,ZBC3809,CA,TRAILER,0.932162,0.602256,0.918422,0.800000,0.800000,0.800000,review,review,type2,1
s0-c1-798,CAM-1,1,ZYW4138,CA,PASSENGER,ZYW4138,CA,PASSENGER,0.920139,0.773904,0.519194,0.800000,0.800000,0.800000,review,review,type2,1
s0-c1-799,CAM-1,1,MTA0052,FL,TEMP,MTA005U,FL,COMMERCIAL,0.657990,0.923167,0.562764,0.800000,0.800000,0.800000,review,review,correct,0
s0-c1-800,CAM-1,1,FVL4623,AZ,COMMERCIAL,FVL4623,AZ,COMMERCIAL,0.694954,0.874020,0.476915,0.800000,0.800000,0.800000,review,review,type2,1
s0-c1-801,CAM-1,1,SEN9789,CA,COMMERCIAL,SEN9789,NV,COMMERCIAL,0.990000,0.733533,0.563466,0.800000,0.800000,0.800000,review,review,correct,0
s0-c1-802,CAM-1,1,SPR4519,FL,TEMP,SPR4519,FL,COMMERCIAL,0.744226,0.899445,0.624338,0.800000,0.800000,0.800000,review,review,correct,0
s0-c1-803,CAM-1,1,OKC4914,AZ,COMMERCIAL,OKC4914,AZ,COMMERCIAL,0.870673,0.475438,0.831324,0.800000,0.800000,0.800000,review,review,type2,1
s0-c1-804,CAM-1,1,BYG2136,CO,COMMERCIAL,BYG2136,CO,COMMERCIAL,0.987428,0.920131,0.912049,0.800000,0.800000,0.800000,auto_clear,none,,1
s0-c1-805,CAM-1,1,HKB0571,NV,COMMERCIAL,HKB0571,TX,COMMERCIAL,0.844877,0.781551,0.990000,0.800000,0.800000,0.800000,review,review,correct,0
s0-c1-806,CAM-1,1,PMU5698,TX,TEMP,PMU56K8,NM,TEMP,0.590578,0.721917,0.750274,0.800000,0.800000,0.800000,review,review,correct,0
s0-c1-807,CAM-1,1,XFT8632,NV,GOV,XFT8632,NV,GOV,0.746114,0.990000,0.853056,0.800000,0.800000,0.800000,review,review,type2,1
s0-c1-808,CAM-1,1,NXW8228,OK,COMMERCIAL,NXW8228,NV,COMMERCIAL,0.898411,0.793143,0.982372,0.800000,0.800000,0.800000,review,review,correct,0
s0-c1-809,CAM-1,1,LIM2034,AZ,PASSENGER,LIM2034,AZ,PASSENGER,0.935950,0.846681,0.818973,0.800000,0.800000,0.800000,auto_clear,none,,1
s0-c1-810,CAM-1,1,SFV7847,AZ,COMMERCIAL,SFV7347,AZ,PASSENGER,0.574367,0.856823,0.767340,0.800000,0.800000,0.800000,review,review,correct,0
s0-c1-811,CAM-1,1,XRS1189,CO,GOV,5RS1189,TX,GOV,0.417416,0.809126,0.716255,0.800000,0.800000,0.800000,review,review,correct,0
s0-c1-812,CAM-1,1,NBH1805,OK,TRAILER,NBH1805,OK,PASSENGER,0.971064,0.960275,0.354622,0.800000,0.800000,0.800000,review,review,correct,0
s0-c1-813,CAM-1,1,YRA0823,TX,PASSENGER,YRA0823,TX,TRAILER,0.913756,0.871811,0.468962,0.800000,0.800000,0.800000,review,review,correct,0
s0-c1-814,CAM-1,1,ZWZ3153,CA,PASSENGER,ZWZ3153,CA,PASSENGER,0.789953,0.770559,0.828330,0.800000,0.800000,0.800000,review,review,type2,1
s0-c1-815,CAM-1,1,TWU9796,FL,TEMP,TWU9796,FL,TEMP,0.611688,0.990000,0.664598,0.800000,0.800000,0.800000,review,review,type2,1
s0-c1-816,CAM-1,1,GHE6969,AZ,COMMERCIAL,GHE6969,AZ,COMMERCIAL,0.990000,0.886970,0.910293,0.800000,0.800000,0.800000,auto_clear,none,,1
s0-c1-817,CAM-1,1,LRI4486,CA,COMMERCIAL,LRI4486,CA,COMMERCIAL,0.990000,0.902139,0.724477,0.800000,0.800000,0.800000,review,review,type2,1
s0-c1-818,CAM-1,1,JIY9421,CA,TEMP,JCY9421,NM,TEMP,0.481113,0.504263,0.591562,0.800000,0.800000,0.800000,review,review,correct,0
s0-c1-819,CAM-1,1,ZRF2414,CO,COMMERCIAL,ZRF2414,CO,COMMERCIAL,0.708895,0.791845,0.943187,0.800000,0.800000,0.800000,review,review,type2,1
s0-c1-820,CAM-1,1,VHS5304,CO,COMMERCIAL,VHS5304,CO,COMMERCIAL,0.990000,0.830152,0.871609,0.800000,0.800000,0.800000,auto_clear,none,,1
s0-c1-821,CAM-1,1,IOO4657,FL,PASSENGER,IOO4657,FL,PASSENGER,0.817295,0.832213,0.678489,0.800000,0.800000,0.800000,review,review,type2,1
s0-c1-822,CAM-1,1,LMP9371,CO,GOV,LMP9371,NV,GOV,0.990000,0.685430,0.659395,0.800000,0.800000,0.800000,review,review,correct,0
s0-c1-823,CAM-1,1,NDY5712,CA,GOV,NDY5712,CA,GOV,0.852945,0.962252,0.931680,0.800000,0.800000,0.800000,auto_clear,none,,1
s0-c1-824,CAM-1,1,RTC8215,NM,TRAILER,RTC8215,NM,TRAILER,0.621857,0.767230,0.959699,0.800000,0.800000,0.800000,review,review,type2,1
s0-c1-825,CAM-1,1,MDT6097,FL,COMMERCIAL,MDT6097,AZ,COMMERCIAL,0.802483,0.740967,0.456853,0.800000,0.800000,0.800000,review,review,correct,0
s0-c1-826,CAM-1,1,SEI5428,NV,PASSENGER,SEI5428,NV,PASSENGER,0.894089,0.595434,0.657571,0.800000,0.800000,0.800000,review,review,type2,1
s0-c1-827,CAM-1,1,VOK1481,CO,PASSENGER,VOK1481,CO,PASSENGER,0.456421,0.704880,0.857264,0.800000,0.800000,0.800000,review,review,type2,1
s0-c1-828,CAM-1,1,OLS2891,TX,PASSENGER,OLS2891,TX,PASSENGER,0.709291,0.912460,0.916601,0.800000,0.800000,0.800000,review,review,type2,1
s0-c1-829,CAM-1,1,KPZ7647,AZ,PASSENGER,KPZ7647,AZ,PASSENGER,0.919728,0.893186,0.739070,0.800000,0.800000,0.800000,review,review,type2,1
s0-c1-830,CAM-1,1,POG8962,TX,COMMERCIAL,POG8962,TX,COMMERCIAL,0.990000,0.990000,0.736843,0.800000,0.800000,0.800000,review,review,type2,1
s0-c1-831,CAM-1,1,BUP4745,CO,GOV,BUP4745,CO,GOV,0.906379,0.699321,0.856500,0.800000,0.800000,0.800000,review,review,type2,1
s0-c1-832,CAM-1,1,RFC8949,NV,TEMP,RFC8949,NV,TEMP,0.947338,0.719079,0.880835,0.800000,0.800000,0.800000,review,review,type2,1
s0-c1-833,CAM-1,1,ABM4035,CO,TEMP,A4M4035,CO,TEMP,0.775150,0.886520,0.830257,0.800000,0.800000,0.800000,review,review,correct,0
s0-c1-834,CAM-1,1,MQZ9938,TX,GOV,MQZ9138,OK,GOV,0.697769,0.689211,0.738982,0.800000,0.800000,0.800000,review,review,correct,0
s0-c1-835,CAM-1,1,GHH4737,TX,TEMP,GHH4737,FL,TRAILER,0.918857,0.922141,0.824815,0.800000,0.800000,0.800000,auto_clear,none,,0
s0-c1-836,CAM-1,1,YPT2313,CO,TEMP,GPT2313,CO,TEMP,0.604815,0.927439,0.727199,0.800000,0.800000,0.800000,review,review,correct,0
s0-c1-837,CAM-1,1,ACM7360,NM,PASSENGER,ACM7360,NM,TEMP,0.981442,0.818004,0.318867,0.800000,0.800000,0.800000,review,review,correct,0
s0-c1-838,CAM-1,1,QCT5972,OK,TEMP,QCT5972,OK,TEMP,0.782810,0.770932,0.533274,0.800000,0.800000,0.800000,review,review,type2,1
s0-c1-839,CAM-1,1,QUP5009,TX,GOV,QUP5009,NV,GOV,0.946900,0.628433,0.686535,0.800000,0.800000,0.800000,review,review,correct,0
s0-c1-840,CAM-1,1,SWV8575,TX,TRAILER,SWV8575,TX,TRAILER,0.958277,0.891502,0.753280,0.800000,0.800000,0.800000,review,review,type2,1
s0-c1-841,CAM-1,1,TFG3126,FL,PASSENGER,TFG3126,FL,PASSENGER,0.891855,0.885443,0.971030,0.800000,0.800000,0.800000,auto_clear,none,,1
s0-c1-842,CAM-1,1,YJM4875,CO,TEMP,YJM4875,CO,TEMP,0.869080,0.901037,0.755455,0.800000,0.800000,0.800000,review,review,type2,1
s0-c1-843,CAM-1,1,QRJ0091,CO,GOV,QRJ0091,CO,TEMP,0.592537,0.700458,0.670282,0.800000,0.800000,0.800000,review,review,correct,0
s0-c1-844,CAM-1,1,DNR0702,OK,TEMP,ENR0702,OK,TEMP,0.897837,0.817347,0.935185,0.800000,0.800000,0.800000,auto_clear,none,,0
s0-c1-845,CAM-1,1,HZT4554,OK,TEMP,HZT4554,OK,TEMP,0.830115,0.624291,0.537612,0.800000,0.800000,0.800000,review,review,type2,1
s0-c1-846,CAM-1,1,FXW8730,CO,TEMP,FXW8730,CO,TEMP,0.968442,0.795239,0.685802,0.800000,0.800000,0.800000,review,review,type2,1
s0-c1-847,CAM-1,1,KST4925,NM,TEMP,KST4925,NM,TEMP,0.677040,0.487100,0.930636,0.800000,0.800000,0.800000,review,review,type2,1
s0-c1-848,CAM-1,1,GEZ8156,AZ,TRAILER,GEZ8156,AZ,PASSENGER,0.681666,0.696391,0.597020,0.800000,0.800000,0.800000,review,review,correct,0
s0-c1-849,CAM-1,1,XXJ2807,NM,TRAILER,XXJ2807,CO,TRAILER,0.606103,0.626687,0.609763,0.800000,0.800000,0.800000,review,review,correct,0
s0-c1-850,CAM-1,1,JJF0361,CO,PASSENGER,JJF0361,CO,PASSENGER,0.716169,0.644906,0.674989,0.800000,0.800000,0.800000,review,review,type2,1
s0-c1-851,CAM-1,1,DZW1291,NV,TRAILER,DZW1291,NV,TRAILER,0.657386,0.961591,0.670799,0.800000,0.800000,0.800000,review,review,type2,1
s0-c1-852,CAM-1,1,FUK0092,NM,PASSENGER,FUK0092,CO,PASSENGER,0.882503,0.635470,0.711940,0.800000,0.800000,0.800000,review,review,correct,0
s0-c1-853,CAM-1,1,JXU2112,NV,TRAILER,JXU2112,NV,TRAILER,0.787125,0.690020,0.651856,0.800000,0.800000,0.800000,review,review,type2,1
s0-c1-854,CAM-1,1,TOY3897,AZ,GOV,TOY3897,TX,GOV,0.976794,0.752272,0.839574,0.800000,0.800000,0.800000,review,review,correct,0
s0-c1-855,CAM-1,1,OYY6759,CO,GOV,OYY6759,CO,GOV,0.779659,0.895867,0.770800,0.800000,0.800000,0.800000,review,review,type2,1
s0-c1-856,CAM-1,1,NDG6121,CO,COMMERCIAL,NDG6121,CO,TEMP,0.945332,0.845774,0.719177,0.800000,0.800000,0.800000,review,review,correct,0
s0-c1-857,CAM-1,1,RRD3427,OK,GOV,RRD3427,NV,GOV,0.711448,0.416721,0.908851,0.800000,0.800000,0.800000,review,review,correct,0
s0-c1-858,CAM-1,1,MZI9458,OK,COMMERCIAL,MZI9458,FL,COMMERCIAL,0.906920,0.717121,0.885629,0.800000,0.800000,0.800000,review,review,correct,0
s0-c1-859,CAM-1,1,UEL4609,CA,COMMERCIAL,DEL4609,CA,COMMERCIAL,0.449114,0.783399,0.940802,0.800000,0.800000,0.800000,review,review,correct,0
s0-c1-860,CAM-1,1,AJE3046,NV,TRAILER,AJE3046,NV,TRAILER,0.825976,0.990000,0.836333,0.800000,0.800000,0.800000,auto_clear,none,,1
s0-c1-861,CAM-1,1,ZWL2648,NM,PASSENGER,ZWL2648,NM,PASSENGER,0.990000,0.795472,0.744807,0.800000,0.800000,0.800000,review,review,type2,1
s0-c1-862,CAM-1,1,BYL5641,NM,TRAILER,BYL5641,FL,TRAILER,0.371326,0.509349,0.852404,0.800000,0.800000,0.800000,review,review,correct,0
s0-c1-863,CAM-1,1,TDG0429,FL,COMMERCIAL,TDG0429,NV,TRAILER,0.771139,0.558577,0.745473,0.800000,0.800000,0.800000,review,review,correct,0
s0-c1-864,CAM-1,1,JVO8835,NM,TEMP,JVO8835,NM,GOV,0.695701,0.675321,0.547217,0.800000,0.800000,0.800000,review,review,correct,0
s0-c1-865,CAM-1,1,YOA1877,NM,PASSENGER,YOD1877,NM,GOV,0.649598,0.413721,0.767025,0.800000,0.800000,0.800000,review,review,correct,0
s0-c1-866,CAM-1,1,SZQ8749,OK,TEMP,SZQ8749,AZ,TEMP,0.961987,0.549263,0.505357,0.800000,0.800000,0.800000,review,review,correct,0
s0-c1-867,CAM-1,1,TLI7732,FL,COMMERCIAL,TLI7732,FL,COMMERCIAL,0.773859,0.943862,0.823279,0.800000,0.800000,0.800000,review,review,type2,1
s0-c1-868,CAM-1,1,YFI5174,CO,TEMP,YFI5174,CO,COMMERCIAL,0.667069,0.979870,0.503472,0.800000,0.800000,0.800000,review,review,correct,0
s0-c1-869,CAM-1,1,HPB7116,CA,COMMERCIAL,HPB7116,CA,COMMERCIAL,0.804475,0.615447,0.831703,0.800000,0.800000,0.800000,review,review,type2,1
s0-c1-870,CAM-1,1,SRX7176,FL,TEMP,SRX7176,FL,TEMP,0.928793,0.989956,0.567499,0.800000,0.800000,0.800000,review,review,type2,1
s0-c1-871,CAM-1,1,SUI9687,CO,TRAILER,SUI9687,CO,TRAILER,0.781897,0.821436,0.848314,0.800000,0.800000,0.800000,review,review,type2,1
s0-c1-872,CAM-1,1,MBW7069,NM,GOV,MBW7069,NM,GOV,0.911329,0.841913,0.804237,0.800000,0.800000,0.800000,auto_clear,none,,1
s0-c1-873,CAM-1,1,HUI1411,CO,PASSENGER,HUI1411,CO,PASSENGER,0.990000,0.758473,0.803915,0.800000,0.800000,0.800000,review,review,type2,1
s0-c1-874,CAM-1,1,XOK2831,NM,PASSENGER,XOKN831,NM,PASSENGER,0.506199,0.805961,0.544487,0.800000,0.800000,0.800000,review,review,correct,0
s0-c1-875,CAM-1,1,LGA2855,CO,GOV,LGA2855,AZ,GOV,0.837460,0.571456,0.788373,0.800000,0.800000,0.800000,review,review,correct,0
s0-c1-876,CAM-1,1,MVC5893,CO,GOV,MVC5893,CO,GOV,0.776071,0.592175,0.853391,0.800000,0.800000,0.800000,review,review,type2,1
s0-c1-877,CAM-1,1,CZA7376,NV,TRAILER,CZA7376,NV,TRAILER,0.841554,0.956658,0.805967,0.800000,0.800000,0.800000,auto_clear,none,,1
s0-c1-878,CAM-1,1,PMB5987,OK,TRAILER,PMB5957,OK,TEMP,0.778571,0.990000,0.644799,0.800000,0.800000,0.800000,review,review,correct,0
s0-c1-879,CAM-1,1,CLI2215,CO,TRAILER,CLI2215,TX,TRAILER,0.931112,0.529324,0.565897,0.800000,0.800000,0.800000,review,review,correct,0
s0-c1-880,CAM-1,1,XET9142,NM,TRAILER,XET9142,NM,COMMERCIAL,0.660923,0.630621,0.261520,0.800000,0.800000,0.800000,review,review,correct,0
s0-c1-881,CAM-1,1,MFY7298,CO,TEMP,MF17298,AZ,TEMP,0.491015,0.686881,0.869897,0.800000,0.800000,0.800000,review,review,correct,0
s0-c1-882,CAM-1,1,UNO2331,FL,PASSENGER,UNO2331,AZ,PASSENGER,0.615924,0.505917,0.833447,0.800000,0.800000,0.800000,review,review,correct,0
s0-c1-883,CAM-1,1,KWB7193,CA,TRAILER,KWB7193,NM,TRAILER,0.523285,0.550063,0.793410,0.800000,0.800000,0.800000,review,review,correct,0
s0-c1-884,CAM-1,1,BXH8257,CO,TEMP,BXHL257,CO,TEMP,0.681315,0.863739,0.637270,0.800000,0.800000,0.800000,review,review,correct,0
s0-c1-885,CAM-1,1,OEF5810,AZ,GOV,O5F5810,AZ,PASSENGER,0.454594,0.906848,0.822910,0.800000,0.800000,0.800000,review,review,correct,0
s0-c1-886,CAM-1,1,WZK5367,NM,GOV,SZK5367,NM,GOV,0.527524,0.731864,0.658635,0.800000,0.800000,0.800000,review,review,correct,0
s0-c1-887,CAM-1,1,GZA2282,NV,COMMERCIAL,GZA2282,TX,TRAILER,0.704968,0.431099,0.645723,0.800000,0.800000,0.800000,review,review,correct,0
s0-c1-888,CAM-1,1,HNN9724,CA,TEMP,HNN9724,CA,TEMP,0.828571,0.615567,0.853431,0.800000,0.800000,0.800000,review,review,type2,1
s0-c1-889,CAM-1,1,MHP5921,CO,TRAILER,MHP5921,CO,TRAILER,0.594605,0.659210,0.812307,0.800000,0.800000,0.800000,review,review,type2,1
s0-c1-890,CAM-1,1,IZE7478,FL,TEMP,IZE7478,FL,TRAILER,0.990000,0.796252,0.426434,0.800000,0.800000,0.800000,review,review,correct,0
s0-c1-891,CAM-1,1,QKT0695,OK,GOV,QKT0695,OK,GOV,0.875416,0.712550,0.738035,0.800000,0.800000,0.800000,review,review,type2,1
s0-c1-892,CAM-1,1,VAL7724,CA,TRAILER,VAL7724,CA,TEMP,0.964023,0.768355,0.406885,0.800000,0.800000,0.800000,review,review,correct,0
s0-c1-893,CAM-1,1,YAE3248,CO,GOV,YAE3248,CO,GOV,0.875465,0.622360,0.990000,0.800000,0.800000,0.800000,review,review,type2,1
s0-c1-894,CAM-1,1,WJL6636,CO,TEMP,WJL6636,CO,PASSENGER,0.721335,0.483487,0.624154,0.800000,0.800000,0.800000,review,review,correct,0
s0-c1-895,CAM-1,1,RWT3090,NV,PASSENGER,RWT3090,NV,PASSENGER,0.939493,0.933134,0.753665,0.800000,0.800000,0.800000,review,review,type2,1
s0-c1-896,CAM-1,1,TRC1884,FL,PASSENGER,TRC1884,NM,PASSENGER,0.831070,0.462920,0.972170,0.800000,0.800000,0.800000,review,review,correct,0
s0-c1-897,CAM-1,1,VJQ9390,NV,PASSENGER,VJQ93Z0,NV,COMMERCIAL,0.678005,0.799536,0.579915,0.800000,0.800000,0.800000,review,review,correct,0
s0-c1-898,CAM-1,1,AAG0079,CA,COMMERCIAL,AAG0079,CA,TEMP,0.587763,0.468645,0.779483,0.800000,0.800000,0.800000,review,review,correct,0
s0-c1-899,CAM-1,1,COL2203,CA,GOV,COL2203,FL,GOV,0.990000,0.356302,0.923347,0.800000,0.800000,0.800000,review,review,correct,0
s0-c1-900,CAM-1,1,ZPK1921,NV,PASSENGER,OPK1921,NV,GOV,0.676412,0.990000,0.719009,0.800000,0.800000,0.800000,review,review,correct,0
s0-c1-901,CAM-1,1,OFM4437,OK,PASSENGER,OFM443K,OK,PASSENGER,0.861411,0.784703,0.960321,0.800000,0.800000,0.800000,review,review,correct,0
s0-c1-902,CAM-1,1,NNR4866,FL,TRAILER,NNR4866,FL,TRAILER,0.799232,0.581910,0.766614,0.800000,0.800000,0.800000,review,review,type2,1
s0-c1-903,CAM-1,1,EIU4535,NM,COMMERCIAL,EIU4535,NM,COMMERCIAL,0.887252,0.990000,0.981009,0.800000,0.800000,0.800000,auto_clear,none,,1
s0-c1-904,CAM-1,1,TPH2351,CO,PASSENGER,TPH2351,CO,PASSENGER,0.990000,0.913692,0.720978,0.800000,0.800000,0.800000,review,review,type2,1
s0-c1-905,CAM-1,1,UTZ0606,CA,GOV,UTZ0606,CA,TEMP,0.816876,0.838422,0.474361,0.800000,0.800000,0.800000,review,review,correct,0
s0-c1-906,CAM-1,1,DYD5213,TX,PASSENGER,DYD5213,TX,PASSENGER,0.933278,0.438812,0.873638,0.800000,0.800000,0.800000,review,review,type2,1
s0-c1-907,CAM-1,1,ISI5432,CA,TRAILER,ISI5432,CA,TRAILER,0.869697,0.840325,0.961981,0.800000,0.800000,0.800000,auto_clear,none,,1
s0-c1-908,CAM-1,1,FTC8423,CA,COMMERCIAL,FTC8423,CA,COMMERCIAL,0.936052,0.965908,0.861359,0.800000,0.800000,0.800000,auto_clear,none,,1
s0-c1-909,CAM-1,1,FMQ1876,FL,PASSENGER,FMQ1876,FL,PASSENGER,0.824799,0.373852,0.873465,0.800000,0.800000,0.800000,review,review,type2,1
s0-c1-910,CAM-1,1,HPJ9395,AZ,COMMERCIAL,HPJ9395,FL,COMMERCIAL,0.990000,0.634034,0.646784,0.800000,0.800000,0.800000,review,review,correct,0
s0-c1-911,CAM-1,1,NYT0207,AZ,TEMP,NYT0207,AZ,TEMP,0.792989,0.837224,0.930032,0.800000,0.800000,0.800000,review,review,type2,1
s0-c1-912,CAM-1,1,ORQ0224,NV,TRAILER,ORQ0224,NV,TRAILER,0.689218,0.949851,0.872326,0.800000,0.800000,0.800000,review,review,type2,1
s0-c1-913,CAM-1,1,HEA2902,FL,TEMP,HEA2902,FL,TEMP,0.885336,0.587781,0.894929,0.800000,0.800000,0.800000,review,review,type2,1
s0-c1-914,CAM-1,1,IRM7688,OK,GOV,IRM7688,OK,TEMP,0.937856,0.990000,0.776681,0.800000,0.800000,0.800000,review,review,correct,0
s0-c1-915,CAM-1,1,COL3539,TX,GOV,COL35I9,NM,GOV,0.779842,0.653610,0.841159,0.800000,0.800000,0.800000,review,review,correct,0
s0-c1-916,CAM-1,1,QZS7132,TX,GOV,QZS71X2,TX,PASSENGER,0.534378,0.677095,0.778964,0.800000,0.800000,0.800000,review,review,correct,0
s0-c1-917,CAM-1,1,YNJ4715,CA,TEMP,YNJ4715,CA,GOV,0.537172,0.580860,0.646348,0.800000,0.800000,0.800000,review,review,correct,0
s0-c1-918,CAM-1,1,UKI1830,CO,TRAILER,UKI1830,CO,TRAILER,0.699580,0.687024,0.787217,0.800000,0.800000,0.800000,review,review,type2,1
s0-c1-919,CAM-1,1,LAP6331,CA,PASSENGER,LAP6331,CA,PASSENGER,0.761049,0.910751,0.979006,0.800000,0.800000,0.800000,review,review,type2,1
s0-c1-920,CAM-1,1,ZMO1222,FL,COMMERCIAL,ZMO1222,FL,COMMERCIAL,0.977571,0.648557,0.893835,0.800000,0.800000,0.800000,review,review,type2,1
s0-c1-921,CAM-1,1,BKF8620,CO,TRAILER,BKF8620,CO,GOV,0.982581,0.895283,0.692385,0.800000,0.800000,0.800000,review,review,correct,0
s0-c1-922,CAM-1,1,CQA9708,AZ,PASSENGER,CQA9708,AZ,PASSENGER,0.663649,0.605380,0.589852,0.800000,0.800000,0.800000,review,review,type2,1
s0-c1-923,CAM-1,1,AOW4187,OK,TEMP,AOW4187,OK,TEMP,0.813624,0.609412,0.910572,0.800000,0.800000,0.800000,review,review,type2,1
s0-c1-924,CAM-1,1,MWR7976,NM,TEMP,MWR7976,NM,TEMP,0.548085,0.792786,0.913415,0.800000,0.800000,0.800000,review,review,type2,1
s0-c1-925,CAM-1,1,EDP7185,FL,GOV,EDP7185,OK,GOV,0.815292,0.863261,0.903729,0.800000,0.800000,0.800000,auto_clear,dispute,type1,0
s0-c1-926,CAM-1,1,WRP4508,OK,PASSENGER,WRO4508,OK,PASSENGER,0.684268,0.882161,0.818215,0.800000,0.800000,0.800000,review,review,correct,0
s0-c1-927,CAM-1,1,SCG7405,FL,PASSENGER,SCG7405,FL,PASSENGER,0.990000,0.949847,0.814455,0.800000,0.800000,0.800000,auto_clear,none,,1
s0-c1-928,CAM-1,1,GBZ3697,FL,TRAILER,GBZ3697,FL,TRAILER,0.745522,0.848558,0.882143,0.800000,0.800000,0.800000,review,review,type2,1
s0-c1-929,CAM-1,1,STE5452,FL,TEMP,STE5451,CA,TEMP,0.589639,0.757448,0.694574,0.800000,0.800000,0.800000,review,review,correct,0
s0-c1-930,CAM-1,1,PSH9928,OK,GOV,PSH9928,TX,COMMERCIAL,0.990000,0.447016,0.412268,0.800000,0.800000,0.800000,review,review,correct,0
s0-c1-931,CAM-1,1,FIB9559,NM,GOV,FIB955L,NM,GOV,0.737773,0.798894,0.646516,0.800000,0.800000,0.800000,review,review,correct,0
s0-c1-932,CAM-1,1,FLZ5286,NV,TRAILER,FLZ7286,CA,TRAILER,0.572722,0.655123,0.940670,0.800000,0.800000,0.800000,review,review,correct,0
s0-c1-933,CAM-1,1,GDR9938,CO,TEMP,GDR9938,CO,TEMP,0.965899,0.553003,0.893184,0.800000,0.800000,0.800000,review,review,type2,1
s0-c1-934,CAM-1,1,IHP6401,NM,TEMP,IHP6401,NM,TEMP,0.582438,0.769821,0.780997,0.800000,0.800000,0.800000,review,review,type2,1
s0-c1-935,CAM-1,1,CFN0547,CA,PASSENGER,CFN0547,CA,GOV,0.958947,0.850093,0.727162,0.800000,0.800000,0.800000,review,review,correct,0
s0-c1-936,CAM-1,1,GFN8504,FL,GOV,GFN8504,FL,GOV,0.990000,0.862358,0.927583,0.800000,0.800000,0.800000,auto_clear,none,,1
s0-c1-937,CAM-1,1,DAG9786,FL,COMMERCIAL,DAG9786,NV,TEMP,0.990000,0.630096,0.646094,0.800000,0.800000,0.800000,review,review,correct,0
s0-c1-938,CAM-1,1,FSY8694,CA,TEMP,FSY6694,CA,GOV,0.488098,0.736166,0.593550,0.800000,0.800000,0.800000,review,review,correct,0
s0-c1-939,CAM-1,1,UNM8999,AZ,COMMERCIAL,UNM8999,AZ,COMMERCIAL,0.893235,0.989979,0.965459,0.800000,0.800000,0.800000,auto_clear,none,,1
s0-c1-940,CAM-1,1,ARS0460,FL,TRAILER,ARS0460,CO,TRAILER,0.990000,0.493413,0.878622,0.800000,0.800000,0.800000,review,review,correct,0
s0-c1-941,CAM-1,1,DMB9551,CO,TEMP,DMB9551,CO,GOV,0.990000,0.491489,0.790519,0.800000,0.800000,0.800000,review,review,correct,0
s0-c1-942,CAM-1,1,WPB1399,NV,TRAILER,WPB1399,NV,TRAILER,0.948310,0.855171,0.913463,0.800000,0.800000,0.800000,auto_clear,none,,1
s0-c1-943,CAM-1,1,OCD9474,AZ,GOV,OCD9474,AZ,COMMERCIAL,0.990000,0.693371,0.265925,0.800000,0.800000,0.800000,review,review,correct,0
s0-c1-944,CAM-1,1,UML0513,AZ,PASSENGER,UML0513,AZ,PASSENGER,0.692663,0.990000,0.736366,0.800000,0.800000,0.800000,review,review,type2,1
s0-c1-945,CAM-1,1,FPQ7313,AZ,PASSENGER,FPQ7313,AZ,COMMERCIAL,0.820260,0.897553,0.932642,0.800000,0.800000,0.800000,auto_clear,none,,0
s0-c1-946,CAM-1,1,NXH7015,FL,COMMERCIAL,NXH7015,CA,COMMERCIAL,0.893291,0.795840,0.954223,0.800000,0.800000,0.800000,review,review,correct,0
s0-c1-947,CAM-1,1,UEE5505,AZ,TEMP,UEE5505,AZ,TEMP,0.988501,0.931050,0.864260,0.800000,0.800000,0.800000,auto_clear,none,,1
s0-c1-948,CAM-1,1,DWX2206,NV,GOV,DWX2206,NV,GOV,0.974242,0.733683,0.733893,0.800000,0.800000,0.800000,review,review,type2,1
s0-c1-949,CAM-1,1,IDQ6836,OK,TEMP,IDQ6836,OK,COMMERCIAL,0.862738,0.838624,0.549372,0.800000,0.800000,0.800000,review,review,correct,0
s0-c1-950,CAM-1,1,EKL1988,CO,COMMERCIAL,EKLJ988,CO,COMMERCIAL,0.468313,0.833822,0.839974,0.800000,0.800000,0.800000,review,review,correct,0
s0-c1-951,CAM-1,1,VNJ0681,TX,TEMP,VNJL681,AZ,TEMP,0.450426,0.572130,0.669219,0.800000,0.800000,0.800000,review,review,correct,0
s0-c1-952,CAM-1,1,OOZ3091,TX,TEMP,OOZ3091,TX,TRAILER,0.643877,0.403042,0.508753,0.800000,0.800000,0.800000,review,review,correct,0
s0-c1-953,CAM-1,1,LYG5097,AZ,GOV,LQG5097,NV,GOV,0.779183,0.896567,0.956650,0.800000,0.800000,0.800000,review,review,correct,0
s0-c1-954,CAM-1,1,BFC2129,NM,PASSENGER,BFC2129,NM,TRAILER,0.882451,0.927339,0.533646,0.800000,0.800000,0.800000,review,review,correct,0
s0-c1-955,CAM-1,1,EME7784,NV,PASSENGER,EME7784,NV,PASSENGER,0.990000,0.990000,0.771140,0.800000,0.800000,0.800000,review,review,type2,1
s0-c1-956,CAM-1,1,YCP1110,NV,TRAILER,YCP1110,CO,TRAILER,0.793642,0.877568,0.671122,0.800000,0.800000,0.800000,review,review,correct,0
s0-c1-957,CAM-1,1,RHH7472,FL,TRAILER,RHH7472,FL,TEMP,0.631742,0.726014,0.378509,0.800000,0.800000,0.800000,review,review,correct,0
s0-c1-958,CAM-1,1,NFE7325,CO,TEMP,NFE7325,CO,PASSENGER,0.776373,0.749726,0.601306,0.800000,0.800000,0.800000,review,review,correct,0
s0-c1-959,CAM-1,1,WTC1519,CO,PASSENGER,WTC1519,TX,PASSENGER,0.582112,0.636354,0.948363,0.800000,0.800000,0.800000,review,review,correct,0
s0-c1-960,CAM-1,1,KEQ0905,NM,TRAILER,KEQ0905,FL,COMMERCIAL,0.734415,0.426193,0.754416,0.800000,0.800000,0.800000,review,review,correct,0
s0-c1-961,CAM-1,1,KAH3229,CA,GOV,KAH3229,CA,GOV,0.790264,0.990000,0.914372,0.800000,0.800000,0.800000,review,review,type2,1
s0-c1-962,CAM-1,1,JCV7258,NV,PASSENGER,JCV7258,NV,PASSENGER,0.965086,0.550330,0.907554,0.800000,0.800000,0.800000,review,review,type2,1
s0-c1-963,CAM-1,1,SQN1188,OK,COMMERCIAL,SQN1188,OK,COMMERCIAL,0.586323,0.570233,0.641012,0.800000,0.800000,0.800000,review,review,type2,1
s0-c1-964,CAM-1,1,CPL5078,FL,COMMERCIAL,CPL5078,FL,GOV,0.990000,0.783328,0.489791,0.800000,0.800000,0.800000,review,review,correct,0
s0-c1-965,CAM-1,1,MJO6924,OK,PASSENGER,MJO6924,OK,TEMP,0.716046,0.935564,0.679262,0.800000,0.800000,0.800000,review,review,correct,0
s0-c1-966,CAM-1,1,NOB2880,CA,PASSENGER,NOB2880,CA,PASSENGER,0.637808,0.711638,0.791316,0.800000,0.800000,0.800000,review,review,type2,1
s0-c1-967,CAM-1,1,ZZL4340,NV,TRAILER,ZZL4340,NM,TRAILER,0.817507,0.909597,0.671599,0.800000,0.800000,0.800000,review,review,correct,0
s0-c1-968,CAM-1,1,MCT9015,NV,COMMERCIAL,MCT9O15,NV,COMMERCIAL,0.745884,0.664665,0.756218,0.800000,0.800000,0.800000,review,review,correct,0
s0-c1-969,CAM-1,1,PTY2720,CO,GOV,PTY2720,CO,GOV,0.788657,0.876510,0.735642,0.800000,0.800000,0.800000,review,review,type2,1
s0-c1-970,CAM-1,1,DUW0633,NV,TRAILER,DUW0633,NM,TRAILER,0.810374,0.286696,0.755376,0.800000,0.800000,0.800000,review,review,correct,0
s0-c1-971,CAM-1,1,CLM5358,AZ,TEMP,CLM5358,AZ,TEMP,0.661306,0.769780,0.982849,0.800000,0.800000,0.800000,review,review,type2,1
s0-c1-972,CAM-1,1,LPJ2181,FL,TEMP,LWJ2181,FL,TEMP,0.590522,0.595868,0.884503,0.800000,0.800000,0.800000,review,review,correct,0
s0-c1-973,CAM-1,1,RHM8458,NV,TRAILER,RHM8458,NV,COMMERCIAL,0.705137,0.938504,0.630261,0.800000,0.800000,0.800000,review,review,correct,0
s0-c1-974,CAM-1,1,JRM0551,NV,COMMERCIAL,JQM0551,NV,TEMP,0.789669,0.916540,0.667007,0.800000,0.800000,0.800000,review,review,correct,0
s0-c1-975,CAM-1,1,KCA7937,FL,TRAILER,KCA7937,FL,TRAILER,0.819416,0.756717,0.620119,0.800000,0.800000,0.800000,review,review,type2,1
s0-c1-976,CAM-1,1,KNG5881,NM,PASSENGER,KNG5881,NM,PASSENGER,0.890183,0.732225,0.871127,0.800000,0.800000,0.800000,review,review,type2,1
s0-c1-977,CAM-1,1,AVT2635,CA,PASSENGER,AVT2635,CA,PASSENGER,0.990000,0.829069,0.768027,0.800000,0.800000,0.800000,review,review,type2,1
s0-c1-978,CAM-1,1,VST6680,FL,COMMERCIAL,VST6680,FL,COMMERCIAL,0.841346,0.941981,0.684580,0.800000,0.800000,0.800000,review,review,type2,1
s0-c1-979,CAM-1,1,QRS6804,AZ,GOV,QRS6804,AZ,COMMERCIAL,0.806167,0.848396,0.459598,0.800000,0.800000,0.800000,review,review,correct,0
s0-c1-980,CAM-1,1,XYF6324,OK,PASSENGER,XYF6324,OK,TRAILER,0.785016,0.797518,0.478549,0.800000,0.800000,0.800000,review,review,correct,0
s0-c1-981,CAM-1,1,JQS3991,NM,COMMERCIAL,JQS3991,NM,TEMP,0.876305,0.699967,0.425986,0.800000,0.800000,0.800000,review,review,correct,0
s0-c1-982,CAM-1,1,ZWM1167,CO,PASSENGER,ZWM4167,CA,TRAILER,0.419850,0.390946,0.852716,0.800000,0.800000,0.800000,review,review,correct,0
s0-c1-983,CAM-1,1,HGJ4574,AZ,PASSENGER,HGJ4574,AZ,PASSENGER,0.802041,0.887234,0.894935,0.800000,0.800000,0.800000,auto_clear,none,,1
s0-c1-984,CAM-1,1,IGT4173,OK,GOV,IGT4173,OK,GOV,0.942749,0.817437,0.718931,0.800000,0.800000,0.800000,review,review,type2,1
s0-c1-985,CAM-1,1,KWW5589,AZ,TRAILER,KWW5589,AZ,TRAILER,0.679132,0.818387,0.845958,0.800000,0.800000,0.800000,review,review,type2,1
s0-c1-986,CAM-1,1,GYQ2924,AZ,TEMP,GYQ2924,AZ,COMMERCIAL,0.823084,0.853182,0.807451,0.800000,0.800000,0.800000,auto_clear,none,,0
s0-c1-987,CAM-1,1,ECT5207,TX,COMMERCIAL,ECT5207,OK,GOV,0.908938,0.801493,0.773805,0.800000,0.800000,0.800000,review,review,correct,0
s0-c1-988,CAM-1,1,OLV3057,OK,TEMP,OLV3027,OK,TEMP,0.247725,0.882184,0.821384,0.800000,0.800000,0.800000,review,review,correct,0
s0-c1-989,CAM-1,1,NWB8589,CO,TRAILER,NWB8589,CO,TRAILER,0.869640,0.678549,0.850235,0.800000,0.800000,0.800000,review,review,type2,1
s0-c1-990,CAM-1,1,UHN0090,FL,COMMERCIAL,UHN0090,FL,GOV,0.926193,0.770656,0.621108,0.800000,0.800000,0.800000,review,review,correct,0
s0-c1-991,CAM-1,1,YYB6025,CO,PASSENGER,YYB6025,CO,PASSENGER,0.732472,0.751524,0.547066,0.800000,0.800000,0.800000,review,review,type2,1
s0-c1-992,CAM-1,1,KUF8836,AZ,COMMERCIAL,KUF8836,AZ,COMMERCIAL,0.777101,0.726007,0.985118,0.800000,0.800000,0.800000,review,review,type2,1
s0-c1-993,CAM-1,1,JQW3573,FL,COMMERCIAL,JQL3573,FL,PASSENGER,0.566420,0.853547,0.314945,0.800000,0.800000,0.800000,review,review,correct,0
s0-c1-994,CAM-1,1,VFY7245,AZ,COMMERCIAL,VFY7245,FL,TEMP,0.735904,0.509816,0.611885,0.800000,0.800000,0.800000,review,review,correct,0
s0-c1-995,CAM-1,1,ZJJ1143,TX,COMMERCIAL,ZJJ1143,CO,COMMERCIAL,0.882728,0.536274,0.858458,0.800000,0.800000,0.800000,review,review,correct,0
s0-c1-996,CAM-1,1,NVY0525,CO,TEMP,NVY0525,CO,GOV,0.975923,0.819322,0.922438,0.800000,0.800000,0.800000,auto_clear,none,,0
s0-c1-997,CAM-1,1,WAE7137,FL,TEMP,WAE7137,FL,TEMP,0.862266,0.837020,0.981999,0.800000,0.800000,0.800000,auto_clear,none,,1
s0-c1-998,CAM-1,1,OHE6499,TX,PASSENGER,OHE6499,CO,GOV,0.703879,0.690455,0.440772,0.800000,0.800000,0.800000,review,review,correct,0
s0-c1-999,CAM-1,1,ZNM9524,CO,PASSENGER,ZNM9524,NM,PASSENGER,0.846484,0.668310,0.776248,0.800000,0.800000,0.800000,review,review,correct,0
s0-c1-1000,CAM-1,1,HSA5986,TX,TEMP,HSA5986,AZ,TEMP,0.860981,0.709781,0.453591,0.800000,0.800000,0.800000,review,review,correct,0
s0-c1-1001,CAM-1,1,GZG0777,CO,PASSENGER,GZG0777,CO,TEMP,0.826035,0.762830,0.827935,0.800000,0.800000,0.800000,review,review,correct,0
s0-c1-1002,CAM-1,1,NRF3423,OK,PASSENGER,NRF3423,OK,COMMERCIAL,0.812006,0.779764,0.414331,0.800000,0.800000,0.800000,review,review,correct,0
s0-c1-1003,CAM-1,1,YMH8549,AZ,GOV,YMH8549,AZ,GOV,0.789715,0.634288,0.808157,0.800000,0.800000,0.800000,review,review,type2,1
s0-c1-1004,CAM-1,1,BGF7990,CA,TRAILER,BGF7990,CA,TRAILER,0.680356,0.628528,0.846658,0.800000,0.800000,0.800000,review,review,type2,1
s0-c1-1005,CAM-1,1,PIM9204,TX,TEMP,PIM9204,TX,TEMP,0.567395,0.752203,0.938339,0.800000,0.800000,0.800000,review,review,type2,1
s0-c1-1006,CAM-1,1,CNU6830,NV,TRAILER,CNU6830,AZ,TRAILER,0.918853,0.711819,0.940090,0.800000,0.800000,0.800000,review,review,correct,0
s0-c1-1007,CAM-1,1,SXY9576,CA,PASSENGER,SXY9576,FL,PASSENGER,0.845412,0.546604,0.845542,0.800000,0.800000,0.800000,review,review,correct,0
s0-c1-1008,CAM-1,1,AVN6593,CA,GOV,AVN6593,FL,GOV,0.841394,0.314175,0.876491,0.800000,0.800000,0.800000,review,review,correct,0
s0-c1-1009,CAM-1,1,INV4167,CO,TRAILER,INV4167,CA,TRAILER,0.841453,0.771543,0.990000,0.800000,0.800000,0.800000,review,review,correct,0
s0-c1-1010,CAM-1,1,AIZ1204,OK,TRAILER,AIZ1204,OK,TRAILER,0.937709,0.780391,0.960586,0.800000,0.800000,0.800000,review,review,type2,1
s0-c1-1011,CAM-1,1,MCZ3231,OK,GOV,MCZ323Z,OK,TEMP,0.729054,0.749449,0.680933,0.800000,0.800000,0.800000,review,review,correct,0
s0-c1-1012,CAM-1,1,ATN3792,AZ,PASSENGER,ATN379D,AZ,PASSENGER,0.764433,0.777015,0.978390,0.800000,0.800000,0.800000,review,review,correct,0
s0-c1-1013,CAM-1,1,NEQ9404,OK,COMMERCIAL,NEQ9404,FL,COMMERCIAL,0.754492,0.638903,0.851018,0.800000,0.800000,0.800000,review,review,correct,0
s0-c1-1014,CAM-1,1,TVA3936,TX,TRAILER,TVA3936,NV,GOV,0.847968,0.697340,0.839336,0.800000,0.800000,0.800000,review,review,correct,0
s0-c1-1015,CAM-1,1,OMS3701,NM,GOV,OMS37C1,NM,TEMP,0.574044,0.662037,0.534963,0.800000,0.800000,0.800000,review,review,correct,0
s0-c1-1016,CAM-1,1,XQA5033,TX,COMMERCIAL,XQA5033,AZ,TRAILER,0.990000,0.935637,0.428643,0.800000,0.800000,0.800000,review,review,correct,0
s0-c1-1017,CAM-1,1,AOM2095,TX,TEMP,AOM2095,TX,PASSENGER,0.606214,0.687924,0.746911,0.800000,0.800000,0.800000,review,review,correct,0
s0-c1-1018,CAM-1,1,BBX8004,NM,PASSENGER,BBX8004,NV,TEMP,0.864752,0.949109,0.523406,0.800000,0.800000,0.800000,review,review,correct,0
s0-c1-1019,CAM-1,1,UHH2652,CO,COMMERCIAL,UHH2652,CO,COMMERCIAL,0.867984,0.616023,0.793362,0.800000,0.800000,0.800000,review,review,type2,1
s0-c1-1020,CAM-1,1,CEO0287,NV,TRAILER,CEOB287,NV,TRAILER,0.550288,0.804925,0.733890,0.800000,0.800000,0.800000,review,review,correct,0
s0-c1-1021,CAM-1,1,OUO7439,OK,TEMP,OUO7439,OK,TEMP,0.583213,0.875860,0.692412,0.800000,0.800000,0.800000,review,review,type2,1
s0-c1-1022,CAM-1,1,TCB6121,NV,TEMP,TCB6121,NV,TEMP,0.725638,0.471525,0.680744,0.800000,0.800000,0.800000,review,review,type2,1
s0-c1-1023,CAM-1,1,WKG3706,OK,COMMERCIAL,WKG3706,OK,COMMERCIAL,0.560269,0.826694,0.501300,0.800000,0.800000,0.800000,review,review,type2,1
s0-c1-1024,CAM-1,1,OWS4829,OK,GOV,OWS4829,OK,GOV,0.960439,0.830988,0.710366,0.800000,0.800000,0.800000,review,review,type2,1
s0-c1-1025,CAM-1,1,AHU9477,CA,PASSENGER,AHU9477,CO,PASSENGER,0.784707,0.408585,0.647953,0.800000,0.800000,0.800000,review,review,correct,0
s0-c1-1026,CAM-1,1,WOW2177,NM,PASSENGER,WOW2177,NM,TEMP,0.805763,0.786094,0.616086,0.800000,0.800000,0.800000,review,review,correct,0
s0-c1-1027,CAM-1,1,PYC2807,OK,PASSENGER,PYC2807,OK,PASSENGER,0.788563,0.779552,0.786954,0.800000,0.800000,0.800000,review,review,type2,1
s0-c1-1028,CAM-1,1,ZRS8188,CO,PASSENGER,ZRS8188,TX,PASSENGER,0.959510,0.513265,0.710537,0.800000,0.800000,0.800000,review,review,correct,0
s0-c1-1029,CAM-1,1,SBV4666,CO,TRAILER,SBE4666,CA,TEMP,0.841459,0.782761,0.865322,0.800000,0.800000,0.800000,review,review,correct,0
s0-c1-1030,CAM-1,1,GBB7174,OK,TEMP,GBB7174,OK,TEMP,0.927857,0.889444,0.703217,0.800000,0.800000,0.800000,review,review,type2,1
s0-c1-1031,CAM-1,1,WDB6285,FL,TRAILER,WDB6285,AZ,TRAILER,0.671892,0.683120,0.838948,0.800000,0.800000,0.800000,review,review,correct,0
s0-c1-1032,CAM-1,1,MZT5372,CO,TRAILER,MZT5372,CO,TRAILER,0.919349,0.633898,0.931234,0.800000,0.800000,0.800000,review,review,type2,1
s0-c1-1033,CAM-1,1,BGJ9096,NM,COMMERCIAL,BGJ9092,NM,TEMP,0.713796,0.798331,0.404949,0.800000,0.800000,0.800000,review,review,correct,0
s0-c1-1034,CAM-1,1,BAI3808,FL,COMMERCIAL,BAI3808,FL,GOV,0.566925,0.789475,0.648176,0.800000,0.800000,0.800000,review,review,correct,0
s0-c1-1035,CAM-1,1,CQC2345,NM,TRAILER,CQC2345,NM,GOV,0.846740,0.697919,0.731386,0.800000,0.800000,0.800000,review,review,correct,0
s0-c1-1036,CAM-1,1,XTB6609,TX,COMMERCIAL,XTB6609,TX,TEMP,0.655521,0.901151,0.565685,0.800000,0.800000,0.800000,review,review,correct,0
s0-c1-1037,CAM-1,1,WSU6639,NM,PASSENGER,WSU6639,NM,PASSENGER,0.730015,0.808517,0.922571,0.800000,0.800000,0.800000,review,review,type2,1
s0-c1-1038,CAM-1,1,YVL5859,NV,TRAILER,YVL5859,NV,TRAILER,0.760326,0.539077,0.852036,0.800000,0.800000,0.800000,review,review,type2,1
s0-c1-1039,CAM-1,1,IBZ2729,OK,COMMERCIAL,IBZ5729,OK,COMMERCIAL,0.589311,0.878204,0.613533,0.800000,0.800000,0.800000,review,review,correct,0
s0-c1-1040,CAM-1,1,GDB5829,NM,TRAILER,GDB5829,NM,TRAILER,0.852615,0.757107,0.580259,0.800000,0.800000,0.800000,review,review,type2,1
s0-c1-1041,CAM-1,1,JRB1630,TX,TEMP,JRB1630,TX,TEMP,0.594501,0.925431,0.866534,0.800000,0.800000,0.800000,review,review,type2,1
s0-c1-1042,CAM-1,1,ZSP0551,CO,GOV,ZSP0551,CO,GOV,0.719464,0.788132,0.835946,0.800000,0.800000,0.800000,review,review,type2,1
s0-c1-1043,CAM-1,1,RIK4966,OK,TEMP,RIK4966,FL,COMMERCIAL,0.699265,0.406942,0.657462,0.800000,0.800000,0.800000,review,review,correct,0
s0-c1-1044,CAM-1,1,EDC5191,NV,TRAILER,EDC5191,NV,TRAILER,0.687579,0.916877,0.990000,0.800000,0.800000,0.800000,review,review,type2,1
s0-c1-1045,CAM-1,1,YUG7222,CO,TEMP,YUG7222,CO,TEMP,0.911384,0.756816,0.813198,0.800000,0.800000,0.800000,review,review,type2,1
s0-c1-1046,CAM-1,1,OLI5357,FL,TEMP,OLI5357,NV,TEMP,0.816584,0.618762,0.743357,0.800000,0.800000,0.800000,review,review,correct,0
s0-c1-1047,CAM-1,1,ZTV6753,OK,GOV,ZTV6753,OK,GOV,0.666757,0.776278,0.538362,0.800000,0.800000,0.800000,review,review,type2,1
s0-c1-1048,CAM-1,1,YPG4514,NM,TEMP,YPG4514,NM,TEMP,0.968376,0.867391,0.904305,0.800000,0.800000,0.800000,auto_clear,none,,1
s0-c1-1049,CAM-1,1,MRV2336,FL,TEMP,MRV2336,FL,PASSENGER,0.753281,0.884337,0.706092,0.800000,0.800000,0.800000,review,review,correct,0
s0-c1-1050,CAM-1,1,QGO9082,OK,PASSENGER,QGO9082,OK,PASSENGER,0.816192,0.852050,0.798789,0.800000,0.800000,0.800000,review,review,type2,1
s0-c1-1051,CAM-1,1,NDT9827,NV,TEMP,NDT9827,NV,TEMP,0.969488,0.990000,0.780090,0.800000,0.800000,0.800000,review,review,type2,1
s0-c1-1052,CAM-1,1,XYP0835,NV,TEMP,XYP083K,NV,COMMERCIAL,0.872866,0.823546,0.724455,0.800000,0.800000,0.800000,review,review,correct,0
s0-c1-1053,CAM-1,1,HSY4014,NV,PASSENGER,HSY4I14,NV,TRAILER,0.623067,0.729704,0.583848,0.800000,0.800000,0.800000,review,review,correct,0
s0-c1-1054,CAM-1,1,AFD7598,NV,GOV,AFD7598,NV,COMMERCIAL,0.813154,0.766564,0.598599,0.800000,0.800000,0.800000,review,review,correct,0
s0-c1-1055,CAM-1,1,LDF8812,TX,PASSENGER,LDF8812,TX,COMMERCIAL,0.847549,0.776399,0.248090,0.800000,0.800000,0.800000,review,review,correct,0
s0-c1-1056,CAM-1,1,HIP8417,FL,TEMP,HIP8417,FL,TEMP,0.990000,0.959744,0.576156,0.800000,0.800000,0.800000,review,review,type2,1
s0-c1-1057,CAM-1,1,OFX9038,CA,TRAILER,OFX9038,NV,TRAILER,0.877364,0.762861,0.962567,0.800000,0.800000,0.800000,review,review,correct,0
s0-c1-1058,CAM-1,1,ZJT0321,NV,COMMERCIAL,GJT0321,NV,COMMERCIAL,0.465090,0.960645,0.599379,0.800000,0.800000,0.800000,review,review,correct,0
s0-c1-1059,CAM-1,1,KMZ7554,TX,PASSENGER,KMZ7554,AZ,PASSENGER,0.804422,0.518374,0.753561,0.800000,0.800000,0.800000,review,review,correct,0
s0-c1-1060,CAM-1,1,DXH7621,OK,TRAILER,DXH7621,AZ,PASSENGER,0.938188,0.648312,0.745040,0.800000,0.800000,0.800000,review,review,correct,0
s0-c1-1061,CAM-1,1,JYT5018,NM,COMMERCIAL,JYT5018,NM,COMMERCIAL,0.969053,0.844851,0.817367,0.800000,0.800000,0.800000,auto_clear,none,,1
s0-c1-1062,CAM-1,1,ZUQ9054,CO,TRAILER,ZUQ9054,CO,COMMERCIAL,0.954736,0.669127,0.727721,0.800000,0.800000,0.800000,review,review,correct,0
s0-c1-1063,CAM-1,1,UEB8024,AZ,TEMP,UEB8024,AZ,TEMP,0.931963,0.585088,0.885838,0.800000,0.800000,0.800000,review,review,type2,1
s0-c1-1064,CAM-1,1,MGH2170,AZ,TEMP,MGH2170,AZ,TEMP,0.615989,0.764797,0.856575,0.800000,0.800000,0.800000,review,review,type2,1
s0-c1-1065,CAM-1,1,QDE8396,NM,COMMERCIAL,QDE8396,NM,TRAILER,0.811808,0.638320,0.680677,0.800000,0.800000,0.800000,review,review,correct,0
s0-c1-1066,CAM-1,1,KCD8551,AZ,TEMP,KCD8551,AZ,TEMP,0.727761,0.828116,0.822005,0.800000,0.800000,0.800000,review,review,type2,1
s0-c1-1067,CAM-1,1,YLQ5024,FL,GOV,YLQ5024,FL,GOV,0.862211,0.612777,0.583566,0.800000,0.800000,0.800000,review,review,type2,1
s0-c1-1068,CAM-1,1,UZF6253,OK,PASSENGER,U3F6253,OK,PASSENGER,0.855981,0.889267,0.760400,0.800000,0.800000,0.800000,review,review,correct,0
s0-c1-1069,CAM-1,1,HLB5726,NM,TRAILER,HLB5726,NM,TRAILER,0.870892,0.790015,0.665790,0.800000,0.800000,0.800000,review,review,type2,1
s0-c1-1070,CAM-1,1,YEZ4814,CO,COMMERCIAL,YEZ4814,AZ,COMMERCIAL,0.927244,0.719524,0.824588,0.800000,0.800000,0.800000,review,review,correct,0
s0-c1-1071,CAM-1,1,OSC6549,AZ,TRAILER,OSC6549,AZ,PASSENGER,0.832424,0.769513,0.632879,0.800000,0.800000,0.800000,review,review,correct,0
s0-c1-1072,CAM-1,1,YQX2215,NM,GOV,YQX2215,CO,PASSENGER,0.750165,0.716103,0.375920,0.800000,0.800000,0.800000,review,review,correct,0
s0-c1-1073,CAM-1,1,TYQ5609,AZ,TEMP,TYQ5609,AZ,TEMP,0.893652,0.555274,0.506449,0.800000,0.800000,0.800000,review,review,type2,1
s0-c1-1074,CAM-1,1,KVA2580,FL,GOV,KVA2580,FL,GOV,0.990000,0.761418,0.841119,0.800000,0.800000,0.800000,review,review,type2,1
s0-c1-1075,CAM-1,1,SOT0678,TX,TRAILER,SOT0678,TX,TRAILER,0.804302,0.515407,0.840583,0.800000,0.800000,0.800000,review,review,type2,1
s0-c1-1076,CAM-1,1,SDD4399,NM,COMMERCIAL,SDD4399,NV,PASSENGER,0.949556,0.780000,0.592414,0.800000,0.800000,0.800000,review,review,correct,0
s0-c1-1077,CAM-1,1,CMA6511,FL,GOV,CMA6511,AZ,GOV,0.844820,0.400052,0.886539,0.800000,0.800000,0.800000,review,review,correct,0
s0-c1-1078,CAM-1,1,GGL3103,CO,TRAILER,GGL3103,CO,GOV,0.662993,0.705928,0.440076,0.800000,0.800000,0.800000,review,review,correct,0
s0-c1-1079,CAM-1,1,EAG1921,TX,GOV,EAG1921,TX,TEMP,0.905804,0.276584,0.817949,0.800000,0.800000,0.800000,review,review,correct,0
s0-c1-1080,CAM-1,1,DWY0794,NM,COMMERCIAL,DWY0794,NM,COMMERCIAL,0.754036,0.982656,0.807649,0.800000,0.800000,0.800000,review,review,type2,1
s0-c1-1081,CAM-1,1,MTO5807,TX,PASSENGER,MTO5807,NV,TRAILER,0.864675,0.366907,0.783975,0.800000,0.800000,0.800000,review,review,correct,0
s0-c1-1082,CAM-1,1,YYE9821,AZ,TRAILER,YYE98A1,AZ,TEMP,0.587636,0.622959,0.585675,0.800000,0.800000,0.800000,review,review,correct,0
s0-c1-1083,CAM-1,1,VXP9040,AZ,PASSENGER,VXP9040,AZ,PASSENGER,0.841121,0.712573,0.696685,0.800000,0.800000,0.800000,review,review,type2,1
s0-c1-1084,CAM-1,1,OOI5199,AZ,PASSENGER,OOI5199,FL,PASSENGER,0.729710,0.432061,0.858853,0.800000,0.800000,0.800000,review,review,correct,0
s0-c1-1085,CAM-1,1,SED6897,AZ,GOV,SED6897,AZ,GOV,0.786679,0.569916,0.673971,0.800000,0.800000,0.800000,review,review,type2,1
s0-c1-1086,CAM-1,1,IIG3801,OK,COMMERCIAL,IIG3801,AZ,COMMERCIAL,0.584625,0.928435,0.990000,0.800000,0.800000,0.800000,review,review,correct,0
s0-c1-1087,CAM-1,1,KAT3378,NM,GOV,KAT3378,AZ,GOV,0.863884,0.420679,0.739015,0.800000,0.800000,0.800000,review,review,correct,0
s0-c1-1088,CAM-1,1,MTE9484,OK,COMMERCIAL,MTE9484,OK,COMMERCIAL,0.826924,0.615075,0.796325,0.800000,0.800000,0.800000,review,review,type2,1
s0-c1-1089,CAM-1,1,FRG4009,AZ,COMMERCIAL,FRG4009,AZ,COMMERCIAL,0.914202,0.906188,0.627614,0.800000,0.800000,0.800000,review,review,type2,1
s0-c1-1090,CAM-1,1,NWJ8206,CA,PASSENGER,NWJ8206,CA,GOV,0.990000,0.683872,0.602309,0.800000,0.800000,0.800000,review,review,correct,0
s0-c1-1091,CAM-1,1,HSR9200,NM,PASSENGER,HSR9200,NM,PASSENGER,0.990000,0.879477,0.889414,0.800000,0.800000,0.800000,auto_clear,none,,1
s0-c1-1092,CAM-1,1,LDV5298,CA,TEMP,LDV5298,NM,TEMP,0.631846,0.758380,0.502207,0.800000,0.800000,0.800000,review,review,correct,0
s0-c1-1093,CAM-1,1,HSW8537,CO,COMMERCIAL,4SW8537,FL,COMMERCIAL,0.706370,0.482743,0.799560,0.800000,0.800000,0.800000,review,review,correct,0
s0-c1-1094,CAM-1,1,SXF8765,NM,TRAILER,SXF8765,NM,TRAILER,0.812890,0.919852,0.575324,0.800000,0.800000,0.800000,review,review,type2,1
s0-c1-1095,CAM-1,1,PBF3568,FL,TEMP,PBF3568,FL,PASSENGER,0.990000,0.983190,0.869818,0.800000,0.800000,0.800000,auto_clear,dispute,type1,0
s0-c1-1096,CAM-1,1,NGS8465,NM,PASSENGER,NGS8465,NM,PASSENGER,0.892172,0.806136,0.709078,0.800000,0.800000,0.800000,review,review,type2,1
s0-c1-1097,CAM-1,1,HFU9260,OK,TRAILER,HFU9260,OK,TRAILER,0.960344,0.966999,0.952339,0.800000,0.800000,0.800000,auto_clear,none,,1
s0-c1-1098,CAM-1,1,LRY2348,OK,GOV,LRY2348,OK,COMMERCIAL,0.755531,0.823776,0.407727,0.800000,0.800000,0.800000,review,review,correct,0
s0-c1-1099,CAM-1,1,SQM1081,TX,TRAILER,SQM1081,OK,TRAILER,0.861312,0.632214,0.467911,0.800000,0.800000,0.800000,review,review,correct,0
s0-c1-1100,CAM-1,1,AXO9391,NM,TRAILER,AXO9391,CA,TEMP,0.795123,0.722770,0.819929,0.800000,0.800000,0.800000,review,review,correct,0
s0-c1-1101,CAM-1,1,NJI9739,NV,GOV,NJI9739,TX,GOV,0.815094,0.702343,0.731266,0.800000,0.800000,0.800000,review,review,correct,0
s0-c1-1102,CAM-1,1,DMB1427,NV,PASSENGER,DMB142L,CA,PASSENGER,0.530545,0.537946,0.672735,0.800000,0.800000,0.800000,review,review,correct,0
s0-c1-1103,CAM-1,1,YIA3528,CO,PASSENGER,YIA3N28,CO,PASSENGER,0.903734,0.655950,0.900178,0.800000,0.800000,0.800000,review,review,correct,0
s0-c1-1104,CAM-1,1,XVQ3099,NM,TEMP,XVQ3099,NM,PASSENGER,0.898304,0.672252,0.505225,0.800000,0.800000,0.800000,review,review,correct,0
s0-c1-1105,CAM-1,1,GFK1897,AZ,GOV,GFK1897,AZ,GOV,0.935192,0.876277,0.964560,0.800000,0.800000,0.800000,auto_clear,none,,1
s0-c1-1106,CAM-1,1,FJG1345,TX,PASSENGER,FJG1345,TX,PASSENGER,0.711867,0.887178,0.570451,0.800000,0.800000,0.800000,review,review,type2,1
s0-c1-1107,CAM-1,1,VQG2124,OK,TEMP,VQG2124,OK,TEMP,0.881901,0.938313,0.675787,0.800000,0.800000,0.800000,review,review,type2,1
s0-c1-1108,CAM-1,1,PRT8528,FL,TRAILER,PRT8528,TX,TRAILER,0.920711,0.697440,0.805011,0.800000,0.800000,0.800000,review,review,correct,0
s0-c1-1109,CAM-1,1,FVS8682,NV,TRAILER,FVS8682,CA,TRAILER,0.939355,0.795512,0.867445,0.800000,0.800000,0.800000,review,review,correct,0
s0-c1-1110,CAM-1,1,VHH8669,NV,PASSENGER,VHH8669,NV,GOV,0.932905,0.721395,0.784378,0.800000,0.800000,0.800000,review,review,correct,0
s0-c1-1111,CAM-1,1,EII5556,FL,TEMP,EII5256,FL,GOV,0.601348,0.929466,0.609858,0.800000,0.800000,0.800000,review,review,correct,0
s0-c1-1112,CAM-1,1,WZN9573,OK,PASSENGER,WZN9573,FL,PASSENGER,0.494924,0.756293,0.357072,0.800000,0.800000,0.800000,review,review,correct,0
s0-c1-1113,CAM-1,1,TQY4692,NM,TRAILER,TQY4692,FL,GOV,0.729298,0.608549,0.657763,0.800000,0.800000,0.800000,review,review,correct,0
s0-c1-1114,CAM-1,1,HMB2852,FL,COMMERCIAL,GMB2852,FL,TRAILER,0.876560,0.990000,0.478127,0.800000,0.800000,0.800000,review,review,correct,0
s0-c1-1115,CAM-1,1,UYF7967,NM,TEMP,UYF7967,NM,TEMP,0.976116,0.721347,0.716606,0.800000,0.800000,0.800000,review,review,type2,1
s0-c1-1116,CAM-1,1,WPO7475,NV,TRAILER,WPO7475,TX,TRAILER,0.990000,0.627819,0.636060,0.800000,0.800000,0.800000,review,review,correct,0
s0-c1-1117,CAM-1,1,OYD1440,AZ,TRAILER,OYD1440,AZ,TRAILER,0.519979,0.865608,0.925938,0.800000,0.800000,0.800000,review,review,type2,1
s0-c1-1118,CAM-1,1,KTD0351,NM,PASSENGER,KTD0351,CO,PASSENGER,0.898639,0.518971,0.476206,0.800000,0.800000,0.800000,review,review,correct,0
s0-c1-1119,CAM-1,1,VRP2906,CO,PASSENGER,VRP2906,CO,PASSENGER,0.964326,0.833087,0.928847,0.800000,0.800000,0.800000,auto_clear,none,,1
s0-c1-1120,CAM-1,1,RJF6937,NM,GOV,RJF693I,NV,GOV,0.514419,0.601104,0.847425,0.800000,0.800000,0.800000,review,review,correct,0
s0-c1-1121,CAM-1,1,ACM0216,CO,PASSENGER,ACM0216,CO,PASSENGER,0.990000,0.924400,0.974007,0.800000,0.800000,0.800000,auto_clear,none,,1
s0-c1-1122,CAM-1,1,LAL7958,CA,COMMERCIAL,LAL79K8,CA,COMMERCIAL,0.960484,0.719662,0.975235,0.800000,0.800000,0.800000,review,review,correct,0
s0-c1-1123,CAM-1,1,UKJ6301,CA,COMMERCIAL,UKJ6301,CO,COMMERCIAL,0.637963,0.783771,0.977335,0.800000,0.800000,0.800000,review,review,correct,0
s0-c1-1124,CAM-1,1,PUT4161,OK,PASSENGER,PUT4161,OK,PASSENGER,0.654044,0.990000,0.509098,0.800000,0.800000,0.800000,review,review,type2,1
s0-c1-1125,CAM-1,1,YQP1100,NV,COMMERCIAL,YQP1100,AZ,COMMERCIAL,0.868130,0.692053,0.841869,0.800000,0.800000,0.800000,review,review,correct,0
s0-c1-1126,CAM-1,1,WPA5232,NV,PASSENGER,WPA5232,NV,TEMP,0.579075,0.969815,0.658545,0.800000,0.800000,0.800000,review,review,correct,0
s0-c1-1127,CAM-1,1,QJQ3805,NV,GOV,QJQ3805,NV,GOV,0.942575,0.876593,0.759720,0.800000,0.800000,0.800000,review,review,type2,1
s0-c1-1128,CAM-1,1,BIP3031,NV,COMMERCIAL,BIP3031,NV,COMMERCIAL,0.568927,0.890982,0.910961,0.800000,0.800000,0.800000,review,review,type2,1
s0-c1-1129,CAM-1,1,MAA7826,CO,COMMERCIAL,MAA78O6,CO,COMMERCIAL,0.818782,0.927637,0.609724,0.800000,0.800000,0.800000,review,review,correct,0
s0-c1-1130,CAM-1,1,OYR4338,AZ,TEMP,OYR4338,TX,TEMP,0.517132,0.655629,0.946254,0.800000,0.800000,0.800000,review,review,correct,0
s0-c1-1131,CAM-1,1,HPY1154,OK,PASSENGER,HPY11Z4,OK,PASSENGER,0.380914,0.552473,0.864438,0.800000,0.800000,0.800000,review,review,correct,0
s0-c1-1132,CAM-1,1,HXY1578,NV,GOV,HXY1578,NV,GOV,0.634338,0.659702,0.731516,0.800000,0.800000,0.800000,review,review,type2,1
s0-c1-1133,CAM-1,1,QZO1975,TX,TEMP,QZO1975,TX,TEMP,0.955320,0.767899,0.948503,0.800000,0.800000,0.800000,review,review,type2,1
s0-c1-1134,CAM-1,1,GTL3065,FL,COMMERCIAL,GTL3065,FL,TEMP,0.789045,0.652457,0.657975,0.800000,0.800000,0.800000,review,review,correct,0
s0-c1-1135,CAM-1,1,XBW8851,TX,TEMP,XBW8851,TX,TEMP,0.817622,0.838509,0.550437,0.800000,0.800000,0.800000,review,review,type2,1
s0-c1-1136,CAM-1,1,YNC6070,NV,PASSENGER,YNC6070,NV,PASSENGER,0.711213,0.673140,0.724566,0.800000,0.800000,0.800000,review,review,type2,1
s0-c1-1137,CAM-1,1,FBW8794,OK,GOV,FBW8794,OK,GOV,0.891934,0.710189,0.620780,0.800000,0.800000,0.800000,review,review,type2,1
s0-c1-1138,CAM-1,1,LRV5498,NV,PASSENGER,LRV5498,FL,COMMERCIAL,0.990000,0.863238,0.838511,0.800000,0.800000,0.800000,auto_clear,none,,0
s0-c1-1139,CAM-1,1,TQJ9535,CA,COMMERCIAL,TQJ9535,CA,COMMERCIAL,0.920756,0.754554,0.536135,0.800000,0.800000,0.800000,review,review,type2,1
s0-c1-1140,CAM-1,1,UTD8489,NV,GOV,UTD848Q,NV,GOV,0.718214,0.897712,0.587823,0.800000,0.800000,0.800000,review,review,correct,0
s0-c1-1141,CAM-1,1,EIS9408,OK,COMMERCIAL,EIS9408,OK,TEMP,0.947686,0.845927,0.815940,0.800000,0.800000,0.800000,auto_clear,none,,0
s0-c1-1142,CAM-1,1,TTS2514,TX,TRAILER,TTS2514,TX,GOV,0.634111,0.990000,0.760133,0.800000,0.800000,0.800000,review,review,correct,0
s0-c1-1143,CAM-1,1,AHD1481,AZ,TEMP,AHD1481,CO,GOV,0.927200,0.289283,0.726520,0.800000,0.800000,0.800000,review,review,correct,0
s0-c1-1144,CAM-1,1,RSL6536,AZ,TEMP,RSL6J36,AZ,GOV,0.918558,0.901314,0.655110,0.800000,0.800000,0.800000,review,review,correct,0
s0-c1-1145,CAM-1,1,MTK6472,CA,GOV,9TK6472,CA,GOV,0.687621,0.984520,0.807093,0.800000,0.800000,0.800000,review,review,correct,0
s0-c1-1146,CAM-1,1,JXC5699,NV,GOV,JXC5699,NV,GOV,0.602807,0.817189,0.693629,0.800000,0.800000,0.800000,review,review,type2,1
s0-c1-1147,CAM-1,1,GPZ8703,NV,GOV,GPZ8703,NV,GOV,0.818564,0.634295,0.588428,0.800000,0.800000,0.800000,review,review,type2,1
s0-c1-1148,CAM-1,1,IZR3229,CO,TEMP,IZR3229,TX,TRAILER,0.799979,0.665853,0.743544,0.800000,0.800000,0.800000,review,review,correct,0
s0-c1-1149,CAM-1,1,CYR7817,FL,PASSENGER,CYR7817,FL,PASSENGER,0.908726,0.990000,0.862588,0.800000,0.800000,0.800000,auto_clear,none,,1
s0-c1-1150,CAM-1,1,XZE5021,AZ,PASSENGER,XZE5021,CA,PASSENGER,0.990000,0.785012,0.990000,0.800000,0.800000,0.800000,review,review,correct,0
s0-c1-1151,CAM-1,1,OMI2784,NM,TEMP,OMI2784,NV,TEMP,0.990000,0.421103,0.844619,0.800000,0.800000,0.800000,review,review,correct,0
s0-c1-1152,CAM-1,1,RLQ7765,OK,PASSENGER,RLQ7765,OK,TEMP,0.990000,0.914634,0.693139,0.800000,0.800000,0.800000,review,review,correct,0
s0-c1-1153,CAM-1,1,QQR3370,CA,TRAILER,QQR3370,CA,TRAILER,0.990000,0.755113,0.850250,0.800000,0.800000,0.800000,review,review,type2,1
s0-c1-1154,CAM-1,1,WSQ0741,CA,GOV,WSQ0741,NV,GOV,0.974554,0.625634,0.727758,0.800000,0.800000,0.800000,review,review,correct,0
s0-c1-1155,CAM-1,1,NUC5076,AZ,TEMP,NUCW076,AZ,PASSENGER,0.665825,0.674525,0.524425,0.800000,0.800000,0.800000,review,review,correct,0
s0-c1-1156,CAM-1,1,JEB3917,CO,TEMP,JEB3917,FL,COMMERCIAL,0.800052,0.396615,0.883093,0.800000,0.800000,0.800000,review,review,correct,0
s0-c1-1157,CAM-1,1,BZR1417,OK,TRAILER,BZR1417,OK,TRAILER,0.315560,0.691802,0.793090,0.800000,0.800000,0.800000,review,review,type2,1
s0-c1-1158,CAM-1,1,DJM5024,NM,PASSENGER,DJM5024,TX,TEMP,0.990000,0.752698,0.569845,0.800000,0.800000,0.800000,review,review,correct,0
s0-c1-1159,CAM-1,1,XIJ8920,NV,PASSENGER,XI98920,AZ,COMMERCIAL,0.821718,0.326487,0.531771,0.800000,0.800000,0.800000,review,review,correct,0
s0-c1-1160,CAM-1,1,LCM0506,TX,TEMP,LCM0506,TX,TEMP,0.925052,0.138787,0.918594,0.800000,0.800000,0.800000,review,review,type2,1
s0-c1-1161,CAM-1,1,LVY5013,TX,PASSENGER,LVY5013,TX,PASSENGER,0.823940,0.798752,0.800842,0.800000,0.800000,0.800000,review,review,type2,1
s0-c1-1162,CAM-1,1,HFJ2721,NM,TRAILER,HFJ2721,TX,GOV,0.909606,0.740768,0.757291,0.800000,0.800000,0.800000,review,review,correct,0
s0-c1-1163,CAM-1,1,QPW6097,FL,PASSENGER,QPWB097,FL,PASSENGER,0.749106,0.698967,0.769044,0.800000,0.800000,0.800000,review,review,correct,0
s0-c1-1164,CAM-1,1,GZQ3451,NV,GOV,GZQ34Z1,NV,GOV,0.621155,0.934379,0.711329,0.800000,0.800000,0.800000,review,review,correct,0
s0-c1-1165,CAM-1,1,DZG7842,CA,TRAILER,DZG7842,CA,TRAILER,0.775755,0.735176,0.720708,0.800000,0.800000,0.800000,review,review,type2,1
s0-c1-1166,CAM-1,1,XIC5112,NV,TRAILER,XIC5112,NV,TRAILER,0.828410,0.444412,0.813185,0.800000,0.800000,0.800000,review,review,type2,1
s0-c1-1167,CAM-1,1,KJI9512,TX,PASSENGER,KJI9512,TX,PASSENGER,0.730152,0.743022,0.809698,0.800000,0.800000,0.800000,review,review,type2,1
s0-c1-1168,CAM-1,1,ZOZ6050,NV,TRAILER,KOZ6050,NV,TEMP,0.628779,0.490497,0.529504,0.800000,0.800000,0.800000,review,review,correct,0
s0-c1-1169,CAM-1,1,QPO9909,CA,PASSENGER,QPO9909,CA,PASSENGER,0.421625,0.881577,0.948805,0.800000,0.800000,0.800000,review,review,type2,1
s0-c1-1170,CAM-1,1,VDU1048,CO,GOV,VDU1048,CO,GOV,0.931475,0.857728,0.658334,0.800000,0.800000,0.800000,review,review,type2,1
s0-c1-1171,CAM-1,1,GGA0736,AZ,COMMERCIAL,GGA0736,OK,COMMERCIAL,0.866884,0.575747,0.588913,0.800000,0.800000,0.800000,review,review,correct,0
s0-c1-1172,CAM-1,1,MVT2842,OK,TEMP,MVT2842,OK,TEMP,0.893089,0.783094,0.779633,0.800000,0.800000,0.800000,review,review,type2,1
s0-c1-1173,CAM-1,1,XKI9695,FL,TRAILER,XKI9695,FL,TRAILER,0.576858,0.858390,0.376214,0.800000,0.800000,0.800000,review,review,type2,1
s0-c1-1174,CAM-1,1,XZL0828,FL,PASSENGER,XZL0828,FL,PASSENGER,0.990000,0.724609,0.714218,0.800000,0.800000,0.800000,review,review,type2,1
s0-c1-1175,CAM-1,1,ZOD8207,NV,TRAILER,ZOD8207,NV,TRAILER,0.791001,0.714319,0.870475,0.800000,0.800000,0.800000,review,review,type2,1
s0-c1-1176,CAM-1,1,KDA1965,FL,GOV,KDA1965,FL,GOV,0.891607,0.919820,0.802182,0.800000,0.800000,0.800000,auto_clear,none,,1
s0-c1-1177,CAM-1,1,EPN2053,TX,TRAILER,EPN2053,TX,TRAILER,0.350844,0.862469,0.827333,0.800000,0.800000,0.800000,review,review,type2,1
s0-c1-1178,CAM-1,1,SQN8074,TX,GOV,SQN8074,TX,GOV,0.825016,0.730740,0.575859,0.800000,0.800000,0.800000,review,review,type2,1
s0-c1-1179,CAM-1,1,QXP5329,NM,TEMP,QXP5329,NM,TEMP,0.990000,0.656016,0.978511,0.800000,0.800000,0.800000,review,review,type2,1
s0-c1-1180,CAM-1,1,JXC9459,NV,GOV,JXC9499,NV,PASSENGER,0.603456,0.651916,0.594515,0.800000,0.800000,0.800000,review,review,correct,0
s0-c1-1181,CAM-1,1,AHF4518,TX,GOV,AHFA518,NM,TEMP,0.523563,0.808511,0.736470,0.800000,0.800000,0.800000,review,review,correct,0
s0-c1-1182,CAM-1,1,SSU8558,NM,TRAILER,SJU8558,NM,TRAILER,0.369934,0.789540,0.753597,0.800000,0.800000,0.800000,review,review,correct,0
s0-c1-1183,CAM-1,1,IQS7968,NM,TRAILER,IQS7965,NM,TRAILER,0.903266,0.802726,0.953390,0.800000,0.800000,0.800000,auto_clear,none,,0
s0-c1-1184,CAM-1,1,QZE0609,NV,COMMERCIAL,QZE0609,NV,GOV,0.990000,0.673476,0.906717,0.800000,0.800000,0.800000,review,review,correct,0
s0-c1-1185,CAM-1,1,JQB5936,FL,COMMERCIAL,JQB5936,FL,COMMERCIAL,0.927718,0.496874,0.742367,0.800000,0.800000,0.800000,review,review,type2,1
s0-c1-1186,CAM-1,1,ZBC5475,NM,PASSENGER,ZBC5475,NM,PASSENGER,0.415808,0.875989,0.673328,0.800000,0.800000,0.800000,review,review,type2,1
s0-c1-1187,CAM-1,1,NBD7521,NM,PASSENGER,NBD7521,TX,PASSENGER,0.952360,0.700678,0.518428,0.800000,0.800000,0.800000,review,review,correct,0
s0-c1-1188,CAM-1,1,YTK3178,OK,TRAILER,YTK3178,OK,TRAILER,0.767382,0.841168,0.785618,0.800000,0.800000,0.800000,review,review,type2,1
s0-c1-1189,CAM-1,1,SMG2982,CO,TEMP,SMG2982,CO,TRAILER,0.695582,0.990000,0.642373,0.800000,0.800000,0.800000,review,review,correct,0
s0-c1-1190,CAM-1,1,HDD4387,OK,TRAILER,RDD4387,CO,TRAILER,0.375201,0.877822,0.666874,0.800000,0.800000,0.800000,review,review,correct,0
s0-c1-1191,CAM-1,1,ASM0494,CA,GOV,ASM0494,CA,GOV,0.728220,0.921771,0.653569,0.800000,0.800000,0.800000,review,review,type2,1
s0-c1-1192,CAM-1,1,ZCM5516,CO,TEMP,ZCM5516,CO,COMMERCIAL,0.904999,0.899627,0.506437,0.800000,0.800000,0.800000,review,review,correct,0
s0-c1-1193,CAM-1,1,AML5166,OK,COMMERCIAL,AOL5166,NM,COMMERCIAL,0.725845,0.693264,0.982875,0.800000,0.800000,0.800000,review,review,correct,0
s0-c1-1194,CAM-1,1,MQR0069,TX,PASSENGER,MQR0069,CA,PASSENGER,0.743231,0.730342,0.737296,0.800000,0.800000,0.800000,review,review,correct,0
s0-c1-1195,CAM-1,1,SHT9619,OK,COMMERCIAL,SHF9619,OK,COMMERCIAL,0.881777,0.605576,0.853275,0.800000,0.800000,0.800000,review,review,correct,0
s0-c1-1196,CAM-1,1,JYC7193,CO,TRAILER,JYC7193,CO,TRAILER,0.724902,0.715724,0.784982,0.800000,0.800000,0.800000,review,review,type2,1
s0-c1-1197,CAM-1,1,KCV1162,FL,GOV,KCV1162,TX,GOV,0.868299,0.945820,0.734359,0.800000,0.800000,0.800000,review,review,correct,0
s0-c1-1198,CAM-1,1,TVN0442,AZ,PASSENGER,TVN0442,AZ,PASSENGER,0.892662,0.820855,0.738053,0.800000,0.800000,0.800000,review,review,type2,1
s0-c1-1199,CAM-1,1,UZD5325,TX,PASSENGER,UZD5325,TX,PASSENGER,0.601564,0.921448,0.900964,0.800000,0.800000,0.800000,review,review,type2,1
s0-c2-0,CAM-2,2,YHK7159,CA,GOV,YHK7159,CA,GOV,0.620672,0.908703,0.712287,0.800000,0.800000,0.800000,review,review,type2,1
s0-c2-1,CAM-2,2,RPC4836,OK,PASSENGER,RPC4836,NV,PASSENGER,0.976072,0.755471,0.578200,0.800000,0.800000,0.800000,review,review,correct,0
s0-c2-2,CAM-2,2,PZV5353,CO,GOV,PZV5353,CO,GOV,0.874123,0.905354,0.733711,0.800000,0.800000,0.800000,review,review,type2,1
s0-c2-3,CAM-2,2,LTJ6032,NV,PASSENGER,LTJ6032,NV,GOV,0.812669,0.789045,0.608681,0.800000,0.800000,0.800000,review,review,correct,0
s0-c2-4,CAM-2,2,NUI2627,TX,COMMERCIAL,NUI2627,OK,TRAILER,0.666576,0.731849,0.361133,0.800000,0.800000,0.800000,review,review,correct,0
s0-c2-5,CAM-2,2,UZX7668,NM,TRAILER,UZX7668,NM,TRAILER,0.634478,0.704342,0.626908,0.800000,0.800000,0.800000,review,review,type2,1
s0-c2-6,CAM-2,2,MSK8994,FL,TRAILER,MSK8994,NV,TRAILER,0.559672,0.020000,0.540449,0.800000,0.800000,0.800000,review,review,correct,0
s0-c2-7,CAM-2,2,BTL7210,CO,COMMERCIAL,BTL7210,CO,COMMERCIAL,0.613582,0.854692,0.722976,0.800000,0.800000,0.800000,review,review,type2,1
s0-c2-8,CAM-2,2,GXK1973,TX,GOV,GXK1973,TX,GOV,0.564005,0.484327,0.897640,0.800000,0.800000,0.800000,review,review,type2,1
s0-c2-9,CAM-2,2,ASX0249,CA,TEMP,ASXQ249,CA,GOV,0.645727,0.726022,0.395866,0.800000,0.800000,0.800000,review,review,correct,0
s0-c2-10,CAM-2,2,DNW4954,NM,PASSENGER,DNW4954,NM,GOV,0.539603,0.818137,0.416968,0.800000,0.800000,0.800000,review,review,correct,0
s0-c2-11,CAM-2,2,HQC1535,NM,PASSENGER,HQC15N5,NM,PASSENGER,0.511643,0.751610,0.770172,0.800000,0.800000,0.800000,review,review,correct,0
s0-c2-12,CAM-2,2,OIA5802,NM,TRAILER,OIA5802,NM,GOV,0.749147,0.660790,0.831285,0.800000,0.800000,0.800000,review,review,correct,0
s0-c2-13,CAM-2,2,RHZ7480,FL,COMMERCIAL,RHZ7480,FL,PASSENGER,0.733506,0.536929,0.497938,0.800000,0.800000,0.800000,review,review,correct,0
s0-c2-14,CAM-2,2,UTN2200,FL,COMMERCIAL,UTN2200,FL,COMMERCIAL,0.752075,0.678367,0.777686,0.800000,0.800000,0.800000,review,review,type2,1
s0-c2-15,CAM-2,2,YWP2438,FL,TEMP,YWP2438,FL,TEMP,0.757722,0.817419,0.834756,0.800000,0.800000,0.800000,review,review,type2,1
s0-c2-16,CAM-2,2,OPI8688,OK,PASSENGER,OPI8688,OK,PASSENGER,0.959413,0.622520,0.599550,0.800000,0.800000,0.800000,review,review,type2,1
s0-c2-17,CAM-2,2,HFO6223,CO,COMMERCIAL,HFO6223,CO,COMMERCIAL,0.729525,0.399232,0.727465,0.800000,0.800000,0.800000,review,review,type2,1
s0-c2-18,CAM-2,2,KAI8575,CO,PASSENGER,KAI8575,CO,PASSENGER,0.690044,0.893714,0.590798,0.800000,0.800000,0.800000,review,review,type2,1
s0-c2-19,CAM-2,2,LDW9110,CO,COMMERCIAL,LDW9110,CO,TEMP,0.792229,0.537438,0.788700,0.800000,0.800000,0.800000,review,review,correct,0
s0-c2-20,CAM-2,2,MRY5296,NV,PASSENGER,MRR5296,FL,PASSENGER,0.623017,0.363653,0.663267,0.800000,0.800000,0.800000,review,review,correct,0
s0-c2-21,CAM-2,2,XJS7110,AZ,TRAILER,XJSK110,TX,TRAILER,0.700429,0.547241,0.627097,0.800000,0.800000,0.800000,review,review,correct,0
s0-c2-22,CAM-2,2,IHH4606,CA,COMMERCIAL,6HH4606,CA,COMMERCIAL,0.622791,0.743215,0.821634,0.800000,0.800000,0.800000,review,review,correct,0
s0-c2-23,CAM-2,2,PEW9619,NV,GOV,PEW9619,NV,GOV,0.762644,0.862793,0.678929,0.800000,0.800000,0.800000,review,review,type2,1
s0-c2-24,CAM-2,2,SAC7090,AZ,COMMERCIAL,SAC7090,CO,COMMERCIAL,0.699900,0.683262,0.361416,0.800000,0.800000,0.800000,review,review,correct,0
s0-c2-25,CAM-2,2,XSV5605,NM,GOV,XSV5605,OK,COMMERCIAL,0.453811,0.369838,0.507589,0.800000,0.800000,0.800000,review,review,correct,0
s0-c2-26,CAM-2,2,LBE7209,FL,COMMERCIAL,LBE7209,FL,COMMERCIAL,0.703685,0.893697,0.641550,0.800000,0.800000,0.800000,review,review,type2,1
s0-c2-27,CAM-2,2,XTB7057,FL,COMMERCIAL,XTB7057,FL,COMMERCIAL,0.839674,0.672550,0.588974,0.800000,0.800000,0.800000,review,review,type2,1
s0-c2-28,CAM-2,2,LQD6183,FL,TEMP,LCD6183,FL,TEMP,0.637319,0.726643,0.652996,0.800000,0.800000,0.800000,review,review,correct,0
s0-c2-29,CAM-2,2,KPC4678,CO,TEMP,KPC46O8,AZ,TEMP,0.406389,0.739171,0.410550,0.800000,0.800000,0.800000,review,review,correct,0
s0-c2-30,CAM-2,2,NCX8371,NV,GOV,NCX8371,NV,PASSENGER,0.645308,0.629251,0.616266,0.800000,0.800000,0.800000,review,review,correct,0
s0-c2-31,CAM-2,2,DLZ0072,NM,TEMP,DLZ0072,NM,TEMP,0.835228,0.906668,0.823703,0.800000,0.800000,0.800000,auto_clear,none,,1
s0-c2-32,CAM-2,2,KJX9167,NM,PASSENGER,KJX9167,NM,GOV,0.902568,0.526623,0.753666,0.800000,0.800000,0.800000,review,review,correct,0
s0-c2-33,CAM-2,2,UWN7514,CA,TEMP,UWN7514,CO,TEMP,0.923519,0.768664,0.846538,0.800000,0.800000,0.800000,review,review,correct,0
s0-c2-34,CAM-2,2,IOW9692,TX,TRAILER,IOW9692,TX,TEMP,0.585369,0.830404,0.496842,0.800000,0.800000,0.800000,review,review,correct,0
s0-c2-35,CAM-2,2,PSI6723,NM,PASSENGER,PSI6723,NM,TEMP,0.732697,0.304569,0.834324,0.800000,0.800000,0.800000,review,review,correct,0
s0-c2-36,CAM-2,2,QUH2638,AZ,TEMP,QUH2638,FL,TRAILER,0.672311,0.649826,0.674416,0.800000,0.800000,0.800000,review,review,correct,0
s0-c2-37,CAM-2,2,YJL9161,AZ,GOV,YJL9161,AZ,GOV,0.671654,0.252853,0.698620,0.800000,0.800000,0.800000,review,review,type2,1
s0-c2-38,CAM-2,2,ZER7547,NM,COMMERCIAL,ZER7547,NM,COMMERCIAL,0.576226,0.644667,0.545694,0.800000,0.800000,0.800000,review,review,type2,1
s0-c2-39,CAM-2,2,DNL6041,NV,COMMERCIAL,DNL6041,NV,COMMERCIAL,0.399360,0.830125,0.527597,0.800000,0.800000,0.800000,review,review,type2,1
s0-c2-40,CAM-2,2,AHV3059,AZ,TRAILER,ADV3059,NM,GOV,0.732825,0.682063,0.898255,0.800000,0.800000,0.800000,review,review,correct,0
s0-c2-41,CAM-2,2,BEN9359,CO,COMMERCIAL,BEN9359,NV,PASSENGER,0.895465,0.138782,0.698630,0.800000,0.800000,0.800000,review,review,correct,0
s0-c2-42,CAM-2,2,ZNB5414,CA,PASSENGER,ZNB5414,AZ,COMMERCIAL,0.729089,0.718626,0.631490,0.800000,0.800000,0.800000,review,review,correct,0
s0-c2-43,CAM-2,2,QTD4246,FL,PASSENGER,QTD4246,FL,PASSENGER,0.955761,0.450979,0.698595,0.800000,0.800000,0.800000,review,review,type2,1
s0-c2-44,CAM-2,2,VUN0036,OK,GOV,VUN0036,CO,GOV,0.409607,0.599712,0.659589,0.800000,0.800000,0.800000,review,review,correct,0
s0-c2-45,CAM-2,2,TVR0751,AZ,GOV,TVR0751,AZ,TEMP,0.635455,0.804152,0.760771,0.800000,0.800000,0.800000,review,review,correct,0
s0-c2-46,CAM-2,2,ICM1339,NV,COMMERCIAL,ICM1339,NV,COMMERCIAL,0.520277,0.756026,0.657551,0.800000,0.800000,0.800000,review,review,type2,1
s0-c2-47,CAM-2,2,QYC8695,AZ,PASSENGER,QYC8695,NV,GOV,0.836850,0.487911,0.769244,0.800000,0.800000,0.800000,review,review,correct,0
s0-c2-48,CAM-2,2,UTS1105,NV,COMMERCIAL,UTS1105,CA,COMMERCIAL,0.704563,0.763092,0.696582,0.800000,0.800000,0.800000,review,review,correct,0
s0-c2-49,CAM-2,2,IKY0736,CO,PASSENGER,IKY0736,FL,PASSENGER,0.864754,0.653663,0.670809,0.800000,0.800000,0.800000,review,review,correct,0
s0-c2-50,CAM-2,2,PDS6718,AZ,COMMERCIAL,PDS6718,AZ,TRAILER,0.850725,0.734113,0.562370,0.800000,0.800000,0.800000,review,review,correct,0
s0-c2-51,CAM-2,2,JOR2559,NM,COMMERCIAL,JOR2559,AZ,GOV,0.514610,0.376905,0.534588,0.800000,0.800000,0.800000,review,review,correct,0
s0-c2-52,CAM-2,2,OAS5610,TX,TEMP,OXS5610,CA,TEMP,0.746032,0.733716,0.756070,0.800000,0.800000,0.800000,review,review,correct,0
s0-c2-53,CAM-2,2,TIV8626,CO,TEMP,TIV8626,CO,PASSENGER,0.713699,0.778888,0.597419,0.800000,0.800000,0.800000,review,review,correct,0
s0-c2-54,CAM-2,2,KDF0016,OK,PASSENGER,KDF0016,CA,PASSENGER,0.856514,0.346978,0.767635,0.800000,0.800000,0.800000,review,review,correct,0
s0-c2-55,CAM-2,2,HNY5746,NM,COMMERCIAL,HNY5746,NM,TEMP,0.835756,0.814663,0.579604,0.800000,0.800000,0.800000,review,review,correct,0
s0-c2-56,CAM-2,2,GNZ7869,CO,TRAILER,GNZ7819,CO,PASSENGER,0.944016,0.806134,0.532685,0.800000,0.800000,0.800000,review,review,correct,0
s0-c2-57,CAM-2,2,BGH3277,TX,COMMERCIAL,BGH3277,TX,COMMERCIAL,0.795005,0.531905,0.813321,0.800000,0.800000,0.800000,review,review,type2,1
s0-c2-58,CAM-2,2,LYJ9466,NV,TRAILER,LYJ9466,NV,COMMERCIAL,0.759914,0.675590,0.691259,0.800000,0.800000,0.800000,review,review,correct,0
s0-c2-59,CAM-2,2,GYR1843,FL,COMMERCIAL,GYR1843,AZ,COMMERCIAL,0.639397,0.605308,0.721919,0.800000,0.800000,0.800000,review,review,correct,0
s0-c2-60,CAM-2,2,VXM9944,AZ,COMMERCIAL,VXM9944,NV,GOV,0.677543,0.679068,0.566937,0.800000,0.800000,0.800000,review,review,correct,0
s0-c2-61,CAM-2,2,VGW2872,CO,TEMP,VGW1872,CA,TEMP,0.740055,0.447433,0.633449,0.800000,0.800000,0.800000,review,review,correct,0
s0-c2-62,CAM-2,2,XLW5035,FL,PASSENGER,XLW5035,CA,TRAILER,0.680703,0.806932,0.599461,0.800000,0.800000,0.800000,review,review,correct,0
s0-c2-63,CAM-2,2,ARC6640,FL,PASSENGER,ARC6640,CO,TRAILER,0.398011,0.625393,0.546549,0.800000,0.800000,0.800000,review,review,correct,0
s0-c2-64,CAM-2,2,APK2397,NV,COMMERCIAL,APK2397,NV,COMMERCIAL,0.795550,0.650559,0.645889,0.800000,0.800000,0.800000,review,review,type2,1
s0-c2-65,CAM-2,2,XRP3497,TX,TEMP,XRP3497,TX,GOV,0.723264,0.848602,0.843067,0.800000,0.800000,0.800000,review,review,correct,0
s0-c2-66,CAM-2,2,SKL0165,NM,PASSENGER,SKL0165,NM,PASSENGER,0.864738,0.613096,0.893997,0.800000,0.800000,0.800000,review,review,type2,1
s0-c2-67,CAM-2,2,IWG6168,CA,COMMERCIAL,IWG6168,TX,TEMP,0.662716,0.691305,0.749845,0.800000,0.800000,0.800000,review,review,correct,0
s0-c2-68,CAM-2,2,NRO0488,CA,COMMERCIAL,NRO0488,CA,COMMERCIAL,0.751669,0.715095,0.732498,0.800000,0.800000,0.800000,review,review,type2,1
s0-c2-69,CAM-2,2,CAB3269,NV,TEMP,CAB3269,NV,PASSENGER,0.739141,0.554813,0.335372,0.800000,0.800000,0.800000,review,review,correct,0
s0-c2-70,CAM-2,2,NQX9495,TX,TEMP,NQX9495,TX,TEMP,0.795409,0.870756,0.677021,0.800000,0.800000,0.800000,review,review,type2,1
s0-c2-71,CAM-2,2,YBH7710,OK,TRAILER,Y7H7710,AZ,COMMERCIAL,0.636813,0.543430,0.543874,0.800000,0.800000,0.800000,review,review,correct,0
s0-c2-72,CAM-2,2,PUK0122,CO,COMMERCIAL,PBK0122,CO,COMMERCIAL,0.541470,0.836133,0.768631,0.800000,0.800000,0.800000,review,review,correct,0
s0-c2-73,CAM-2,2,LPJ6306,NM,GOV,LPJ6C06,OK,GOV,0.820477,0.784742,0.580362,0.800000,0.800000,0.800000,review,review,correct,0
s0-c2-74,CAM-2,2,YOQ5006,NM,GOV,YOQ500Z,NM,COMMERCIAL,0.515743,0.848853,0.514498,0.800000,0.800000,0.800000,review,review,correct,0
s0-c2-75,CAM-2,2,TEY5644,FL,GOV,TEY5644,FL,GOV,0.919367,0.801965,0.719235,0.800000,0.800000,0.800000,review,review,type2,1
s0-c2-76,CAM-2,2,VDG0863,TX,COMMERCIAL,VDG0863,FL,TRAILER,0.680684,0.734359,0.486010,0.800000,0.800000,0.800000,review,review,correct,0
s0-c2-77,CAM-2,2,MPN5021,NV,TRAILER,MPN5021,NV,GOV,0.775702,0.782348,0.300604,0.800000,0.800000,0.800000,review,review,correct,0
s0-c2-78,CAM-2,2,FZE0789,AZ,TRAILER,FZE0789,CO,GOV,0.816369,0.548621,0.312651,0.800000,0.800000,0.800000,review,review,correct,0
s0-c2-79,CAM-2,2,RVA5653,NV,TEMP,RVA5653,CO,TEMP,0.779515,0.542112,0.541391,0.800000,0.800000,0.800000,review,review,correct,0
s0-c2-80,CAM-2,2,EXU6301,CA,TEMP,EXU63T1,OK,COMMERCIAL,0.725517,0.282854,0.657560,0.800000,0.800000,0.800000,review,review,correct,0
s0-c2-81,CAM-2,2,ROH6753,FL,GOV,ROH6753,OK,TRAILER,0.813007,0.539989,0.723733,0.800000,0.800000,0.800000,review,review,correct,0
s0-c2-82,CAM-2,2,JUP1989,TX,GOV,JUP4989,TX,GOV,0.621660,0.941174,0.804483,0.800000,0.800000,0.800000,review,review,correct,0
s0-c2-83,CAM-2,2,CPE0031,FL,COMMERCIAL,CPE4031,FL,GOV,0.671824,0.880326,0.634165,0.800000,0.800000,0.800000,review,review,correct,0
s0-c2-84,CAM-2,2,GUV6652,FL,PASSENGER,GUV6652,AZ,PASSENGER,0.873402,0.497843,0.818824,0.800000,0.800000,0.800000,review,review,correct,0
s0-c2-85,CAM-2,2,NMD5281,TX,PASSENGER,NMD5281,TX,PASSENGER,0.812815,0.675321,0.793864,0.800000,0.800000,0.800000,review,review,type2,1
s0-c2-86,CAM-2,2,SXJ3095,TX,COMMERCIAL,SXJ3095,TX,GOV,0.646969,0.436700,0.616444,0.800000,0.800000,0.800000,review,review,correct,0
s0-c2-87,CAM-2,2,MAK5586,CO,PASSENGER,MAK5586,CO,PASSENGER,0.837280,0.588086,0.799299,0.800000,0.800000,0.800000,review,review,type2,1
s0-c2-88,CAM-2,2,GWP2043,FL,COMMERCIAL,GWP2043,FL,PASSENGER,0.733679,0.885053,0.525909,0.800000,0.800000,0.800000,review,review,correct,0
s0-c2-89,CAM-2,2,BJJ8237,OK,TEMP,BJJ8237,OK,PASSENGER,0.763112,0.823638,0.532546,0.800000,0.800000,0.800000,review,review,correct,0
s0-c2-90,CAM-2,2,XBW8673,NM,TRAILER,XBW8673,OK,TRAILER,0.951597,0.691106,0.896967,0.800000,0.800000,0.800000,review,review,correct,0
s0-c2-91,CAM-2,2,CPD1295,AZ,GOV,CPD1295,AZ,GOV,0.823532,0.519460,0.657609,0.800000,0.800000,0.800000,review,review,type2,1
s0-c2-92,CAM-2,2,MMS9065,FL,PASSENGER,MMS9065,TX,PASSENGER,0.833302,0.710027,0.609126,0.800000,0.800000,0.800000,review,review,correct,0
s0-c2-93,CAM-2,2,VGQ7091,CO,PASSENGER,VGQ7091,CO,PASSENGER,0.692034,0.634241,0.725029,0.800000,0.800000,0.800000,review,review,type2,1
s0-c2-94,CAM-2,2,VPP2031,NM,PASSENGER,VPP2031,NV,GOV,0.827292,0.697381,0.627508,0.800000,0.800000,0.800000,review,review,correct,0
s0-c2-95,CAM-2,2,ICX3477,TX,TEMP,ICX3472,NM,TRAILER,0.860354,0.773190,0.717874,0.800000,0.800000,0.800000,review,review,correct,0
s0-c2-96,CAM-2,2,IRZ7016,NV,COMMERCIAL,IRZ7016,NV,COMMERCIAL,0.649445,0.666821,0.890661,0.800000,0.800000,0.800000,review,review,type2,1
s0-c2-97,CAM-2,2,IFO3432,CA,TRAILER,IFO3432,AZ,PASSENGER,0.808132,0.840634,0.729391,0.800000,0.800000,0.800000,review,review,correct,0
s0-c2-98,CAM-2,2,NYZ8164,NV,PASSENGER,NYZ8H64,NV,PASSENGER,0.682503,0.676173,0.622372,0.800000,0.800000,0.800000,review,review,correct,0
s0-c2-99,CAM-2,2,DXX7402,AZ,PASSENGER,DXX7402,AZ,TEMP,0.908757,0.756640,0.678415,0.800000,0.800000,0.800000,review,review,correct,0
s0-c2-100,CAM-2,2,CXO0339,CA,GOV,CXO0339,NV,TEMP,0.705397,0.575409,0.647386,0.800000,0.800000,0.800000,review,review,correct,0
s0-c2-101,CAM-2,2,EKE5612,NV,COMMERCIAL,EKE56T2,NV,COMMERCIAL,0.598571,0.772029,0.735535,0.800000,0.800000,0.800000,review,review,correct,0
s0-c2-102,CAM-2,2,TTD7660,CO,TRAILER,TTD7660,CA,TRAILER,0.833508,0.444639,0.516479,0.800000,0.800000,0.800000,review,review,correct,0
s0-c2-103,CAM-2,2,QZV9542,NV,TEMP,QZV9542,CO,TEMP,0.778733,0.607748,0.573058,0.800000,0.800000,0.800000,review,review,correct,0
s0-c2-104,CAM-2,2,UED2641,FL,TEMP,UEDU641,AZ,TEMP,0.455378,0.511742,0.839687,0.800000,0.800000,0.800000,review,review,correct,0
s0-c2-105,CAM-2,2,VIP4638,AZ,TEMP,VIP4638,FL,COMMERCIAL,0.951282,0.739824,0.562909,0.800000,0.800000,0.800000,review,review,correct,0
s0-c2-106,CAM-2,2,BBB2755,AZ,TRAILER,BBB2755,AZ,GOV,0.851828,0.856709,0.536569,0.800000,0.800000,0.800000,review,review,correct,0
s0-c2-107,CAM-2,2,YWO4213,FL,TEMP,YWO4213,FL,TEMP,0.930240,0.529836,0.893385,0.800000,0.800000,0.800000,review,review,type2,1
s0-c2-108,CAM-2,2,OPI9990,CO,TEMP,OPI9990,NV,GOV,0.498728,0.657852,0.695739,0.800000,0.800000,0.800000,review,review,correct,0
s0-c2-109,CAM-2,2,GZL3183,CO,TRAILER,GZL3183,OK,TRAILER,0.833086,0.340309,0.825713,0.800000,0.800000,0.800000,review,review,correct,0
s0-c2-110,CAM-2,2,TON4734,NM,GOV,TON4734,NM,GOV,0.445914,0.558372,0.869004,0.800000,0.800000,0.800000,review,review,type2,1
s0-c2-111,CAM-2,2,MKX5311,AZ,GOV,MKX5311,CO,GOV,0.940217,0.339501,0.776160,0.800000,0.800000,0.800000,review,review,correct,0
s0-c2-112,CAM-2,2,BTO7463,CA,PASSENGER,BTO7463,CA,PASSENGER,0.739440,0.511571,0.635220,0.800000,0.800000,0.800000,review,review,type2,1
s0-c2-113,CAM-2,2,IBQ5598,NM,TEMP,IBQ5598,TX,TEMP,0.926952,0.753936,0.815535,0.800000,0.800000,0.800000,review,review,correct,0
s0-c2-114,CAM-2,2,YLW0534,NV,TEMP,YLW0534,NV,TEMP,0.509721,0.683063,0.869319,0.800000,0.800000,0.800000,review,review,type2,1
s0-c2-115,CAM-2,2,YNI4048,TX,PASSENGER,YNI4048,TX,PASSENGER,0.790792,0.419663,0.859675,0.800000,0.800000,0.800000,review,review,type2,1
s0-c2-116,CAM-2,2,TQO1037,TX,GOV,TQO1037,TX,GOV,0.990000,0.707356,0.776381,0.800000,0.800000,0.800000,review,review,type2,1
s0-c2-117,CAM-2,2,QCW9920,TX,PASSENGER,QCW9920,TX,COMMERCIAL,0.523891,0.942544,0.293765,0.800000,0.800000,0.800000,review,review,correct,0
s0-c2-118,CAM-2,2,ZJQ6515,CO,PASSENGER,ZJQ6515,NM,TRAILER,0.529538,0.700731,0.498246,0.800000,0.800000,0.800000,review,review,correct,0
s0-c2-119,CAM-2,2,HHH8832,CA,GOV,HHT8832,CA,GOV,0.653198,0.389565,0.627895,0.800000,0.800000,0.800000,review,review,correct,0
s0-c2-120,CAM-2,2,OMZ7799,TX,COMMERCIAL,OMZ7799,TX,COMMERCIAL,0.858434,0.850617,0.837358,0.800000,0.800000,0.800000,auto_clear,none,,1
s0-c2-121,CAM-2,2,WFD8976,NV,TRAILER,WFD8976,FL,PASSENGER,0.990000,0.686354,0.539155,0.800000,0.800000,0.800000,review,review,correct,0
s0-c2-122,CAM-2,2,XYH2727,CA,COMMERCIAL,XYH2727,CA,TEMP,0.776461,0.846153,0.405121,0.800000,0.800000,0.800000,review,review,correct,0
s0-c2-123,CAM-2,2,WPM1662,FL,TRAILER,WPM1662,FL,TEMP,0.794647,0.697525,0.425441,0.800000,0.800000,0.800000,review,review,correct,0
s0-c2-124,CAM-2,2,WEO9383,TX,TRAILER,WEO9383,TX,TRAILER,0.580524,0.438079,0.578576,0.800000,0.800000,0.800000,review,review,type2,1
s0-c2-125,CAM-2,2,HCE1263,CA,GOV,HCE12F3,CA,GOV,0.783940,0.695522,0.567574,0.800000,0.800000,0.800000,review,review,correct,0
s0-c2-126,CAM-2,2,QEI3915,CA,TRAILER,QEI3915,CA,TRAILER,0.939601,0.814366,0.542860,0.800000,0.800000,0.800000,review,review,type2,1
s0-c2-127,CAM-2,2,YPD2406,TX,COMMERCIAL,YPU2406,TX,COMMERCIAL,0.632555,0.589704,0.414892,0.800000,0.800000,0.800000,review,review,correct,0
s0-c2-128,CAM-2,2,LGI0459,OK,COMMERCIAL,LGI0459,OK,COMMERCIAL,0.782469,0.616146,0.521630,0.800000,0.800000,0.800000,review,review,type2,1
s0-c2-129,CAM-2,2,WGL8851,CA,COMMERCIAL,WGL8851,CA,COMMERCIAL,0.589321,0.617090,0.525430,0.800000,0.800000,0.800000,review,review,type2,1
s0-c2-130,CAM-2,2,PHM1860,TX,GOV,PHM1860,TX,TRAILER,0.588564,0.536907,0.673413,0.800000,0.800000,0.800000,review,review,correct,0
s0-c2-131,CAM-2,2,YKY5625,CA,GOV,YKY5625,NM,PASSENGER,0.437423,0.620893,0.568011,0.800000,0.800000,0.800000,review,review,correct,0
s0-c2-132,CAM-2,2,MYX0542,OK,TRAILER,MYX0542,OK,TRAILER,0.624490,0.755958,0.875747,0.800000,0.800000,0.800000,review,review,type2,1
s0-c2-133,CAM-2,2,LPR6380,FL,GOV,LPR6380,CA,PASSENGER,0.486548,0.746598,0.587161,0.800000,0.800000,0.800000,review,review,correct,0
s0-c2-134,CAM-2,2,FNX3950,OK,TRAILER,FNXD950,OK,GOV,0.615394,0.575991,0.538208,0.800000,0.800000,0.800000,review,review,correct,0
s0-c2-135,CAM-2,2,XPL6004,FL,COMMERCIAL,XPL6004,FL,TRAILER,0.631135,0.726719,0.644733,0.800000,0.800000,0.800000,review,review,correct,0
s0-c2-136,CAM-2,2,GLU8876,NV,TEMP,GLUL876,NV,TRAILER,0.446503,0.686426,0.431296,0.800000,0.800000,0.800000,review,review,correct,0
s0-c2-137,CAM-2,2,BZL4207,CO,COMMERCIAL,BZL4207,CO,TRAILER,0.949677,0.702681,0.370940,0.800000,0.800000,0.800000,review,review,correct,0
s0-c2-138,CAM-2,2,KIZ8572,AZ,GOV,KIZ8572,AZ,TEMP,0.958823,0.812194,0.627864,0.800000,0.800000,0.800000,review,review,correct,0
s0-c2-139,CAM-2,2,OHY5218,AZ,GOV,OH95218,AZ,GOV,0.823418,0.794992,0.482717,0.800000,0.800000,0.800000,review,review,correct,0
s0-c2-140,CAM-2,2,KQS2813,NV,TRAILER,EQS2813,NV,TRAILER,0.679199,0.799134,0.889400,0.800000,0.800000,0.800000,review,review,correct,0
s0-c2-141,CAM-2,2,WGL2066,TX,TRAILER,WGL2066,TX,TRAILER,0.907812,0.835728,0.860896,0.800000,0.800000,0.800000,auto_clear,none,,1
s0-c2-142,CAM-2,2,MTH4602,AZ,GOV,MTH4602,CA,GOV,0.739321,0.599979,0.764304,0.800000,0.800000,0.800000,review,review,correct,0
s0-c2-143,CAM-2,2,VUW8342,AZ,PASSENGER,VUW8342,AZ,TRAILER,0.785752,0.842404,0.753170,0.800000,0.800000,0.800000,review,review,correct,0
s0-c2-144,CAM-2,2,LRD9778,NV,COMMERCIAL,LRD9L78,NV,TRAILER,0.712239,0.711810,0.634591,0.800000,0.800000,0.800000,review,review,correct,0
s0-c2-145,CAM-2,2,JPX5222,NV,TEMP,JPX5222,NV,PASSENGER,0.895425,0.956552,0.711373,0.800000,0.800000,0.800000,review,review,correct,0
s0-c2-146,CAM-2,2,REN5326,NV,COMMERCIAL,REN5326,FL,GOV,0.987252,0.557527,0.661898,0.800000,0.800000,0.800000,review,review,correct,0
s0-c2-147,CAM-2,2,ZKJ0489,CA,PASSENGER,ZKJ9489,CA,PASSENGER,0.403824,0.618028,0.513713,0.800000,0.800000,0.800000,review,review,correct,0
s0-c2-148,CAM-2,2,UNA2725,CO,GOV,UNA2125,CO,GOV,0.587089,0.573482,0.713729,0.800000,0.800000,0.800000,review,review,correct,0
s0-c2-149,CAM-2,2,RRK6480,FL,GOV,RRK6480,FL,PASSENGER,0.671875,0.671329,0.313169,0.800000,0.800000,0.800000,review,review,correct,0
s0-c2-150,CAM-2,2,LQE3288,NV,PASSENGER,LQE3288,NV,TEMP,0.812653,0.596541,0.429464,0.800000,0.800000,0.800000,review,review,correct,0
s0-c2-151,CAM-2,2,SBA9850,NV,COMMERCIAL,SBA9850,NV,COMMERCIAL,0.797673,0.298279,0.695414,0.800000,0.800000,0.800000,review,review,type2,1
s0-c2-152,CAM-2,2,UME3542,AZ,TEMP,UME3542,AZ,PASSENGER,0.884564,0.629105,0.828534,0.800000,0.800000,0.800000,review,review,correct,0
s0-c2-153,CAM-2,2,RIE8997,OK,TRAILER,RIE8997,OK,TRAILER,0.761673,0.902797,0.602416,0.800000,0.800000,0.800000,review,review,type2,1
s0-c2-154,CAM-2,2,PFD3531,NV,GOV,PFD3531,NV,COMMERCIAL,0.781460,0.742656,0.633494,0.800000,0.800000,0.800000,review,review,correct,0
s0-c2-155,CAM-2,2,BQW6635,AZ,COMMERCIAL,BQW6O35,AZ,GOV,0.411568,0.584792,0.561357,0.800000,0.800000,0.800000,review,review,correct,0
s0-c2-156,CAM-2,2,OUX1033,OK,COMMERCIAL,OUX1033,TX,COMMERCIAL,0.812569,0.736095,0.895992,0.800000,0.800000,0.800000,review,review,correct,0
s0-c2-157,CAM-2,2,LXE5241,CO,PASSENGER,LXE5241,CO,PASSENGER,0.472619,0.546359,0.712500,0.800000,0.800000,0.800000,review,review,type2,1
s0-c2-158,CAM-2,2,HTL8170,OK,COMMERCIAL,HTL8170,NM,PASSENGER,0.772185,0.705297,0.646040,0.800000,0.800000,0.800000,review,review,correct,0
s0-c2-159,CAM-2,2,VUY5071,NM,GOV,VUY5071,NM,GOV,0.701227,0.665898,0.585870,0.800000,0.800000,0.800000,review,review,type2,1
s0-c2-160,CAM-2,2,KXL5346,NV,GOV,KXN5346,AZ,PASSENGER,0.746091,0.644667,0.649669,0.800000,0.800000,0.800000,review,review,correct,0
s0-c2-161,CAM-2,2,IKL8793,FL,PASSENGER,IKL8793,FL,TEMP,0.545745,0.772594,0.562678,0.800000,0.800000,0.800000,review,review,correct,0
s0-c2-162,CAM-2,2,VWU4457,OK,PASSENGER,VWU4457,OK,TRAILER,0.832465,0.646101,0.562215,0.800000,0.800000,0.800000,review,review,correct,0
s0-c2-163,CAM-2,2,UJM4772,NV,TEMP,UJM4772,NV,GOV,0.848842,0.902264,0.520199,0.800000,0.800000,0.800000,review,review,correct,0
s0-c2-164,CAM-2,2,YTU7830,CA,TRAILER,YTU78U0,CA,TRAILER,0.823477,0.863170,0.762221,0.800000,0.800000,0.800000,review,review,correct,0
s0-c2-165,CAM-2,2,DXT9462,FL,TEMP,DVT9462,FL,TEMP,0.685217,0.508786,0.546708,0.800000,0.800000,0.800000,review,review,correct,0
s0-c2-166,CAM-2,2,HQX1437,NV,GOV,HQX1437,TX,GOV,0.957125,0.640466,0.752090,0.800000,0.800000,0.800000,review,review,correct,0
s0-c2-167,CAM-2,2,XHL6514,NV,TEMP,XHLR514,NV,GOV,0.407357,0.515303,0.601608,0.800000,0.800000,0.800000,review,review,correct,0
s0-c2-168,CAM-2,2,UUD1426,OK,PASSENGER,UUD1421,CA,PASSENGER,0.717057,0.675035,0.627463,0.800000,0.800000,0.800000,review,review,correct,0
s0-c2-169,CAM-2,2,ZJQ1789,TX,PASSENGER,Z5Q1789,OK,TRAILER,0.603562,0.274549,0.762363,0.800000,0.800000,0.800000,review,review,correct,0
s0-c2-170,CAM-2,2,QJT6026,CO,GOV,QJTM026,CO,GOV,0.591443,0.307732,0.814509,0.800000,0.800000,0.800000,review,review,correct,0
s0-c2-171,CAM-2,2,ADC3212,NV,PASSENGER,ADC3212,NV,GOV,0.911617,0.824409,0.684468,0.800000,0.800000,0.800000,review,review,correct,0
s0-c2-172,CAM-2,2,SBJ7213,FL,GOV,SBJ7213,FL,PASSENGER,0.606110,0.823055,0.776487,0.800000,0.800000,0.800000,review,review,correct,0
s0-c2-173,CAM-2,2,OHC4989,AZ,PASSENGER,OHC4989,AZ,PASSENGER,0.605062,0.606655,0.869673,0.800000,0.800000,0.800000,review,review,type2,1
s0-c2-174,CAM-2,2,NJU4797,TX,PASSENGER,NJU4797,TX,TEMP,0.734753,0.689540,0.652684,0.800000,0.800000,0.800000,review,review,correct,0
s0-c2-175,CAM-2,2,PUE7458,CO,TRAILER,PUE74Q8,CO,GOV,0.699250,0.901386,0.728872,0.800000,0.800000,0.800000,review,review,correct,0
s0-c2-176,CAM-2,2,RGH1490,OK,TRAILER,RG31490,OK,COMMERCIAL,0.704108,0.818203,0.441584,0.800000,0.800000,0.800000,review,review,correct,0
s0-c2-177,CAM-2,2,GYS7104,NV,COMMERCIAL,GYS7104,NV,PASSENGER,0.818423,0.733850,0.286189,0.800000,0.800000,0.800000,review,review,correct,0
s0-c2-178,CAM-2,2,HJF3457,NV,PASSENGER,HJF3457,NV,PASSENGER,0.730121,0.667990,0.680588,0.800000,0.800000,0.800000,review,review,type2,1
s0-c2-179,CAM-2,2,CSZ8875,OK,GOV,CSZ8875,OK,GOV,0.723137,0.865145,0.664784,0.800000,0.800000,0.800000,review,review,type2,1
s0-c2-180,CAM-2,2,KLZ1217,AZ,GOV,KLZ1217,AZ,COMMERCIAL,0.758252,0.620115,0.627771,0.800000,0.800000,0.800000,review,review,correct,0
s0-c2-181,CAM-2,2,QFU1485,AZ,PASSENGER,QFU1485,AZ,PASSENGER,0.245532,0.757134,0.459063,0.800000,0.800000,0.800000,review,review,type2,1
s0-c2-182,CAM-2,2,OXO9679,NV,TEMP,OXO9679,NV,COMMERCIAL,0.950849,0.791306,0.738420,0.800000,0.800000,0.800000,review,review,correct,0
s0-c2-183,CAM-2,2,FAN3680,CO,TRAILER,FAN3680,CO,GOV,0.722884,0.724644,0.312556,0.800000,0.800000,0.800000,review,review,correct,0
s0-c2-184,CAM-2,2,VXA4613,OK,PASSENGER,VXA4613,NV,PASSENGER,0.839972,0.602536,0.787376,0.800000,0.800000,0.800000,review,review,correct,0
s0-c2-185,CAM-2,2,YDP1464,TX,COMMERCIAL,YDP1469,TX,COMMERCIAL,0.521237,0.483606,0.664887,0.800000,0.800000,0.800000,review,review,correct,0
s0-c2-186,CAM-2,2,WQM9044,OK,COMMERCIAL,WQM90E4,OK,COMMERCIAL,0.724298,0.638316,0.618186,0.800000,0.800000,0.800000,review,review,correct,0
s0-c2-187,CAM-2,2,WGG1596,NM,GOV,WGG1596,NV,GOV,0.727193,0.738360,0.817830,0.800000,0.800000,0.800000,review,review,correct,0
s0-c2-188,CAM-2,2,OTF1106,AZ,GOV,OTF1106,AZ,GOV,0.590779,0.812554,0.696740,0.800000,0.800000,0.800000,review,review,type2,1
s0-c2-189,CAM-2,2,AWV7127,CO,TEMP,ATV7127,CO,TEMP,0.684754,0.888073,0.535565,0.800000,0.800000,0.800000,review,review,correct,0
s0-c2-190,CAM-2,2,CDK7079,CO,TEMP,CDK707T,CO,COMMERCIAL,0.678247,0.619293,0.505830,0.800000,0.800000,0.800000,review,review,correct,0
s0-c2-191,CAM-2,2,ANG6210,CA,GOV,ANG6210,NM,COMMERCIAL,0.964890,0.488232,0.366198,0.800000,0.800000,0.800000,review,review,correct,0
s0-c2-192,CAM-2,2,SSC2169,CO,PASSENGER,SSC2169,CO,COMMERCIAL,0.742252,0.794613,0.391952,0.800000,0.800000,0.800000,review,review,correct,0
s0-c2-193,CAM-2,2,CWO8892,FL,GOV,CWO8892,FL,GOV,0.771540,0.736088,0.725542,0.800000,0.800000,0.800000,review,review,type2,1
s0-c2-194,CAM-2,2,LWK7379,NV,GOV,LWK7379,NV,GOV,0.873285,0.637621,0.847510,0.800000,0.800000,0.800000,review,review,type2,1
s0-c2-195,CAM-2,2,ZJV3468,AZ,GOV,ZJV3468,AZ,PASSENGER,0.838877,0.585948,0.553312,0.800000,0.800000,0.800000,review,review,correct,0
s0-c2-196,CAM-2,2,WFG2898,TX,TRAILER,WFG2848,TX,TEMP,0.713147,0.557222,0.581927,0.800000,0.800000,0.800000,review,review,correct,0
s0-c2-197,CAM-2,2,XST7096,CO,GOV,XST7096,CO,TRAILER,0.586769,0.679213,0.549998,0.800000,0.800000,0.800000,review,review,correct,0
s0-c2-198,CAM-2,2,RKN8403,AZ,GOV,RKN8403,AZ,PASSENGER,0.840370,0.614097,0.703495,0.800000,0.800000,0.800000,review,review,correct,0
s0-c2-199,CAM-2,2,VHL2911,NM,TRAILER,VHL2911,NM,TRAILER,0.740992,0.730372,0.758952,0.800000,0.800000,0.800000,review,review,type2,1
s0-c2-200,CAM-2,2,MHA1784,NV,GOV,MHA1184,NV,GOV,0.564970,0.567683,0.752141,0.800000,0.800000,0.800000,review,review,correct,0
s0-c2-201,CAM-2,2,TOE9488,OK,TEMP,TOE9488,OK,TEMP,0.731475,0.714136,0.839723,0.800000,0.800000,0.800000,review,review,type2,1
s0-c2-202,CAM-2,2,FUM5919,CO,PASSENGER,FUM5919,CO,COMMERCIAL,0.867795,0.778065,0.830410,0.800000,0.800000,0.800000,review,review,correct,0
s0-c2-203,CAM-2,2,RES7538,NV,PASSENGER,RES7038,NV,COMMERCIAL,0.791908,0.779819,0.749830,0.800000,0.800000,0.800000,review,review,correct,0
s0-c2-204,CAM-2,2,GBZ8894,TX,GOV,GBZ8894,TX,GOV,0.781100,0.850075,0.725051,0.800000,0.800000,0.800000,review,review,type2,1
s0-c2-205,CAM-2,2,XUV2655,AZ,TEMP,XUV2655,NV,TEMP,0.585087,0.438102,0.574040,0.800000,0.800000,0.800000,review,review,correct,0
s0-c2-206,CAM-2,2,OPV3832,NV,TEMP,OPV3832,NV,TEMP,0.775310,0.842063,0.851255,0.800000,0.800000,0.800000,review,review,type2,1
s0-c2-207,CAM-2,2,MWN8800,TX,TRAILER,MWN8800,CO,TEMP,0.538469,0.782757,0.708604,0.800000,0.800000,0.800000,review,review,correct,0
s0-c2-208,CAM-2,2,TEF6556,CO,GOV,T9F6556,CO,GOV,0.692182,0.836797,0.667932,0.800000,0.800000,0.800000,review,review,correct,0
s0-c2-209,CAM-2,2,DMW2487,TX,PASSENGER,DMW2487,TX,PASSENGER,0.764924,0.616102,0.820374,0.800000,0.800000,0.800000,review,review,type2,1
s0-c2-210,CAM-2,2,NBP1845,NV,GOV,NBP1845,NV,GOV,0.856620,0.837574,0.715385,0.800000,0.800000,0.800000,review,review,type2,1
s0-c2-211,CAM-2,2,CBY1312,NM,COMMERCIAL,CBYS312,TX,COMMERCIAL,0.842188,0.547088,0.790174,0.800000,0.800000,0.800000,review,review,correct,0
s0-c2-212,CAM-2,2,PDJ2125,CA,TEMP,P1J2125,CA,TEMP,0.473423,0.803428,0.666000,0.800000,0.800000,0.800000,review,review,correct,0
s0-c2-213,CAM-2,2,DZX0173,AZ,TEMP,DZX0173,AZ,GOV,0.683912,0.726295,0.886425,0.800000,0.800000,0.800000,review,review,correct,0
s0-c2-214,CAM-2,2,BIO3263,TX,TRAILER,BIO3263,TX,TRAILER,0.554796,0.688717,0.709233,0.800000,0.800000,0.800000,review,review,type2,1
s0-c2-215,CAM-2,2,ITS1627,CO,TRAILER,ITS1697,CO,TRAILER,0.613710,0.677579,0.470415,0.800000,0.800000,0.800000,review,review,correct,0
s0-c2-216,CAM-2,2,IHK6515,CA,TRAILER,ICK6515,CA,TRAILER,0.516374,0.826974,0.735389,0.800000,0.800000,0.800000,review,review,correct,0
s0-c2-217,CAM-2,2,WXL2182,OK,GOV,WXL2982,FL,GOV,0.577892,0.663512,0.895450,0.800000,0.800000,0.800000,review,review,correct,0
s0-c2-218,CAM-2,2,ISP6396,OK,TRAILER,8SP6396,OK,TRAILER,0.747339,0.900415,0.701911,0.800000,0.800000,0.800000,review,review,correct,0
s0-c2-219,CAM-2,2,XSL8936,NM,TEMP,XSL8936,NM,TEMP,0.680499,0.703662,0.559347,0.800000,0.800000,0.800000,review,review,type2,1
s0-c2-220,CAM-2,2,NWN0364,FL,PASSENGER,NWN0364,FL,TEMP,0.824340,0.714545,0.447888,0.800000,0.800000,0.800000,review,review,correct,0
s0-c2-221,CAM-2,2,GNP0697,NM,GOV,GNP0697,NM,GOV,0.473334,0.573094,0.898416,0.800000,0.800000,0.800000,review,review,type2,1
s0-c2-222,CAM-2,2,SWZ7545,AZ,TRAILER,SWZ7545,AZ,GOV,0.491620,0.719644,0.479539,0.800000,0.800000,0.800000,review,review,correct,0
s0-c2-223,CAM-2,2,WYF7191,CO,TRAILER,WYF7191,OK,TRAILER,0.963449,0.420826,0.818863,0.800000,0.800000,0.800000,review,review,correct,0
s0-c2-224,CAM-2,2,VGC7870,TX,GOV,VGC7870,TX,PASSENGER,0.621988,0.633001,0.439719,0.800000,0.800000,0.800000,review,review,correct,0
s0-c2-225,CAM-2,2,IWJ8464,AZ,GOV,IWJ8464,NV,GOV,0.830500,0.644731,0.583848,0.800000,0.800000,0.800000,review,review,correct,0
s0-c2-226,CAM-2,2,MMM5828,CO,TRAILER,M1M5828,CO,TEMP,0.402337,0.371037,0.527940,0.800000,0.800000,0.800000,review,review,correct,0
s0-c2-227,CAM-2,2,SUA7096,NM,TRAILER,SUA7096,OK,TRAILER,0.896316,0.722418,0.578517,0.800000,0.800000,0.800000,review,review,correct,0
s0-c2-228,CAM-2,2,VRP8975,FL,GOV,VRP8975,FL,GOV,0.598209,0.302795,0.644470,0.800000,0.800000,0.800000,review,review,type2,1
s0-c2-229,CAM-2,2,PVY4094,TX,GOV,PVY4094,TX,TEMP,0.944819,0.847930,0.439307,0.800000,0.800000,0.800000,review,review,correct,0
s0-c2-230,CAM-2,2,DJF3770,AZ,GOV,DJF3770,FL,GOV,0.942061,0.582041,0.737833,0.800000,0.800000,0.800000,review,review,correct,0
s0-c2-231,CAM-2,2,BLB9947,NM,TRAILER,BLB9447,NM,GOV,0.737695,0.729554,0.613115,0.800000,0.800000,0.800000,review,review,correct,0
s0-c2-232,CAM-2,2,IYI4926,CA,PASSENGER,IYI4926,CA,PASSENGER,0.875924,0.905039,0.691545,0.800000,0.800000,0.800000,review,review,type2,1
s0-c2-233,CAM-2,2,PVO6747,FL,TRAILER,PVO6747,FL,TRAILER,0.967003,0.763666,0.301380,0.800000,0.800000,0.800000,review,review,type2,1
s0-c2-234,CAM-2,2,CNI8246,NV,GOV,CNI8246,FL,COMMERCIAL,0.700022,0.793438,0.673339,0.800000,0.800000,0.800000,review,review,correct,0
s0-c2-235,CAM-2,2,ZVE4202,CO,GOV,ZVE4202,NM,GOV,0.797224,0.430644,0.294819,0.800000,0.800000,0.800000,review,review,correct,0
s0-c2-236,CAM-2,2,WHY6078,OK,TEMP,WHY6078,OK,TEMP,0.594274,0.599627,0.882050,0.800000,0.800000,0.800000,review,review,type2,1
s0-c2-237,CAM-2,2,VLS5020,FL,COMMERCIAL,VLS5020,FL,TRAILER,0.873678,0.483109,0.453807,0.800000,0.800000,0.800000,review,review,correct,0
s0-c2-238,CAM-2,2,QTI9146,CA,TEMP,QTI9146,CA,GOV,0.550687,0.831770,0.308178,0.800000,0.800000,0.800000,review,review,correct,0
s0-c2-239,CAM-2,2,ZFP0387,NM,PASSENGER,ZFP0387,NM,PASSENGER,0.777899,0.847211,0.487483,0.800000,0.800000,0.800000,review,review,type2,1
s0-c2-240,CAM-2,2,BID1228,AZ,PASSENGER,BID1228,NV,GOV,0.986012,0.532826,0.419583,0.800000,0.800000,0.800000,review,review,correct,0
s0-c2-241,CAM-2,2,QLD2265,CA,PASSENGER,5LD2265,CA,TEMP,0.615253,0.886358,0.803365,0.800000,0.800000,0.800000,review,review,correct,0
s0-c2-242,CAM-2,2,UUG4326,AZ,COMMERCIAL,UUG4326,AZ,GOV,0.837806,0.518959,0.738933,0.800000,0.800000,0.800000,review,review,correct,0
s0-c2-243,CAM-2,2,FAW4684,CO,GOV,FAW4684,CO,TEMP,0.529464,0.708087,0.746484,0.800000,0.800000,0.800000,review,review,correct,0
s0-c2-244,CAM-2,2,YNC7250,FL,TRAILER,YNC7250,FL,COMMERCIAL,0.800345,0.637512,0.849901,0.800000,0.800000,0.800000,review,review,correct,0
s0-c2-245,CAM-2,2,RMH6986,CA,TEMP,RMH6986,OK,TEMP,0.332579,0.559707,0.572534,0.800000,0.800000,0.800000,review,review,correct,0
s0-c2-246,CAM-2,2,LTD9246,OK,TRAILER,LTD924U,OK,TEMP,0.798177,0.950874,0.771789,0.800000,0.800000,0.800000,review,review,correct,0
s0-c2-247,CAM-2,2,SLQ8160,CO,COMMERCIAL,SLQ8160,TX,TRAILER,0.722418,0.583604,0.622945,0.800000,0.800000,0.800000,review,review,correct,0
s0-c2-248,CAM-2,2,MCY7522,TX,PASSENGER,MCY7522,FL,COMMERCIAL,0.638874,0.407079,0.158042,0.800000,0.800000,0.800000,review,review,correct,0
s0-c2-249,CAM-2,2,YUA3792,FL,GOV,CUA3792,NM,GOV,0.304573,0.543253,0.437720,0.800000,0.800000,0.800000,review,review,correct,0
s0-c2-250,CAM-2,2,CSZ2775,NV,COMMERCIAL,CSZ2775,NV,COMMERCIAL,0.503615,0.825837,0.439773,0.800000,0.800000,0.800000,review,review,type2,1
s0-c2-251,CAM-2,2,GMK4020,CA,GOV,GMK4020,CO,COMMERCIAL,0.571487,0.590874,0.546211,0.800000,0.800000,0.800000,review,review,correct,0
s0-c2-252,CAM-2,2,TUJ2645,AZ,TEMP,TUJ2645,TX,TEMP,0.725417,0.511025,0.781271,0.800000,0.800000,0.800000,review,review,correct,0
s0-c2-253,CAM-2,2,UHM1793,TX,TRAILER,UHM1793,TX,GOV,0.785754,0.656783,0.386274,0.800000,0.800000,0.800000,review,review,correct,0
s0-c2-254,CAM-2,2,MEO1191,TX,COMMERCIAL,MEO119J,TX,COMMERCIAL,0.748645,0.594624,0.893738,0.800000,0.800000,0.800000,review,review,correct,0
s0-c2-255,CAM-2,2,QCL0723,OK,PASSENGER,QCL0723,OK,PASSENGER,0.847631,0.844307,0.566060,0.800000,0.800000,0.800000,review,review,type2,1
s0-c2-256,CAM-2,2,PSG5748,OK,PASSENGER,PSG5748,OK,PASSENGER,0.941375,0.612226,0.608844,0.800000,0.800000,0.800000,review,review,type2,1
s0-c2-257,CAM-2,2,VLO8308,TX,PASSENGER,VLO8308,TX,PASSENGER,0.816054,0.892629,0.372359,0.800000,0.800000,0.800000,review,review,type2,1
s0-c2-258,CAM-2,2,IGD3176,AZ,PASSENGER,IGD3176,AZ,GOV,0.877645,0.619007,0.457371,0.800000,0.800000,0.800000,review,review,correct,0
s0-c2-259,CAM-2,2,SFY1934,NM,GOV,SFY1934,NM,GOV,0.917211,0.757360,0.613803,0.800000,0.800000,0.800000,review,review,type2,1
s0-c2-260,CAM-2,2,RKX4049,CO,PASSENGER,RKX4049,CO,PASSENGER,0.718112,0.745940,0.813054,0.800000,0.800000,0.800000,review,review,type2,1
s0-c2-261,CAM-2,2,ESC0589,FL,TEMP,ESC0589,FL,TEMP,0.926628,0.768467,0.825882,0.800000,0.800000,0.800000,review,review,type2,1
s0-c2-262,CAM-2,2,FLP4592,TX,TRAILER,FLP4592,TX,GOV,0.848047,0.767729,0.929780,0.800000,0.800000,0.800000,review,review,correct,0
s0-c2-263,CAM-2,2,HDG3948,CO,GOV,HDG3948,CO,GOV,0.912242,0.678294,0.888286,0.800000,0.800000,0.800000,review,review,type2,1
s0-c2-264,CAM-2,2,YTK5673,FL,TRAILER,YTK5473,FL,TRAILER,0.506069,0.860828,0.585153,0.800000,0.800000,0.800000,review,review,correct,0
s0-c2-265,CAM-2,2,MGM0673,TX,GOV,MGM0673,AZ,COMMERCIAL,0.706047,0.578155,0.580496,0.800000,0.800000,0.800000,review,review,correct,0
s0-c2-266,CAM-2,2,QYM8247,NM,PASSENGER,QYM824B,OK,PASSENGER,0.505487,0.884106,0.592402,0.800000,0.800000,0.800000,review,review,correct,0
s0-c2-267,CAM-2,2,MJY6343,CA,TRAILER,MJY6343,CA,PASSENGER,0.949321,0.564085,0.684762,0.800000,0.800000,0.800000,review,review,correct,0
s0-c2-268,CAM-2,2,GFC7587,OK,GOV,GFC75M7,OK,TEMP,0.582229,0.842002,0.475457,0.800000,0.800000,0.800000,review,review,correct,0
s0-c2-269,CAM-2,2,KAL0259,FL,COMMERCIAL,KAL0259,FL,COMMERCIAL,0.830999,0.572407,0.582763,0.800000,0.800000,0.800000,review,review,type2,1
s0-c2-270,CAM-2,2,CJH8558,FL,GOV,CKH8558,FL,GOV,0.834455,0.510887,0.631986,0.800000,0.800000,0.800000,review,review,correct,0
s0-c2-271,CAM-2,2,ZYC5854,NV,PASSENGER,ZYC5854,FL,TEMP,0.423236,0.822543,0.620282,0.800000,0.800000,0.800000,review,review,correct,0
s0-c2-272,CAM-2,2,MUQ7687,OK,TEMP,MUQC687,OK,TEMP,0.346281,0.766342,0.881567,0.800000,0.800000,0.800000,review,review,correct,0
s0-c2-273,CAM-2,2,ILD4841,NV,GOV,ILD4841,NV,PASSENGER,0.879620,0.524592,0.674566,0.800000,0.800000,0.800000,review,review,correct,0
s0-c2-274,CAM-2,2,VSR5519,TX,COMMERCIAL,VSR5519,TX,PASSENGER,0.745559,0.940043,0.721636,0.800000,0.800000,0.800000,review,review,correct,0
s0-c2-275,CAM-2,2,PYU8657,CO,TEMP,PYU8657,CO,TEMP,0.904968,0.911041,0.420062,0.800000,0.800000,0.800000,review,review,type2,1
s0-c2-276,CAM-2,2,PJL6487,NM,PASSENGER,CJL6487,NV,PASSENGER,0.740818,0.486348,0.758928,0.800000,0.800000,0.800000,review,review,correct,0
s0-c2-277,CAM-2,2,KRD1250,FL,TEMP,KRD1250,FL,TEMP,0.816861,0.505224,0.748402,0.800000,0.800000,0.800000,review,review,type2,1
s0-c2-278,CAM-2,2,VIK5257,OK,GOV,VIK5257,OK,GOV,0.809750,0.471575,0.711373,0.800000,0.800000,0.800000,review,review,type2,1
s0-c2-279,CAM-2,2,KJW9869,AZ,COMMERCIAL,KJW9869,NM,COMMERCIAL,0.668444,0.606997,0.721933,0.800000,0.800000,0.800000,review,review,correct,0
s0-c2-280,CAM-2,2,LNH9166,NV,COMMERCIAL,LNH91P6,NV,TEMP,0.454072,0.811757,0.389809,0.800000,0.800000,0.800000,review,review,correct,0
s0-c2-281,CAM-2,2,FAZ0334,OK,GOV,FAZ0334,OK,GOV,0.517392,0.643230,0.593319,0.800000,0.800000,0.800000,review,review,type2,1
s0-c2-282,CAM-2,2,GED5999,NM,COMMERCIAL,GED5999,NM,TEMP,0.797159,0.826326,0.488586,0.800000,0.800000,0.800000,review,review,correct,0
s0-c2-283,CAM-2,2,VLA0379,FL,COMMERCIAL,VLA0379,FL,COMMERCIAL,0.803066,0.719685,0.776578,0.800000,0.800000,0.800000,review,review,type2,1
s0-c2-284,CAM-2,2,EXF6961,OK,GOV,EXF6961,OK,TRAILER,0.710735,0.899111,0.620583,0.800000,0.800000,0.800000,review,review,correct,0
s0-c2-285,CAM-2,2,NML0540,TX,GOV,NML0540,TX,GOV,0.752418,0.761356,0.761633,0.800000,0.800000,0.800000,review,review,type2,1
s0-c2-286,CAM-2,2,EXH7393,OK,GOV,EXH7393,OK,GOV,0.693869,0.412635,0.854681,0.800000,0.800000,0.800000,review,review,type2,1
s0-c2-287,CAM-2,2,GYT4607,OK,TRAILER,GYT4607,NV,TEMP,0.794242,0.399951,0.705056,0.800000,0.800000,0.800000,review,review,correct,0
s0-c2-288,CAM-2,2,XAU4515,FL,TRAILER,XA44515,FL,TRAILER,0.816464,0.655046,0.658860,0.800000,0.800000,0.800000,review,review,correct,0
s0-c2-289,CAM-2,2,VQS5561,NV,GOV,VQS5561,NV,GOV,0.704149,0.787801,0.642411,0.800000,0.800000,0.800000,review,review,type2,1
s0-c2-290,CAM-2,2,NJF1621,OK,COMMERCIAL,NJF1621,OK,COMMERCIAL,0.862678,0.830596,0.667150,0.800000,0.800000,0.800000,review,review,type2,1
s0-c2-291,CAM-2,2,GMD2580,AZ,TEMP,GMD2580,AZ,TRAILER,0.740255,0.824430,0.572538,0.800000,0.800000,0.800000,review,review,correct,0
s0-c2-292,CAM-2,2,DTH1055,TX,COMMERCIAL,DTH1055,FL,COMMERCIAL,0.795143,0.823732,0.650720,0.800000,0.800000,0.800000,review,review,correct,0
s0-c2-293,CAM-2,2,YGN1329,AZ,COMMERCIAL,YGN1329,AZ,GOV,0.787908,0.683477,0.514116,0.800000,0.800000,0.800000,review,review,correct,0
s0-c2-294,CAM-2,2,LXY8313,CO,GOV,LXY8313,CO,TRAILER,0.645172,0.870035,0.689169,0.800000,0.800000,0.800000,review,review,correct,0
s0-c2-295,CAM-2,2,JNW1148,AZ,COMMERCIAL,JNW1148,AZ,COMMERCIAL,0.864671,0.928770,0.385527,0.800000,0.800000,0.800000,review,review,type2,1
s0-c2-296,CAM-2,2,ZEB8755,FL,PASSENGER,ZEB8755,OK,PASSENGER,0.817286,0.600198,0.489562,0.800000,0.800000,0.800000,review,review,correct,0
s0-c2-297,CAM-2,2,HIF7763,AZ,COMMERCIAL,HIF7763,AZ,TRAILER,0.951634,0.450800,0.584971,0.800000,0.800000,0.800000,review,review,correct,0
s0-c2-298,CAM-2,2,FTV8790,FL,COMMERCIAL,FTV8790,TX,TEMP,0.644534,0.845806,0.758254,0.800000,0.800000,0.800000,review,review,correct,0
s0-c2-299,CAM-2,2,CGG8255,OK,PASSENGER,CGQ8255,NM,TRAILER,0.652383,0.648275,0.515405,0.800000,0.800000,0.800000,review,review,correct,0
s0-c2-300,CAM-2,2,HSM7684,OK,PASSENGER,HSM7684,OK,COMMERCIAL,0.854855,0.765601,0.304007,0.800000,0.800000,0.800000,review,review,correct,0
s0-c2-301,CAM-2,2,WIM7999,CA,PASSENGER,WIM7992,CA,PASSENGER,0.241207,0.590077,0.872210,0.800000,0.800000,0.800000,review,review,correct,0
s0-c2-302,CAM-2,2,LEJ6132,CA,GOV,LEI6132,CA,TEMP,0.752958,0.537482,0.559695,0.800000,0.800000,0.800000,review,review,correct,0
s0-c2-303,CAM-2,2,PST5541,NV,GOV,PST5541,NV,PASSENGER,0.945192,0.779389,0.834648,0.800000,0.800000,0.800000,review,review,correct,0
s0-c2-304,CAM-2,2,HKQ0593,AZ,TEMP,HKQ0593,OK,TEMP,0.389494,0.356028,0.865077,0.800000,0.800000,0.800000,review,review,correct,0
s0-c2-305,CAM-2,2,BPJ2717,FL,TRAILER,BPJ2E17,FL,PASSENGER,0.525442,0.837422,0.833265,0.800000,0.800000,0.800000,review,review,correct,0
s0-c2-306,CAM-2,2,ZAL7435,CO,COMMERCIAL,ZAL7435,CA,COMMERCIAL,0.947313,0.736215,0.375575,0.800000,0.800000,0.800000,review,review,correct,0
s0-c2-307,CAM-2,2,BBG6877,AZ,TEMP,BBG6877,AZ,TEMP,0.712182,0.818976,0.739773,0.800000,0.800000,0.800000,review,review,type2,1
s0-c2-308,CAM-2,2,ZRF8549,TX,PASSENGER,ZRF8549,TX,COMMERCIAL,0.786285,0.453057,0.224714,0.800000,0.800000,0.800000,review,review,correct,0
s0-c2-309,CAM-2,2,QPY6069,NM,TRAILER,QPY6059,NM,TRAILER,0.613507,0.461794,0.690462,0.800000,0.800000,0.800000,review,review,correct,0
s0-c2-310,CAM-2,2,GNI8541,FL,TEMP,9NI8541,TX,COMMERCIAL,0.757747,0.753978,0.176325,0.800000,0.800000,0.800000,review,review,correct,0
s0-c2-311,CAM-2,2,JOZ2212,CO,GOV,JOZ2212,CA,GOV,0.566637,0.314259,0.831518,0.800000,0.800000,0.800000,review,review,correct,0
s0-c2-312,CAM-2,2,LCE2478,NV,TRAILER,LCE2478,TX,TRAILER,0.885392,0.472079,0.886696,0.800000,0.800000,0.800000,review,review,correct,0
s0-c2-313,CAM-2,2,YRY2923,OK,COMMERCIAL,YRY2923,OK,PASSENGER,0.814419,0.718145,0.537152,0.800000,0.800000,0.800000,review,review,correct,0
s0-c2-314,CAM-2,2,SGZ1429,AZ,TRAILER,SGZ1429,AZ,TRAILER,0.701467,0.711355,0.619529,0.800000,0.800000,0.800000,review,review,type2,1
s0-c2-315,CAM-2,2,PPZ8089,CO,PASSENGER,PPZ8089,CO,PASSENGER,0.888482,0.786533,0.708225,0.800000,0.800000,0.800000,review,review,type2,1
s0-c2-316,CAM-2,2,OFF0257,TX,TRAILER,OFF0257,NM,PASSENGER,0.609631,0.526284,0.592841,0.800000,0.800000,0.800000,review,review,correct,0
s0-c2-317,CAM-2,2,DNZ6161,AZ,TRAILER,DNZ6161,CO,TRAILER,0.646345,0.781322,0.751380,0.800000,0.800000,0.800000,review,review,correct,0
s0-c2-318,CAM-2,2,YRL6639,CA,COMMERCIAL,YRL6639,TX,COMMERCIAL,0.657802,0.451538,0.511567,0.800000,0.800000,0.800000,review,review,correct,0
s0-c2-319,CAM-2,2,DRT9929,NM,PASSENGER,DRT9Z29,OK,COMMERCIAL,0.549129,0.474722,0.398601,0.800000,0.800000,0.800000,review,review,correct,0
s0-c2-320,CAM-2,2,OEM4216,FL,TRAILER,OEM4216,TX,TRAILER,0.606928,0.658925,0.670487,0.800000,0.800000,0.800000,review,review,correct,0
s0-c2-321,CAM-2,2,OJX8107,FL,TRAILER,OJX8107,FL,GOV,0.510079,0.594559,0.762752,0.800000,0.800000,0.800000,review,review,correct,0
s0-c2-322,CAM-2,2,LCT6658,NM,GOV,LCF6658,CA,GOV,0.611319,0.433309,0.436262,0.800000,0.800000,0.800000,review,review,correct,0
s0-c2-323,CAM-2,2,EHF2217,AZ,GOV,EHF2217,AZ,GOV,0.804854,0.682274,0.602047,0.800000,0.800000,0.800000,review,review,type2,1
s0-c2-324,CAM-2,2,BBD9628,AZ,PASSENGER,BBD9628,OK,TRAILER,0.557358,0.724961,0.601767,0.800000,0.800000,0.800000,review,review,correct,0
s0-c2-325,CAM-2,2,DTX8927,NV,PASSENGER,DTX8927,NV,PASSENGER,0.958901,0.437932,0.739020,0.800000,0.800000,0.800000,review,review,type2,1
s0-c2-326,CAM-2,2,GLN6685,TX,COMMERCIAL,GLN6685,NM,COMMERCIAL,0.504736,0.492386,0.693168,0.800000,0.800000,0.800000,review,review,correct,0
s0-c2-327,CAM-2,2,ISU2884,FL,PASSENGER,ISU2884,NV,PASSENGER,0.939730,0.794059,0.779917,0.800000,0.800000,0.800000,review,review,correct,0
s0-c2-328,CAM-2,2,XJS3264,CO,COMMERCIAL,9JS3264,CA,GOV,0.551045,0.641503,0.682753,0.800000,0.800000,0.800000,review,review,correct,0
s0-c2-329,CAM-2,2,KCO9297,OK,GOV,KVO9297,CA,GOV,0.667556,0.680594,0.835935,0.800000,0.800000,0.800000,review,review,correct,0
s0-c2-330,CAM-2,2,CIZ7198,FL,TRAILER,CIZ7198,TX,TRAILER,0.728711,0.854465,0.870788,0.800000,0.800000,0.800000,review,review,correct,0
s0-c2-331,CAM-2,2,CWU7297,FL,TRAILER,CWU729X,FL,TRAILER,0.464129,0.891317,0.863208,0.800000,0.800000,0.800000,review,review,correct,0
s0-c2-332,CAM-2,2,XIZ4456,AZ,PASSENGER,XIZ4456,CA,PASSENGER,0.685548,0.630886,0.396431,0.800000,0.800000,0.800000,review,review,correct,0
s0-c2-333,CAM-2,2,AQM0600,CA,COMMERCIAL,AQM0600,CA,GOV,0.972646,0.781620,0.633288,0.800000,0.800000,0.800000,review,review,correct,0
s0-c2-334,CAM-2,2,CUQ8866,OK,TEMP,CUQ8866,OK,TEMP,0.869497,0.914121,0.594843,0.800000,0.800000,0.800000,review,review,type2,1
s0-c2-335,CAM-2,2,VYI9229,NV,PASSENGER,VYI9229,NV,COMMERCIAL,0.824932,0.748594,0.555503,0.800000,0.800000,0.800000,review,review,correct,0
s0-c2-336,CAM-2,2,MUM4225,CA,GOV,LUM4225,CA,GOV,0.668054,0.885766,0.603489,0.800000,0.800000,0.800000,review,review,correct,0
s0-c2-337,CAM-2,2,IUW5559,AZ,GOV,IUW5559,AZ,GOV,0.837424,0.932355,0.666544,0.800000,0.800000,0.800000,review,review,type2,1
s0-c2-338,CAM-2,2,DPV7076,TX,TRAILER,DMV7076,NM,TRAILER,0.621423,0.358554,0.774318,0.800000,0.800000,0.800000,review,review,correct,0
s0-c2-339,CAM-2,2,PBN5861,CO,TRAILER,PMN5861,CO,TEMP,0.288095,0.721635,0.308814,0.800000,0.800000,0.800000,review,review,correct,0
s0-c2-340,CAM-2,2,MZZ7408,CO,TEMP,MZZ7408,CO,TEMP,0.759344,0.919925,0.723981,0.800000,0.800000,0.800000,review,review,type2,1
s0-c2-341,CAM-2,2,KWU3457,NV,PASSENGER,KWV3457,CA,GOV,0.373725,0.711090,0.336440,0.800000,0.800000,0.800000,review,review,correct,0
s0-c2-342,CAM-2,2,ASX5592,AZ,PASSENGER,ASXR592,AZ,PASSENGER,0.843015,0.699374,0.931771,0.800000,0.800000,0.800000,review,review,correct,0
s0-c2-343,CAM-2,2,ICU0247,FL,GOV,ICU0247,FL,GOV,0.755652,0.914637,0.641304,0.800000,0.800000,0.800000,review,review,type2,1
s0-c2-344,CAM-2,2,RAJ4677,NV,TEMP,RAJL677,FL,TEMP,0.438561,0.383591,0.675228,0.800000,0.800000,0.800000,review,review,correct,0
s0-c2-345,CAM-2,2,OER4039,OK,GOV,OER4039,NV,GOV,0.988249,0.431571,0.698748,0.800000,0.800000,0.800000,review,review,correct,0
s0-c2-346,CAM-2,2,BAH8899,NV,GOV,BAH8899,OK,GOV,0.911570,0.665017,0.821615,0.800000,0.800000,0.800000,review,review,correct,0
s0-c2-347,CAM-2,2,SFK8890,FL,GOV,SFK8890,CA,GOV,0.775109,0.476059,0.671793,0.800000,0.800000,0.800000,review,review,correct,0
s0-c2-348,CAM-2,2,NZQ0069,NM,GOV,NZQ0069,NM,COMMERCIAL,0.975270,0.540924,0.482522,0.800000,0.800000,0.800000,review,review,correct,0
s0-c2-349,CAM-2,2,FFL2173,TX,TRAILER,FFL2173,AZ,GOV,0.748721,0.489365,0.817520,0.800000,0.800000,0.800000,review,review,correct,0
s0-c2-350,CAM-2,2,QIA1786,NM,PASSENGER,QIA1786,OK,PASSENGER,0.757300,0.653114,0.491979,0.800000,0.800000,0.800000,review,review,correct,0
s0-c2-351,CAM-2,2,KTA0570,CA,PASSENGER,KTA0570,CA,PASSENGER,0.929606,0.831222,0.676390,0.800000,0.800000,0.800000,review,review,type2,1
s0-c2-352,CAM-2,2,WHD3395,TX,TEMP,WHD3395,CO,TRAILER,0.789923,0.839755,0.399802,0.800000,0.800000,0.800000,review,review,correct,0
s0-c2-353,CAM-2,2,MSH7446,FL,TEMP,MSH7446,FL,TEMP,0.689389,0.852397,0.592923,0.800000,0.800000,0.800000,review,review,type2,1
s0-c2-354,CAM-2,2,LAV7298,CA,COMMERCIAL,LAV7298,OK,COMMERCIAL,0.906109,0.427453,0.821315,0.800000,0.800000,0.800000,review,review,correct,0
s0-c2-355,CAM-2,2,RNA2830,OK,GOV,RNA2830,OK,GOV,0.821878,0.661330,0.864455,0.800000,0.800000,0.800000,review,review,type2,1
s0-c2-356,CAM-2,2,EDR8274,FL,PASSENGER,EDR8274,FL,PASSENGER,0.828390,0.775656,0.790968,0.800000,0.800000,0.800000,review,review,type2,1
s0-c2-357,CAM-2,2,LAA6947,NM,TEMP,LAA6947,NM,PASSENGER,0.931736,0.881028,0.883760,0.800000,0.800000,0.800000,auto_clear,none,,0
s0-c2-358,CAM-2,2,LAZ2923,CA,COMMERCIAL,LAZB923,FL,COMMERCIAL,0.475964,0.612848,0.743708,0.800000,0.800000,0.800000,review,review,correct,0
s0-c2-359,CAM-2,2,SQE5668,NV,TRAILER,SQE5668,NV,TRAILER,0.881224,0.833521,0.744108,0.800000,0.800000,0.800000,review,review,type2,1
s0-c2-360,CAM-2,2,GDQ9556,NM,TEMP,GDQ9556,NM,TEMP,0.635390,0.741133,0.745053,0.800000,0.800000,0.800000,review,review,type2,1
s0-c2-361,CAM-2,2,YXG4897,AZ,GOV,YXG4897,AZ,TRAILER,0.491574,0.749662,0.748078,0.800000,0.800000,0.800000,review,review,correct,0
s0-c2-362,CAM-2,2,ICE5216,FL,PASSENGER,ICE5216,CA,TRAILER,0.744147,0.755629,0.462881,0.800000,0.800000,0.800000,review,review,correct,0
s0-c2-363,CAM-2,2,NPX3215,OK,PASSENGER,NPX3215,OK,TEMP,0.820321,0.833483,0.791148,0.800000,0.800000,0.800000,review,review,correct,0
s0-c2-364,CAM-2,2,IFY9183,TX,PASSENGER,IFY91J3,TX,PASSENGER,0.613513,0.886292,0.543050,0.800000,0.800000,0.800000,review,review,correct,0
s0-c2-365,CAM-2,2,OGA5305,FL,TEMP,AGA5305,CA,COMMERCIAL,0.496116,0.509872,0.363884,0.800000,0.800000,0.800000,review,review,correct,0
s0-c2-366,CAM-2,2,VHM1858,CA,TRAILER,VHM1858,CA,TRAILER,0.867235,0.737635,0.917190,0.800000,0.800000,0.800000,review,review,type2,1
s0-c2-367,CAM-2,2,MAH9753,TX,COMMERCIAL,MAH9753,TX,COMMERCIAL,0.871356,0.838929,0.802195,0.800000,0.800000,0.800000,auto_clear,none,,1
s0-c2-368,CAM-2,2,EAN2325,CA,TEMP,EANB325,TX,TRAILER,0.613392,0.509920,0.449560,0.800000,0.800000,0.800000,review,review,correct,0
s0-c2-369,CAM-2,2,MGM0642,CA,TRAILER,MGM0842,CA,TRAILER,0.693679,0.455546,0.867931,0.800000,0.800000,0.800000,review,review,correct,0
s0-c2-370,CAM-2,2,FVE8563,FL,PASSENGER,FVE8563,FL,PASSENGER,0.822636,0.914622,0.719828,0.800000,0.800000,0.800000,review,review,type2,1
s0-c2-371,CAM-2,2,HTG7843,FL,GOV,HTG7843,FL,GOV,0.971879,0.670221,0.517934,0.800000,0.800000,0.800000,review,review,type2,1
s0-c2-372,CAM-2,2,EHH1801,NV,GOV,EHH1801,CO,GOV,0.897625,0.576113,0.757782,0.800000,0.800000,0.800000,review,review,correct,0
s0-c2-373,CAM-2,2,GRM9135,CA,TEMP,GRM9135,CA,GOV,0.947183,0.855483,0.703909,0.800000,0.800000,0.800000,review,review,correct,0
s0-c2-374,CAM-2,2,UJB8115,NV,TEMP,UJB8115,NV,PASSENGER,0.649746,0.659827,0.378529,0.800000,0.800000,0.800000,review,review,correct,0
s0-c2-375,CAM-2,2,ZDV2362,FL,PASSENGER,ZDV1362,NV,PASSENGER,0.627083,0.339386,0.767446,0.800000,0.800000,0.800000,review,review,correct,0
s0-c2-376,CAM-2,2,AVX9745,TX,GOV,AVX9745,TX,GOV,0.699950,0.404388,0.713938,0.800000,0.800000,0.800000,review,review,type2,1
s0-c2-377,CAM-2,2,FQW3603,CO,TEMP,FQW3603,FL,TEMP,0.810874,0.228794,0.391378,0.800000,0.800000,0.800000,review,review,correct,0
s0-c2-378,CAM-2,2,GIB3369,CO,TEMP,GIB1369,OK,COMMERCIAL,0.446656,0.137650,0.669901,0.800000,0.800000,0.800000,review,review,correct,0
s0-c2-379,CAM-2,2,XGR7450,CO,COMMERCIAL,XGR7450,CO,COMMERCIAL,0.827790,0.728767,0.587902,0.800000,0.800000,0.800000,review,review,type2,1
s0-c2-380,CAM-2,2,GJK3846,NV,TEMP,GJK3846,CO,PASSENGER,0.824963,0.758498,0.509416,0.800000,0.800000,0.800000,review,review,correct,0
s0-c2-381,CAM-2,2,DVZ4315,OK,TRAILER,DVZ4315,OK,COMMERCIAL,0.351252,0.246630,0.361166,0.800000,0.800000,0.800000,review,review,correct,0
s0-c2-382,CAM-2,2,LZU9807,OK,COMMERCIAL,LZU980G,OK,COMMERCIAL,0.514836,0.719135,0.649668,0.800000,0.800000,0.800000,review,review,correct,0
s0-c2-383,CAM-2,2,RTG7076,CO,PASSENGER,RTG7076,CO,PASSENGER,0.616478,0.796413,0.792646,0.800000,0.800000,0.800000,review,review,type2,1
s0-c2-384,CAM-2,2,KQD6822,FL,PASSENGER,KQD6L22,FL,COMMERCIAL,0.712546,0.438714,0.650228,0.800000,0.800000,0.800000,review,review,correct,0
s0-c2-385,CAM-2,2,TIT3900,FL,PASSENGER,TIT3900,CO,PASSENGER,0.889848,0.244531,0.711212,0.800000,0.800000,0.800000,review,review,correct,0
s0-c2-386,CAM-2,2,RQO6104,AZ,GOV,RQO6104,FL,GOV,0.809730,0.307687,0.481528,0.800000,0.800000,0.800000,review,review,correct,0
s0-c2-387,CAM-2,2,OCE1320,AZ,GOV,OCE1320,AZ,GOV,0.921272,0.784076,0.368795,0.800000,0.800000,0.800000,review,review,type2,1
s0-c2-388,CAM-2,2,EJT3379,NV,TEMP,EJT3379,NV,TEMP,0.830816,0.766700,0.868753,0.800000,0.800000,0.800000,review,review,type2,1
s0-c2-389,CAM-2,2,CHB3864,FL,TRAILER,CHB386W,CA,PASSENGER,0.670759,0.642902,0.745975,0.800000,0.800000,0.800000,review,review,correct,0
s0-c2-390,CAM-2,2,TLO9820,CO,COMMERCIAL,TDO9820,CO,COMMERCIAL,0.889719,0.778541,0.595513,0.800000,0.800000,0.800000,review,review,correct,0
s0-c2-391,CAM-2,2,JZS9234,NV,COMMERCIAL,JZS9234,NV,COMMERCIAL,0.710012,0.608163,0.598170,0.800000,0.800000,0.800000,review,review,type2,1
s0-c2-392,CAM-2,2,OYI0689,CO,GOV,9YI0689,CO,TRAILER,0.671246,0.448497,0.770565,0.800000,0.800000,0.800000,review,review,correct,0
s0-c2-393,CAM-2,2,UTK3303,OK,TRAILER,UTK3303,OK,PASSENGER,0.753421,0.673682,0.388799,0.800000,0.800000,0.800000,review,review,correct,0
s0-c2-394,CAM-2,2,YPG5440,CO,PASSENGER,YPG5440,CO,PASSENGER,0.737919,0.647732,0.746069,0.800000,0.800000,0.800000,review,review,type2,1
s0-c2-395,CAM-2,2,TAK7422,CA,GOV,TAK7422,CA,GOV,0.684382,0.789345,0.889520,0.800000,0.800000,0.800000,review,review,type2,1
s0-c2-396,CAM-2,2,AWG2736,TX,GOV,AWG2236,TX,GOV,0.501346,0.491052,0.778327,0.800000,0.800000,0.800000,review,review,correct,0
s0-c2-397,CAM-2,2,OTG9100,AZ,TEMP,OTG9100,AZ,GOV,0.677013,0.736043,0.449677,0.800000,0.800000,0.800000,review,review,correct,0
s0-c2-398,CAM-2,2,ZMC4572,CO,TEMP,ZMC4572,CO,TEMP,0.692690,0.880356,0.872546,0.800000,0.800000,0.800000,review,review,type2,1
s0-c2-399,CAM-2,2,BNZ8111,OK,PASSENGER,BNZ8111,OK,PASSENGER,0.890441,0.570550,0.722548,0.800000,0.800000,0.800000,review,review,type2,1
s0-c2-400,CAM-2,2,TXM9794,TX,GOV,TXM9794,TX,GOV,0.960994,0.417143,0.877213,0.800000,0.800000,0.800000,review,review,type2,1
s0-c2-401,CAM-2,2,UJC6336,AZ,COMMERCIAL,UJC6336,AZ,COMMERCIAL,0.654695,0.925376,0.840373,0.800000,0.800000,0.800000,review,review,type2,1
s0-c2-402,CAM-2,2,VFI6564,CA,TRAILER,VFI6564,CA,GOV,0.504786,0.773301,0.664643,0.800000,0.800000,0.800000,review,review,correct,0
s0-c2-403,CAM-2,2,NSU8748,NV,COMMERCIAL,NSU8748,NV,COMMERCIAL,0.637583,0.728909,0.862223,0.800000,0.800000,0.800000,review,review,type2,1
s0-c2-404,CAM-2,2,UYB1588,TX,TRAILER,UYB1588,TX,TRAILER,0.672113,0.468640,0.411774,0.800000,0.800000,0.800000,review,review,type2,1
s0-c2-405,CAM-2,2,VQJ6916,CA,COMMERCIAL,VQ56916,CA,COMMERCIAL,0.549117,0.640523,0.471967,0.800000,0.800000,0.800000,review,review,correct,0
s0-c2-406,CAM-2,2,SRI4481,FL,TEMP,SRI4481,FL,TRAILER,0.839527,0.827470,0.601975,0.800000,0.800000,0.800000,review,review,correct,0
s0-c2-407,CAM-2,2,FYD1086,CA,COMMERCIAL,FYD1086,CO,COMMERCIAL,0.580897,0.488992,0.559257,0.800000,0.800000,0.800000,review,review,correct,0
s0-c2-408,CAM-2,2,HTY3104,CO,PASSENGER,HTY3104,CO,COMMERCIAL,0.671717,0.208474,0.582136,0.800000,0.800000,0.800000,review,review,correct,0
s0-c2-409,CAM-2,2,PLL9631,NV,TEMP,PLL9631,NM,TEMP,0.754865,0.759553,0.771774,0.800000,0.800000,0.800000,review,review,correct,0
s0-c2-410,CAM-2,2,PPB9641,OK,COMMERCIAL,PPB9641,OK,COMMERCIAL,0.986895,0.467497,0.824927,0.800000,0.800000,0.800000,review,review,type2,1
s0-c2-411,CAM-2,2,HOH7723,NV,PASSENGER,HOH7723,NV,PASSENGER,0.747891,0.913948,0.619308,0.800000,0.800000,0.800000,review,review,type2,1
s0-c2-412,CAM-2,2,QDT7808,CA,TRAILER,QJT7808,CA,TRAILER,0.682324,0.492694,0.776170,0.800000,0.800000,0.800000,review,review,correct,0
s0-c2-413,CAM-2,2,CGO3930,OK,TEMP,CGO3930,FL,COMMERCIAL,0.656438,0.373843,0.690430,0.800000,0.800000,0.800000,review,review,correct,0
s0-c2-414,CAM-2,2,USP3717,NV,GOV,USP3717,NV,GOV,0.441049,0.774557,0.594447,0.800000,0.800000,0.800000,review,review,type2,1
s0-c2-415,CAM-2,2,LEP5027,NV,TRAILER,LEJ5027,NV,TRAILER,0.857666,0.890698,0.513998,0.800000,0.800000,0.800000,review,review,correct,0
s0-c2-416,CAM-2,2,CGU9744,TX,COMMERCIAL,CGU9744,OK,GOV,0.749525,0.577220,0.584158,0.800000,0.800000,0.800000,review,review,correct,0
s0-c2-417,CAM-2,2,CSN8509,AZ,TEMP,1SN8509,AZ,PASSENGER,0.652963,0.675985,0.742724,0.800000,0.800000,0.800000,review,review,correct,0
s0-c2-418,CAM-2,2,OXK7190,AZ,COMMERCIAL,O8K7190,NV,COMMERCIAL,0.319676,0.601736,0.893099,0.800000,0.800000,0.800000,review,review,correct,0
s0-c2-419,CAM-2,2,XRJ2369,NV,TEMP,XRJ2368,NV,TEMP,0.593798,0.319222,0.840896,0.800000,0.800000,0.800000,review,review,correct,0
s0-c2-420,CAM-2,2,AMC4666,CA,COMMERCIAL,AMC4666,FL,COMMERCIAL,0.785391,0.780404,0.643995,0.800000,0.800000,0.800000,review,review,correct,0
s0-c2-421,CAM-2,2,GVP8867,CO,TRAILER,GVP88V7,CO,TRAILER,0.645682,0.642508,0.713711,0.800000,0.800000,0.800000,review,review,correct,0
s0-c2-422,CAM-2,2,FAO0750,OK,TRAILER,FAO0710,OK,COMMERCIAL,0.566890,0.825162,0.593261,0.800000,0.800000,0.800000,review,review,correct,0
s0-c2-423,CAM-2,2,GAB4130,NM,PASSENGER,GAB4130,CO,GOV,0.651604,0.757619,0.778778,0.800000,0.800000,0.800000,review,review,correct,0
s0-c2-424,CAM-2,2,FOI2427,TX,PASSENGER,FOI242C,TX,PASSENGER,0.832768,0.943958,0.746494,0.800000,0.800000,0.800000,review,review,correct,0
s0-c2-425,CAM-2,2,ONX9426,CO,COMMERCIAL,ONX9426,CO,TRAILER,0.819745,0.566304,0.449157,0.800000,0.800000,0.800000,review,review,correct,0
s0-c2-426,CAM-2,2,PRM6793,AZ,COMMERCIAL,PRMO793,CA,COMMERCIAL,0.800206,0.740128,0.844634,0.800000,0.800000,0.800000,review,review,correct,0
s0-c2-427,CAM-2,2,AXS0546,NM,COMMERCIAL,2XS0546,NM,COMMERCIAL,0.745519,0.667562,0.883963,0.800000,0.800000,0.800000,review,review,correct,0
s0-c2-428,CAM-2,2,MKW6640,NM,COMMERCIAL,MKW6640,NM,COMMERCIAL,0.558215,0.339146,0.656200,0.800000,0.800000,0.800000,review,review,type2,1
s0-c2-429,CAM-2,2,QNI1160,FL,COMMERCIAL,QNI1160,FL,COMMERCIAL,0.356477,0.921770,0.438629,0.800000,0.800000,0.800000,review,review,type2,1
s0-c2-430,CAM-2,2,RJT6863,CA,PASSENGER,RJT6863,CA,PASSENGER,0.731527,0.573470,0.829239,0.800000,0.800000,0.800000,review,review,type2,1
s0-c2-431,CAM-2,2,VMS8909,NV,PASSENGER,VMS8909,NV,TEMP,0.944814,0.683297,0.670125,0.800000,0.800000,0.800000,review,review,correct,0
s0-c2-432,CAM-2,2,NMF4656,FL,TRAILER,NMF4656,AZ,TRAILER,0.594341,0.547863,0.684657,0.800000,0.800000,0.800000,review,review,correct,0
s0-c2-433,CAM-2,2,RHS0015,CA,TEMP,RHS0015,CA,GOV,0.871746,0.682891,0.324939,0.800000,0.800000,0.800000,review,review,correct,0
s0-c2-434,CAM-2,2,DTD0997,OK,COMMERCIAL,DTD0997,NM,COMMERCIAL,0.839064,0.732535,0.879812,0.800000,0.800000,0.800000,review,review,correct,0
s0-c2-435,CAM-2,2,LRJ6323,OK,TRAILER,LRJ6323,OK,TRAILER,0.840792,0.626710,0.726912,0.800000,0.800000,0.800000,review,review,type2,1
s0-c2-436,CAM-2,2,SYJ0886,CA,PASSENGER,SYJ0886,CA,TRAILER,0.444757,0.792483,0.706396,0.800000,0.800000,0.800000,review,review,correct,0
s0-c2-437,CAM-2,2,NWQ8736,OK,TEMP,NWQ8736,OK,TEMP,0.686177,0.702366,0.709432,0.800000,0.800000,0.800000,review,review,type2,1
s0-c2-438,CAM-2,2,WGZ6046,CO,COMMERCIAL,WGZ6046,CA,COMMERCIAL,0.556505,0.747390,0.617352,0.800000,0.800000,0.800000,review,review,correct,0
s0-c2-439,CAM-2,2,SLK9362,AZ,COMMERCIAL,SLK9362,AZ,TRAILER,0.594450,0.806224,0.415053,0.800000,0.800000,0.800000,review,review,correct,0
s0-c2-440,CAM-2,2,FVY3418,TX,PASSENGER,FVY3418,CA,GOV,0.757548,0.815024,0.609717,0.800000,0.800000,0.800000,review,review,correct,0
s0-c2-441,CAM-2,2,AWV8215,CA,GOV,AWV8215,FL,GOV,0.801050,0.673147,0.904422,0.800000,0.800000,0.800000,review,review,correct,0
s0-c2-442,CAM-2,2,OII9670,AZ,TRAILER,OII9670,OK,TRAILER,0.912724,0.380814,0.636728,0.800000,0.800000,0.800000,review,review,correct,0
s0-c2-443,CAM-2,2,RQX3720,FL,COMMERCIAL,RQXQ720,FL,COMMERCIAL,0.357046,0.666022,0.527094,0.800000,0.800000,0.800000,review,review,correct,0
s0-c2-444,CAM-2,2,WOH6193,AZ,COMMERCIAL,WOH6193,FL,TRAILER,0.499984,0.702939,0.612718,0.800000,0.800000,0.800000,review,review,correct,0
s0-c2-445,CAM-2,2,QNB7571,CA,GOV,ENB7571,CA,TEMP,0.383668,0.900043,0.537723,0.800000,0.800000,0.800000,review,review,correct,0
s0-c2-446,CAM-2,2,UMT4069,CO,COMMERCIAL,UMTT069,OK,TEMP,0.745277,0.676779,0.476353,0.800000,0.800000,0.800000,review,review,correct,0
s0-c2-447,CAM-2,2,BVM6864,NV,PASSENGER,BVM6864,NV,PASSENGER,0.566009,0.771078,0.635749,0.800000,0.800000,0.800000,review,review,type2,1
s0-c2-448,CAM-2,2,VOJ4342,NV,COMMERCIAL,VOJ4342,NV,COMMERCIAL,0.832929,0.592487,0.745975,0.800000,0.800000,0.800000,review,review,type2,1
s0-c2-449,CAM-2,2,TIQ1166,AZ,GOV,TIQ1166,AZ,GOV,0.749612,0.690002,0.537535,0.800000,0.800000,0.800000,review,review,type2,1
s0-c2-450,CAM-2,2,QNV9613,CA,GOV,QNV9613,OK,GOV,0.966112,0.383106,0.758494,0.800000,0.800000,0.800000,review,review,correct,0
s0-c2-451,CAM-2,2,BGD3103,AZ,TEMP,1GD3103,AZ,TEMP,0.825012,0.725732,0.809501,0.800000,0.800000,0.800000,review,review,correct,0
s0-c2-452,CAM-2,2,XUL2784,TX,TRAILER,XUL2784,TX,TRAILER,0.576267,0.808682,0.925686,0.800000,0.800000,0.800000,review,review,type2,1
s0-c2-453,CAM-2,2,VEI3857,NV,TRAILER,VEI385L,NV,TRAILER,0.742115,0.756679,0.526882,0.800000,0.800000,0.800000,review,review,correct,0
s0-c2-454,CAM-2,2,YJM9294,AZ,TRAILER,YJM9294,AZ,TRAILER,0.438338,0.451283,0.742215,0.800000,0.800000,0.800000,review,review,type2,1
s0-c2-455,CAM-2,2,ZXY9224,OK,GOV,ZXY9224,FL,GOV,0.915067,0.645155,0.798396,0.800000,0.800000,0.800000,review,review,correct,0
s0-c2-456,CAM-2,2,SXD8159,OK,PASSENGER,SXD8159,OK,PASSENGER,0.940606,0.592526,0.886138,0.800000,0.800000,0.800000,review,review,type2,1
s0-c2-457,CAM-2,2,SUJ7225,FL,TEMP,SUJ7225,FL,TEMP,0.642981,0.782802,0.279996,0.800000,0.800000,0.800000,review,review,type2,1
s0-c2-458,CAM-2,2,SBJ9665,NV,GOV,SBJ9665,NV,TEMP,0.891899,0.902957,0.572073,0.800000,0.800000,0.800000,review,review,correct,0
s0-c2-459,CAM-2,2,TID7192,CO,PASSENGER,TID7192,CO,COMMERCIAL,0.786603,0.716650,0.740576,0.800000,0.800000,0.800000,review,review,correct,0
s0-c2-460,CAM-2,2,SFB8399,AZ,PASSENGER,SFB8399,NM,COMMERCIAL,0.873367,0.567231,0.690191,0.800000,0.800000,0.800000,review,review,correct,0
s0-c2-461,CAM-2,2,MRY3164,CO,TEMP,MRY3164,CO,GOV,0.883997,0.747025,0.703675,0.800000,0.800000,0.800000,review,review,correct,0
s0-c2-462,CAM-2,2,YKV0550,FL,COMMERCIAL,YKV0550,FL,TEMP,0.558576,0.839493,0.549688,0.800000,0.800000,0.800000,review,review,correct,0
s0-c2-463,CAM-2,2,ZQA2695,FL,TRAILER,Z3A2695,CA,PASSENGER,0.625130,0.732031,0.645910,0.800000,0.800000,0.800000,review,review,correct,0
s0-c2-464,CAM-2,2,BKT7956,OK,PASSENGER,BKT7956,OK,COMMERCIAL,0.961231,0.803529,0.777287,0.800000,0.800000,0.800000,review,review,correct,0
s0-c2-465,CAM-2,2,ITX5626,OK,COMMERCIAL,ITX5626,NM,COMMERCIAL,0.942802,0.728387,0.784570,0.800000,0.800000,0.800000,review,review,correct,0
s0-c2-466,CAM-2,2,JBI7412,TX,COMMERCIAL,JBI741U,TX,COMMERCIAL,0.705284,0.639154,0.667345,0.800000,0.800000,0.800000,review,review,correct,0
s0-c2-467,CAM-2,2,DKT1701,NM,TRAILER,DKT1701,NM,TRAILER,0.863055,0.838731,0.833936,0.800000,0.800000,0.800000,auto_clear,none,,1
s0-c2-468,CAM-2,2,DJG5015,CA,TEMP,DJG5015,CA,TRAILER,0.838827,0.892255,0.802272,0.800000,0.800000,0.800000,auto_clear,none,,0
s0-c2-469,CAM-2,2,WQA3920,CA,TEMP,WQA3920,CA,TEMP,0.839913,0.705142,0.708165,0.800000,0.800000,0.800000,review,review,type2,1
s0-c2-470,CAM-2,2,FTJ8343,TX,TEMP,VTJ8343,TX,TEMP,0.652471,0.725542,0.751805,0.800000,0.800000,0.800000,review,review,correct,0
s0-c2-471,CAM-2,2,PON3709,CA,GOV,PON3709,CA,GOV,0.827645,0.594418,0.755996,0.800000,0.800000,0.800000,review,review,type2,1
s0-c2-472,CAM-2,2,BKF8926,AZ,PASSENGER,BKF8926,AZ,TEMP,0.864324,0.741868,0.668898,0.800000,0.800000,0.800000,review,review,correct,0
s0-c2-473,CAM-2,2,PIE1098,CA,PASSENGER,PIE1098,CA,PASSENGER,0.677632,0.496193,0.661800,0.800000,0.800000,0.800000,review,review,type2,1
s0-c2-474,CAM-2,2,SNY9348,NV,TRAILER,SNY9348,NV,TRAILER,0.586808,0.808270,0.730957,0.800000,0.800000,0.800000,review,review,type2,1
s0-c2-475,CAM-2,2,NCW1465,NV,GOV,NCW1465,NV,GOV,0.671074,0.741005,0.605364,0.800000,0.800000,0.800000,review,review,type2,1
s0-c2-476,CAM-2,2,OAG0070,OK,TRAILER,OAG0070,CO,TEMP,0.809564,0.526688,0.729376,0.800000,0.800000,0.800000,review,review,correct,0
s0-c2-477,CAM-2,2,WCX7631,NM,GOV,WCX7631,FL,PASSENGER,0.874774,0.867171,0.411771,0.800000,0.800000,0.800000,review,review,correct,0
s0-c2-478,CAM-2,2,QTP3234,NM,TEMP,QTP3234,CA,TEMP,0.398209,0.667124,0.665905,0.800000,0.800000,0.800000,review,review,correct,0
s0-c2-479,CAM-2,2,KPA2855,CA,COMMERCIAL,KPA2855,CA,COMMERCIAL,0.729019,0.795440,0.715375,0.800000,0.800000,0.800000,review,review,type2,1
s0-c2-480,CAM-2,2,CML9198,CO,TRAILER,CML9198,CO,PASSENGER,0.686628,0.663418,0.859740,0.800000,0.800000,0.800000,review,review,correct,0
s0-c2-481,CAM-2,2,DPK8952,TX,COMMERCIAL,DPK8952,CA,COMMERCIAL,0.967107,0.310482,0.414538,0.800000,0.800000,0.800000,review,review,correct,0
s0-c2-482,CAM-2,2,TZR6646,TX,TRAILER,TZR6646,TX,TEMP,0.859198,0.653451,0.243563,0.800000,0.800000,0.800000,review,review,correct,0
s0-c2-483,CAM-2,2,YGZ3134,CO,PASSENGER,YGZ3O34,CO,PASSENGER,0.588159,0.852551,0.479536,0.800000,0.800000,0.800000,review,review,correct,0
s0-c2-484,CAM-2,2,PQK1530,CO,GOV,PQK1530,CO,TEMP,0.745790,0.889000,0.659361,0.800000,0.800000,0.800000,review,review,correct,0
s0-c2-485,CAM-2,2,QPK3053,TX,TEMP,QPK3053,TX,GOV,0.778647,0.706525,0.541662,0.800000,0.800000,0.800000,review,review,correct,0
s0-c2-486,CAM-2,2,CUW8346,NM,COMMERCIAL,CUWQ346,NM,GOV,0.570581,0.893185,0.592127,0.800000,0.800000,0.800000,review,review,correct,0
s0-c2-487,CAM-2,2,HUE2971,AZ,TEMP,OUE2971,AZ,TEMP,0.905504,0.781056,0.670854,0.800000,0.800000,0.800000,review,review,correct,0
s0-c2-488,CAM-2,2,QUU7304,OK,COMMERCIAL,QUU7304,OK,TRAILER,0.828384,0.784572,0.795868,0.800000,0.800000,0.800000,review,review,correct,0
s0-c2-489,CAM-2,2,LFY8643,NM,TEMP,LFY8643,NM,PASSENGER,0.984860,0.472402,0.616902,0.800000,0.800000,0.800000,review,review,correct,0
s0-c2-490,CAM-2,2,WQJ6449,FL,GOV,WQJ6449,AZ,GOV,0.731877,0.769750,0.731574,0.800000,0.800000,0.800000,review,review,correct,0
s0-c2-491,CAM-2,2,OTH6875,NV,TRAILER,OTH9875,NV,TRAILER,0.628789,0.775140,0.718277,0.800000,0.800000,0.800000,review,review,correct,0
s0-c2-492,CAM-2,2,NWO7313,CO,TEMP,NWO7313,CA,TEMP,0.620086,0.687050,0.910309,0.800000,0.800000,0.800000,review,review,correct,0
s0-c2-493,CAM-2,2,PYL7514,OK,PASSENGER,PYL7514,NM,COMMERCIAL,0.885641,0.694993,0.462680,0.800000,0.800000,0.800000,review,review,correct,0
s0-c2-494,CAM-2,2,LNJ8724,CA,TEMP,LNJY724,CA,TEMP,0.702058,0.576287,0.519898,0.800000,0.800000,0.800000,review,review,correct,0
s0-c2-495,CAM-2,2,AMX5930,CA,TEMP,AMX5930,CA,COMMERCIAL,0.567588,0.829369,0.653063,0.800000,0.800000,0.800000,review,review,correct,0
s0-c2-496,CAM-2,2,ZLM7815,FL,GOV,ZLMK815,FL,GOV,0.414172,0.895026,0.624662,0.800000,0.800000,0.800000,review,review,correct,0
s0-c2-497,CAM-2,2,KGR0926,CA,COMMERCIAL,KGR0926,CA,COMMERCIAL,0.832985,0.880671,0.692133,0.800000,0.800000,0.800000,review,review,type2,1
s0-c2-498,CAM-2,2,CMA2233,FL,TEMP,CMA2233,FL,TEMP,0.819425,0.773033,0.433329,0.800000,0.800000,0.800000,review,review,type2,1
s0-c2-499,CAM-2,2,EWV6459,FL,TEMP,EWV6459,FL,TEMP,0.779968,0.725876,0.851822,0.800000,0.800000,0.800000,review,review,type2,1
s0-c2-500,CAM-2,2,LEN3250,FL,GOV,LEN3250,FL,COMMERCIAL,0.738231,0.855274,0.675210,0.800000,0.800000,0.800000,review,review,correct,0
s0-c2-501,CAM-2,2,TVW3907,OK,TEMP,TVW3907,OK,TEMP,0.763958,0.778124,0.479188,0.800000,0.800000,0.800000,review,review,type2,1
s0-c2-502,CAM-2,2,NHG9175,NM,TRAILER,NHG9175,NM,TRAILER,0.772754,0.837890,0.593486,0.800000,0.800000,0.800000,review,review,type2,1
s0-c2-503,CAM-2,2,PGS6296,TX,TRAILER,PGS6296,TX,TRAILER,0.919532,0.586582,0.865001,0.800000,0.800000,0.800000,review,review,type2,1
s0-c2-504,CAM-2,2,FHU4578,NV,GOV,FHU4578,FL,GOV,0.556756,0.609760,0.726655,0.800000,0.800000,0.800000,review,review,correct,0
s0-c2-505,CAM-2,2,NED1567,CA,GOV,NED1567,CA,GOV,0.552848,0.816990,0.736517,0.800000,0.800000,0.800000,review,review,type2,1
s0-c2-506,CAM-2,2,TIZ0800,TX,TRAILER,TIZ0808,OK,COMMERCIAL,0.627046,0.551782,0.343472,0.800000,0.800000,0.800000,review,review,correct,0
s0-c2-507,CAM-2,2,LTX4177,CA,TRAILER,LTX4177,CO,TRAILER,0.657263,0.539498,0.674991,0.800000,0.800000,0.800000,review,review,correct,0
s0-c2-508,CAM-2,2,OXJ3301,CO,GOV,OXJ3301,CO,GOV,0.775217,0.390076,0.735217,0.800000,0.800000,0.800000,review,review,type2,1
s0-c2-509,CAM-2,2,CET3125,AZ,GOV,CET3125,AZ,GOV,0.933329,0.624739,0.715131,0.800000,0.800000,0.800000,review,review,type2,1
s0-c2-510,CAM-2,2,VOB4104,OK,TEMP,VOB4104,OK,TEMP,0.625709,0.460086,0.894476,0.800000,0.800000,0.800000,review,review,type2,1
s0-c2-511,CAM-2,2,UET5487,CO,COMMERCIAL,UET5487,CO,COMMERCIAL,0.467204,0.785454,0.908955,0.800000,0.800000,0.800000,review,review,type2,1
s0-c2-512,CAM-2,2,KHG5627,OK,TRAILER,KHG5U27,OK,TRAILER,0.843366,0.670168,0.410944,0.800000,0.800000,0.800000,review,review,correct,0
s0-c2-513,CAM-2,2,MCA9271,TX,COMMERCIAL,MCA9R71,TX,COMMERCIAL,0.836130,0.822678,0.878867,0.800000,0.800000,0.800000,auto_clear,none,,0
s0-c2-514,CAM-2,2,YBB9609,NM,TEMP,YBB96C9,AZ,TRAILER,0.611071,0.489176,0.669548,0.800000,0.800000,0.800000,review,review,correct,0
s0-c2-515,CAM-2,2,ROB0792,TX,GOV,ROB0792,OK,GOV,0.622712,0.380544,0.395003,0.800000,0.800000,0.800000,review,review,correct,0
s0-c2-516,CAM-2,2,XPO3342,CO,TEMP,8PO3342,TX,TEMP,0.374681,0.788768,0.744758,0.800000,0.800000,0.800000,review,review,correct,0
s0-c2-517,CAM-2,2,EWS5521,NM,GOV,EWY5521,NM,GOV,0.566641,0.516621,0.699230,0.800000,0.800000,0.800000,review,review,correct,0
s0-c2-518,CAM-2,2,HEH7009,NV,COMMERCIAL,HEH7009,AZ,COMMERCIAL,0.546184,0.732271,0.746870,0.800000,0.800000,0.800000,review,review,correct,0
s0-c2-519,CAM-2,2,WQQ9377,FL,TEMP,WQQ9377,FL,TEMP,0.834866,0.920790,0.886839,0.800000,0.800000,0.800000,auto_clear,none,,1
s0-c2-520,CAM-2,2,PFI2932,TX,TEMP,PFI2932,TX,TEMP,0.780140,0.785527,0.600081,0.800000,0.800000,0.800000,review,review,type2,1
s0-c2-521,CAM-2,2,HUB4996,OK,GOV,HUB4996,OK,PASSENGER,0.918481,0.797032,0.488204,0.800000,0.800000,0.800000,review,review,correct,0
s0-c2-522,CAM-2,2,UWH2637,CA,PASSENGER,UWH2637,CO,PASSENGER,0.706659,0.669805,0.497139,0.800000,0.800000,0.800000,review,review,correct,0
s0-c2-523,CAM-2,2,DUY9428,NM,TEMP,DUY9428,CA,TEMP,0.689406,0.794348,0.681231,0.800000,0.800000,0.800000,review,review,correct,0
s0-c2-524,CAM-2,2,GHK4346,OK,GOV,GHK4346,OK,GOV,0.672839,0.802360,0.700718,0.800000,0.800000,0.800000,review,review,type2,1
s0-c2-525,CAM-2,2,VGO4488,TX,PASSENGER,VGO4288,TX,PASSENGER,0.810381,0.872762,0.523980,0.800000,0.800000,0.800000,review,review,correct,0
s0-c2-526,CAM-2,2,WCY3548,OK,TRAILER,WCY3548,OK,TRAILER,0.644891,0.583615,0.773526,0.800000,0.800000,0.800000,review,review,type2,1
s0-c2-527,CAM-2,2,SSB0464,OK,COMMERCIAL,SSB0464,OK,TEMP,0.706298,0.840708,0.736356,0.800000,0.800000,0.800000,review,review,correct,0
s0-c2-528,CAM-2,2,VZR7638,TX,TRAILER,VZR7638,TX,TRAILER,0.899042,0.937737,0.945880,0.800000,0.800000,0.800000,auto_clear,none,,1
s0-c2-529,CAM-2,2,PRE1135,NV,PASSENGER,PRE1135,NV,GOV,0.856893,0.778945,0.754416,0.800000,0.800000,0.800000,review,review,correct,0
s0-c2-530,CAM-2,2,LAD6836,FL,COMMERCIAL,LAD6836,FL,COMMERCIAL,0.690750,0.815191,0.909701,0.800000,0.800000,0.800000,review,review,type2,1
s0-c2-531,CAM-2,2,JXU0552,AZ,TRAILER,JXU0552,CA,TRAILER,0.633358,0.590538,0.610412,0.800000,0.800000,0.800000,review,review,correct,0
s0-c2-532,CAM-2,2,MZS8146,NV,TRAILER,MZS8146,NV,PASSENGER,0.577332,0.810291,0.597225,0.800000,0.800000,0.800000,review,review,correct,0
s0-c2-533,CAM-2,2,QLN8363,CO,TEMP,QLN8363,CO,TEMP,0.696023,0.559593,0.818505,0.800000,0.800000,0.800000,review,review,type2,1
s0-c2-534,CAM-2,2,VES4774,CO,COMMERCIAL,VES4774,AZ,COMMERCIAL,0.699214,0.828148,0.682732,0.800000,0.800000,0.800000,review,review,correct,0
s0-c2-535,CAM-2,2,VXZ2160,OK,TEMP,VXZ2160,CO,TEMP,0.654547,0.536414,0.901444,0.800000,0.800000,0.800000,review,review,correct,0
s0-c2-536,CAM-2,2,ZIA5230,CO,TRAILER,ZIA5230,AZ,GOV,0.950836,0.704813,0.373294,0.800000,0.800000,0.800000,review,review,correct,0
s0-c2-537,CAM-2,2,HGW0217,NM,GOV,HGW0217,CA,PASSENGER,0.844626,0.402958,0.534371,0.800000,0.800000,0.800000,review,review,correct,0
s0-c2-538,CAM-2,2,UAZ3082,AZ,GOV,UAZ308K,FL,GOV,0.735189,0.715623,0.828152,0.800000,0.800000,0.800000,review,review,correct,0
s0-c2-539,CAM-2,2,JQZ3972,NV,TEMP,JQZ3972,CO,TEMP,0.752903,0.555372,0.749194,0.800000,0.800000,0.800000,review,review,correct,0
s0-c2-540,CAM-2,2,JXH0271,CO,TRAILER,JXH0271,NV,TRAILER,0.485232,0.406086,0.922639,0.800000,0.800000,0.800000,review,review,correct,0
s0-c2-541,CAM-2,2,OLO9687,CO,PASSENGER,OLO96S7,CO,TEMP,0.403537,0.895834,0.618848,0.800000,0.800000,0.800000,review,review,correct,0
s0-c2-542,CAM-2,2,IYO2773,CA,TEMP,IYJ2773,CA,TEMP,0.783553,0.712957,0.860710,0.800000,0.800000,0.800000,review,review,correct,0
s0-c2-543,CAM-2,2,YDD9847,TX,GOV,YDD98X7,TX,GOV,0.523441,0.660457,0.809494,0.800000,0.800000,0.800000,review,review,correct,0
s0-c2-544,CAM-2,2,HFT3195,NV,TRAILER,HFT319U,NV,TRAILER,0.798812,0.419587,0.585959,0.800000,0.800000,0.800000,review,review,correct,0
s0-c2-545,CAM-2,2,TZZ4070,OK,TEMP,TZZ4070,OK,COMMERCIAL,0.975256,0.845761,0.423403,0.800000,0.800000,0.800000,review,review,correct,0
s0-c2-546,CAM-2,2,HHP1741,CA,TEMP,HHT1741,CA,TEMP,0.864990,0.691141,0.909289,0.800000,0.800000,0.800000,review,review,correct,0
s0-c2-547,CAM-2,2,CEB0531,CA,COMMERCIAL,CEB0531,CA,COMMERCIAL,0.827818,0.920500,0.794072,0.800000,0.800000,0.800000,review,review,type2,1
s0-c2-548,CAM-2,2,USE6902,FL,PASSENGER,USE6902,FL,PASSENGER,0.474148,0.818641,0.448682,0.800000,0.800000,0.800000,review,review,type2,1
s0-c2-549,CAM-2,2,POL4884,CA,TRAILER,7OL4884,CA,TRAILER,0.511486,0.600988,0.691804,0.800000,0.800000,0.800000,review,review,correct,0
s0-c2-550,CAM-2,2,YXW4298,OK,TRAILER,YXW4298,OK,TRAILER,0.619938,0.650716,0.400735,0.800000,0.800000,0.800000,review,review,type2,1
s0-c2-551,CAM-2,2,ARJ6533,FL,PASSENGER,ARJ6533,OK,PASSENGER,0.321714,0.220407,0.797375,0.800000,0.800000,0.800000,review,review,correct,0
s0-c2-552,CAM-2,2,AZP7835,NV,GOV,AZP7B35,NM,GOV,0.646990,0.807186,0.553954,0.800000,0.800000,0.800000,review,review,correct,0
s0-c2-553,CAM-2,2,PTJ7659,NM,TEMP,PTJ7659,CA,TEMP,0.778559,0.527090,0.787844,0.800000,0.800000,0.800000,review,review,correct,0
s0-c2-554,CAM-2,2,EBM1614,TX,TEMP,EBM1614,OK,TEMP,0.718084,0.472309,0.681494,0.800000,0.800000,0.800000,review,review,correct,0
s0-c2-555,CAM-2,2,OAL4257,NM,TRAILER,TAL4257,CO,TRAILER,0.726779,0.635614,0.813690,0.800000,0.800000,0.800000,review,review,correct,0
s0-c2-556,CAM-2,2,CLN7455,NM,GOV,CLN7455,NM,GOV,0.803207,0.386240,0.559901,0.800000,0.800000,0.800000,review,review,type2,1
s0-c2-557,CAM-2,2,YBZ8993,NV,PASSENGER,YBZ8993,OK,PASSENGER,0.708215,0.623915,0.563208,0.800000,0.800000,0.800000,review,review,correct,0
s0-c2-558,CAM-2,2,MQT2654,TX,COMMERCIAL,MQT2654,TX,COMMERCIAL,0.409967,0.502021,0.579815,0.800000,0.800000,0.800000,review,review,type2,1
s0-c2-559,CAM-2,2,VSU3639,NM,PASSENGER,VSU3639,FL,COMMERCIAL,0.643690,0.847261,0.153224,0.800000,0.800000,0.800000,review,review,correct,0
s0-c2-560,CAM-2,2,VIS1601,TX,PASSENGER,VIS1601,TX,TRAILER,0.780418,0.961023,0.604162,0.800000,0.800000,0.800000,review,review,correct,0
s0-c2-561,CAM-2,2,USV1595,CO,GOV,USV1595,CO,PASSENGER,0.583434,0.862681,0.769519,0.800000,0.800000,0.800000,review,review,correct,0
s0-c2-562,CAM-2,2,ZXL9788,CO,TEMP,ZXL9788,FL,TEMP,0.781673,0.416464,0.744444,0.800000,0.800000,0.800000,review,review,correct,0
s0-c2-563,CAM-2,2,ZYR0583,OK,PASSENGER,ZYR0583,OK,PASSENGER,0.517159,0.438440,0.453784,0.800000,0.800000,0.800000,review,review,type2,1
s0-c2-564,CAM-2,2,ETJ8743,FL,PASSENGER,ETJ8Q43,FL,TRAILER,0.543567,0.719902,0.289801,0.800000,0.800000,0.800000,review,review,correct,0
s0-c2-565,CAM-2,2,NDZ3707,AZ,GOV,N2Z3707,AZ,GOV,0.749994,0.710841,0.419325,0.800000,0.800000,0.800000,review,review,correct,0
s0-c2-566,CAM-2,2,GRV2443,OK,TRAILER,GRV2443,OK,TRAILER,0.896805,0.639111,0.809673,0.800000,0.800000,0.800000,review,review,type2,1
s0-c2-567,CAM-2,2,SQX8904,FL,PASSENGER,SQX8904,FL,PASSENGER,0.861503,0.817670,0.825947,0.800000,0.800000,0.800000,auto_clear,none,,1
s0-c2-568,CAM-2,2,IMF4794,OK,PASSENGER,IMF4794,OK,PASSENGER,0.801841,0.542378,0.775992,0.800000,0.800000,0.800000,review,review,type2,1
s0-c2-569,CAM-2,2,SAS4805,CA,TEMP,SAS480J,FL,TEMP,0.451409,0.848671,0.628111,0.800000,0.800000,0.800000,review,review,correct,0
s0-c2-570,CAM-2,2,UAI6030,OK,GOV,UAI6030,CO,GOV,0.809193,0.521430,0.408919,0.800000,0.800000,0.800000,review,review,correct,0
s0-c2-571,CAM-2,2,IWV1834,TX,PASSENGER,IWV1W34,TX,PASSENGER,0.438068,0.858076,0.353934,0.800000,0.800000,0.800000,review,review,correct,0
s0-c2-572,CAM-2,2,UYL0981,AZ,GOV,UYL0981,AZ,GOV,0.761460,0.603426,0.667077,0.800000,0.800000,0.800000,review,review,type2,1
s0-c2-573,CAM-2,2,TDB0034,TX,COMMERCIAL,TDB0034,TX,TRAILER,0.562855,0.767089,0.545494,0.800000,0.800000,0.800000,review,review,correct,0
s0-c2-574,CAM-2,2,SBJ3522,NM,GOV,SBJV522,CO,GOV,0.696222,0.601440,0.917810,0.800000,0.800000,0.800000,review,review,correct,0
s0-c2-575,CAM-2,2,KGJ9574,FL,PASSENGER,KGJ9574,FL,PASSENGER,0.950656,0.625623,0.689318,0.800000,0.800000,0.800000,review,review,type2,1
s0-c2-576,CAM-2,2,EUY1269,CO,PASSENGER,EUY1269,CA,GOV,0.733448,0.612296,0.380327,0.800000,0.800000,0.800000,review,review,correct,0
s0-c2-577,CAM-2,2,YUY3146,NV,COMMERCIAL,YUY3146,FL,PASSENGER,0.986143,0.627912,0.707573,0.800000,0.800000,0.800000,review,review,correct,0
s0-c2-578,CAM-2,2,CFE0946,CA,GOV,CFE0946,CA,GOV,0.887802,0.898947,0.694156,0.800000,0.800000,0.800000,review,review,type2,1
s0-c2-579,CAM-2,2,CIU4317,CA,TEMP,8IU4317,FL,PASSENGER,0.579465,0.333907,0.412861,0.800000,0.800000,0.800000,review,review,correct,0
s0-c2-580,CAM-2,2,SHI8563,NV,TRAILER,SMI8563,NV,TRAILER,0.506840,0.655074,0.667257,0.800000,0.800000,0.800000,review,review,correct,0
s0-c2-581,CAM-2,2,IWI6628,OK,TEMP,IWI6628,FL,TEMP,0.806795,0.814192,0.917051,0.800000,0.800000,0.800000,auto_clear,none,,0
s0-c2-582,CAM-2,2,NDM6879,NV,PASSENGER,NDM6879,NV,COMMERCIAL,0.759178,0.736782,0.781096,0.800000,0.800000,0.800000,review,review,correct,0
s0-c2-583,CAM-2,2,AQN2833,CO,TEMP,AQN2833,CO,TEMP,0.896442,0.792707,0.616439,0.800000,0.800000,0.800000,review,review,type2,1
s0-c2-584,CAM-2,2,NVU0939,CO,TRAILER,NVUA939,CO,COMMERCIAL,0.416544,0.761460,0.565445,0.800000,0.800000,0.800000,review,review,correct,0
s0-c2-585,CAM-2,2,BQR3282,CO,TEMP,BQ03282,CO,GOV,0.743514,0.823333,0.757495,0.800000,0.800000,0.800000,review,review,correct,0
s0-c2-586,CAM-2,2,GKE8905,CA,COMMERCIAL,GKE8905,CA,COMMERCIAL,0.788570,0.437660,0.874078,0.800000,0.800000,0.800000,review,review,type2,1
s0-c2-587,CAM-2,2,JYU5844,TX,COMMERCIAL,JYF5844,TX,COMMERCIAL,0.862619,0.740064,0.748382,0.800000,0.800000,0.800000,review,review,correct,0
s0-c2-588,CAM-2,2,SKF8873,CO,GOV,SKF8873,CA,GOV,0.543372,0.681938,0.127807,0.800000,0.800000,0.800000,review,review,correct,0
s0-c2-589,CAM-2,2,PNH0345,AZ,TRAILER,PN20345,AZ,GOV,0.428219,0.631919,0.850555,0.800000,0.800000,0.800000,review,review,correct,0
s0-c2-590,CAM-2,2,BHL9441,OK,PASSENGER,BHL9441,OK,PASSENGER,0.665906,0.890569,0.842535,0.800000,0.800000,0.800000,review,review,type2,1
s0-c2-591,CAM-2,2,RVA1931,TX,TEMP,LVA1931,CA,GOV,0.797310,0.739398,0.325320,0.800000,0.800000,0.800000,review,review,correct,0
s0-c2-592,CAM-2,2,MBJ3471,OK,COMMERCIAL,MBJ3471,NV,COMMERCIAL,0.720537,0.559875,0.703687,0.800000,0.800000,0.800000,review,review,correct,0
s0-c2-593,CAM-2,2,OAA0467,NM,GOV,OAA6467,NV,GOV,0.874945,0.591081,0.618484,0.800000,0.800000,0.800000,review,review,correct,0
s0-c2-594,CAM-2,2,FSX8383,CO,TRAILER,FSX8383,CO,PASSENGER,0.855263,0.630369,0.370392,0.800000,0.800000,0.800000,review,review,correct,0
s0-c2-595,CAM-2,2,VZW8367,AZ,COMMERCIAL,VZW8367,AZ,GOV,0.881335,0.466167,0.531372,0.800000,0.800000,0.800000,review,review,correct,0
s0-c2-596,CAM-2,2,RTZ9555,NM,TEMP,RTZ9575,NM,GOV,0.487038,0.610063,0.305072,0.800000,0.800000,0.800000,review,review,correct,0
s0-c2-597,CAM-2,2,PRQ2372,FL,TEMP,PRQ2322,FL,COMMERCIAL,0.492580,0.596007,0.622105,0.800000,0.800000,0.800000,review,review,correct,0
s0-c2-598,CAM-2,2,RRT1879,NM,GOV,RRT1879,NM,GOV,0.850834,0.922220,0.640007,0.800000,0.800000,0.800000,review,review,type2,1
s0-c2-599,CAM-2,2,FLO7266,CA,TEMP,FLO7266,CA,PASSENGER,0.686073,0.519263,0.465543,0.800000,0.800000,0.800000,review,review,correct,0
s0-c2-600,CAM-2,2,AYN7026,CA,COMMERCIAL,AYN7026,CA,COMMERCIAL,0.907492,0.859810,0.426930,0.800000,0.800000,0.800000,review,review,type2,1
s0-c2-601,CAM-2,2,UMO3566,AZ,COMMERCIAL,UMO3566,AZ,COMMERCIAL,0.600805,0.742155,0.757085,0.800000,0.800000,0.800000,review,review,type2,1
s0-c2-602,CAM-2,2,QDV0281,CA,PASSENGER,QDV028H,CA,PASSENGER,0.457745,0.532586,0.835689,0.800000,0.800000,0.800000,review,review,correct,0
s0-c2-603,CAM-2,2,KDE2786,TX,COMMERCIAL,KDE2786,TX,COMMERCIAL,0.932626,0.734982,0.594680,0.800000,0.800000,0.800000,review,review,type2,1
s0-c2-604,CAM-2,2,FHK8912,AZ,TRAILER,FHK8912,FL,PASSENGER,0.819335,0.385313,0.632162,0.800000,0.800000,0.800000,review,review,correct,0
s0-c2-605,CAM-2,2,XEW0812,NM,TRAILER,XEW0812,NM,TEMP,0.430684,0.748579,0.495375,0.800000,0.800000,0.800000,review,review,correct,0
s0-c2-606,CAM-2,2,OTJ5602,NV,GOV,OTJ5602,NV,GOV,0.861255,0.813445,0.704334,0.800000,0.800000,0.800000,review,review,type2,1
s0-c2-607,CAM-2,2,GAK1994,CO,GOV,GAH1994,CO,PASSENGER,0.462399,0.902484,0.747425,0.800000,0.800000,0.800000,review,review,correct,0
s0-c2-608,CAM-2,2,OZV5914,NV,GOV,OZV5914,NV,GOV,0.884943,0.850138,0.662273,0.800000,0.800000,0.800000,review,review,type2,1
s0-c2-609,CAM-2,2,HMN2433,NV,TRAILER,HMN2433,NV,GOV,0.819089,0.849595,0.756951,0.800000,0.800000,0.800000,review,review,correct,0
s0-c2-610,CAM-2,2,IOC5437,OK,TRAILER,IOC5437,OK,TRAILER,0.949867,0.757376,0.573294,0.800000,0.800000,0.800000,review,review,type2,1
s0-c2-611,CAM-2,2,QSZ0026,FL,COMMERCIAL,QSZ0026,NV,COMMERCIAL,0.564469,0.706955,0.526956,0.800000,0.800000,0.800000,review,review,correct,0
s0-c2-612,CAM-2,2,CCN7920,CO,COMMERCIAL,QCN7920,FL,COMMERCIAL,0.560922,0.435143,0.726253,0.800000,0.800000,0.800000,review,review,correct,0
s0-c2-613,CAM-2,2,OLY3445,TX,TEMP,OLY3445,TX,TEMP,0.547980,0.495124,0.704455,0.800000,0.800000,0.800000,review,review,type2,1
s0-c2-614,CAM-2,2,UBZ0076,NM,PASSENGER,UBZ0076,CA,PASSENGER,0.663995,0.526735,0.638025,0.800000,0.800000,0.800000,review,review,correct,0
s0-c2-615,CAM-2,2,VWY6852,TX,TEMP,VWG6852,FL,COMMERCIAL,0.567883,0.332036,0.555073,0.800000,0.800000,0.800000,review,review,correct,0
s0-c2-616,CAM-2,2,RFB7044,CA,TRAILER,RFB7044,CA,COMMERCIAL,0.316700,0.701372,0.846538,0.800000,0.800000,0.800000,review,review,correct,0
s0-c2-617,CAM-2,2,KDN7899,CO,GOV,KDN7899,CO,GOV,0.726613,0.716614,0.650939,0.800000,0.800000,0.800000,review,review,type2,1
s0-c2-618,CAM-2,2,ZMU4028,OK,GOV,JMU4028,NV,TRAILER,0.743893,0.660897,0.561592,0.800000,0.800000,0.800000,review,review,correct,0
s0-c2-619,CAM-2,2,ITU0297,NM,COMMERCIAL,ITU0297,CO,GOV,0.864094,0.675571,0.847706,0.800000,0.800000,0.800000,review,review,correct,0
s0-c2-620,CAM-2,2,EHA1989,AZ,GOV,EHA1989,AZ,GOV,0.782597,0.773199,0.660806,0.800000,0.800000,0.800000,review,review,type2,1
s0-c2-621,CAM-2,2,ZTD6482,TX,GOV,ZTD6482,TX,PASSENGER,0.912406,0.753366,0.843017,0.800000,0.800000,0.800000,review,review,correct,0
s0-c2-622,CAM-2,2,TUX0359,FL,PASSENGER,TUX0359,FL,PASSENGER,0.594429,0.766660,0.678698,0.800000,0.800000,0.800000,review,review,type2,1
s0-c2-623,CAM-2,2,WTY1575,NV,GOV,WTY1575,NV,GOV,0.551146,0.660822,0.836718,0.800000,0.800000,0.800000,review,review,type2,1
s0-c2-624,CAM-2,2,BGA4443,CO,PASSENGER,BGA4443,CO,PASSENGER,0.736667,0.794235,0.847020,0.800000,0.800000,0.800000,review,review,type2,1
s0-c2-625,CAM-2,2,LLR0897,OK,TEMP,LLR0897,OK,TEMP,0.845721,0.847848,0.834093,0.800000,0.800000,0.800000,auto_clear,none,,1
s0-c2-626,CAM-2,2,GQS2117,AZ,TRAILER,GQS2117,AZ,TRAILER,0.645136,0.872471,0.922799,0.800000,0.800000,0.800000,review,review,type2,1
s0-c2-627,CAM-2,2,LUB7209,OK,TEMP,LUB7209,OK,TRAILER,0.933078,0.591317,0.324319,0.800000,0.800000,0.800000,review,review,correct,0
s0-c2-628,CAM-2,2,DWQ8949,OK,TRAILER,DVQ8949,TX,PASSENGER,0.448941,0.664529,0.881799,0.800000,0.800000,0.800000,review,review,correct,0
s0-c2-629,CAM-2,2,ARV9385,CA,COMMERCIAL,ARV938W,CA,COMMERCIAL,0.778114,0.784535,0.745078,0.800000,0.800000,0.800000,review,review,correct,0
s0-c2-630,CAM-2,2,WKR0269,AZ,GOV,WKR0269,CA,GOV,0.691091,0.311935,0.740822,0.800000,0.800000,0.800000,review,review,correct,0
s0-c2-631,CAM-2,2,PCA5172,CO,GOV,PCA5170,CA,TEMP,0.394078,0.635433,0.737247,0.800000,0.800000,0.800000,review,review,correct,0
s0-c2-632,CAM-2,2,VDJ0203,NM,GOV,VDJ0203,CO,TEMP,0.694700,0.581389,0.538634,0.800000,0.800000,0.800000,review,review,correct,0
s0-c2-633,CAM-2,2,MVC3697,OK,COMMERCIAL,MVC3697,OK,COMMERCIAL,0.868922,0.538472,0.878998,0.800000,0.800000,0.800000,review,review,type2,1
s0-c2-634,CAM-2,2,CQO7756,CO,PASSENGER,CQO7756,CO,PASSENGER,0.858296,0.679819,0.750611,0.800000,0.800000,0.800000,review,review,type2,1
s0-c2-635,CAM-2,2,FBY2518,AZ,COMMERCIAL,FBY2515,AZ,GOV,0.612554,0.532196,0.703934,0.800000,0.800000,0.800000,review,review,correct,0
s0-c2-636,CAM-2,2,WSN8799,FL,GOV,WSN8799,TX,PASSENGER,0.718311,0.573871,0.500865,0.800000,0.800000,0.800000,review,review,correct,0
s0-c2-637,CAM-2,2,VWM1752,NV,COMMERCIAL,VWM1752,FL,TEMP,0.323003,0.182078,0.165190,0.800000,0.800000,0.800000,review,review,correct,0
s0-c2-638,CAM-2,2,XFC5131,NM,GOV,XFC5131,CA,GOV,0.931115,0.350843,0.921874,0.800000,0.800000,0.800000,review,review,correct,0
s0-c2-639,CAM-2,2,UUL5866,FL,GOV,UUL5866,FL,GOV,0.877127,0.713025,0.678137,0.800000,0.800000,0.800000,review,review,type2,1
s0-c2-640,CAM-2,2,NKJ2977,NV,PASSENGER,NKJ2077,NV,PASSENGER,0.575670,0.559209,0.615258,0.800000,0.800000,0.800000,review,review,correct,0
s0-c2-641,CAM-2,2,XQI7293,TX,GOV,XQI7293,NM,GOV,0.621086,0.802614,0.513741,0.800000,0.800000,0.800000,review,review,correct,0
s0-c2-642,CAM-2,2,OIO1489,TX,GOV,OIO1489,TX,GOV,0.719467,0.728773,0.824776,0.800000,0.800000,0.800000,review,review,type2,1
s0-c2-643,CAM-2,2,SIS6317,NV,TEMP,SIS6317,CA,TEMP,0.951492,0.665201,0.674523,0.800000,0.800000,0.800000,review,review,correct,0
s0-c2-644,CAM-2,2,CDT3129,NV,GOV,CDT3129,NV,GOV,0.859596,0.541487,0.863842,0.800000,0.800000,0.800000,review,review,type2,1
s0-c2-645,CAM-2,2,BVX7292,AZ,TRAILER,B3X7292,OK,PASSENGER,0.639010,0.492067,0.805961,0.800000,0.800000,0.800000,review,review,correct,0
s0-c2-646,CAM-2,2,RDJ9581,FL,TEMP,RDJ9581,OK,TEMP,0.605558,0.654406,0.792498,0.800000,0.800000,0.800000,review,review,correct,0
s0-c2-647,CAM-2,2,XHJ4814,NV,TRAILER,XHJ4814,NV,TRAILER,0.532589,0.784832,0.486444,0.800000,0.800000,0.800000,review,review,type2,1
s0-c2-648,CAM-2,2,IBU6125,CO,PASSENGER,IBU6122,CO,PASSENGER,0.660800,0.745979,0.916237,0.800000,0.800000,0.800000,review,review,correct,0
s0-c2-649,CAM-2,2,RIS7003,TX,TEMP,RIS7003,TX,TEMP,0.628777,0.646764,0.351355,0.800000,0.800000,0.800000,review,review,type2,1
s0-c2-650,CAM-2,2,BNI5418,TX,GOV,BNI5418,TX,GOV,0.437561,0.534009,0.690076,0.800000,0.800000,0.800000,review,review,type2,1
s0-c2-651,CAM-2,2,RDX4063,TX,GOV,RRX4063,TX,GOV,0.635673,0.668990,0.556307,0.800000,0.800000,0.800000,review,review,correct,0
s0-c2-652,CAM-2,2,VLM3555,TX,TRAILER,VLM35R5,TX,TRAILER,0.529279,0.499891,0.633244,0.800000,0.800000,0.800000,review,review,correct,0
s0-c2-653,CAM-2,2,VZE9581,TX,PASSENGER,VZE9581,OK,PASSENGER,0.890896,0.677286,0.878255,0.800000,0.800000,0.800000,review,review,correct,0
s0-c2-654,CAM-2,2,VWJ5782,CO,COMMERCIAL,VWJ5782,CO,COMMERCIAL,0.773665,0.854507,0.831171,0.800000,0.800000,0.800000,review,review,type2,1
s0-c2-655,CAM-2,2,NBZ6373,TX,TEMP,NBZ9373,TX,TEMP,0.451146,0.831899,0.685685,0.800000,0.800000,0.800000,review,review,correct,0
s0-c2-656,CAM-2,2,FWM7832,OK,PASSENGER,FWM7836,FL,COMMERCIAL,0.316464,0.784257,0.664953,0.800000,0.800000,0.800000,review,review,correct,0
s0-c2-657,CAM-2,2,CVQ9637,NM,GOV,CVQ9637,TX,GOV,0.893280,0.768247,0.792531,0.800000,0.800000,0.800000,review,review,correct,0
s0-c2-658,CAM-2,2,UYK4284,TX,TEMP,UYK4284,TX,TEMP,0.803355,0.821608,0.543273,0.800000,0.800000,0.800000,review,review,type2,1
s0-c2-659,CAM-2,2,RYJ7263,AZ,TEMP,RYJ7263,FL,TEMP,0.823710,0.579237,0.863424,0.800000,0.800000,0.800000,review,review,correct,0
s0-c2-660,CAM-2,2,CEU6137,CO,TRAILER,CEU6137,CO,COMMERCIAL,0.946175,0.605480,0.499683,0.800000,0.800000,0.800000,review,review,correct,0
s0-c2-661,CAM-2,2,WYW9459,NM,TEMP,WYW9159,NM,TEMP,0.755873,0.602528,0.760716,0.800000,0.800000,0.800000,review,review,correct,0
s0-c2-662,CAM-2,2,RYN8261,FL,GOV,RYN8261,AZ,TEMP,0.547460,0.587689,0.322605,0.800000,0.800000,0.800000,review,review,correct,0
s0-c2-663,CAM-2,2,MBG4425,FL,GOV,MBG442S,FL,TEMP,0.819290,0.625372,0.630958,0.800000,0.800000,0.800000,review,review,correct,0
s0-c2-664,CAM-2,2,VEB1589,OK,TRAILER,VEB1599,OK,TRAILER,0.364711,0.671354,0.771487,0.800000,0.800000,0.800000,review,review,correct,0
s0-c2-665,CAM-2,2,PWR5666,FL,TEMP,PWR5666,AZ,TEMP,0.877406,0.597387,0.799706,0.800000,0.800000,0.800000,review,review,correct,0
s0-c2-666,CAM-2,2,SDO8723,TX,TEMP,SDO8723,AZ,COMMERCIAL,0.484721,0.619895,0.546662,0.800000,0.800000,0.800000,review,review,correct,0
s0-c2-667,CAM-2,2,BQA1273,NM,GOV,BQA1273,NM,PASSENGER,0.612013,0.919031,0.705371,0.800000,0.800000,0.800000,review,review,correct,0
s0-c2-668,CAM-2,2,QTQ7978,FL,TEMP,QTQ7978,FL,TEMP,0.909519,0.604176,0.900178,0.800000,0.800000,0.800000,review,review,type2,1
s0-c2-669,CAM-2,2,PTL1077,AZ,TEMP,PTL2077,AZ,TEMP,0.805487,0.400339,0.738503,0.800000,0.800000,0.800000,review,review,correct,0
s0-c2-670,CAM-2,2,LKH3744,CA,TEMP,LKH3744,CA,TEMP,0.954664,0.801505,0.642322,0.800000,0.800000,0.800000,review,review,type2,1
s0-c2-671,CAM-2,2,IRV2289,CA,TEMP,IRV2289,CA,COMMERCIAL,0.593193,0.628487,0.716935,0.800000,0.800000,0.800000,review,review,correct,0
s0-c2-672,CAM-2,2,UGV4101,FL,TEMP,UGV4104,FL,COMMERCIAL,0.560466,0.864904,0.704669,0.800000,0.800000,0.800000,review,review,correct,0
s0-c2-673,CAM-2,2,PPF2953,CA,PASSENGER,PPF2953,CA,PASSENGER,0.644702,0.919002,0.748219,0.800000,0.800000,0.800000,review,review,type2,1
s0-c2-674,CAM-2,2,BCE2363,CO,TEMP,BCE2V63,CO,TEMP,0.807524,0.863110,0.789310,0.800000,0.800000,0.800000,review,review,correct,0
s0-c2-675,CAM-2,2,LOI8242,NV,TEMP,LOI8242,NV,TEMP,0.475745,0.687930,0.820487,0.800000,0.800000,0.800000,review,review,type2,1
s0-c2-676,CAM-2,2,OGJ5980,NM,COMMERCIAL,OGJ598H,NM,COMMERCIAL,0.745286,0.724229,0.728956,0.800000,0.800000,0.800000,review,review,correct,0
s0-c2-677,CAM-2,2,ZFA0234,CA,GOV,ZFA0234,CA,GOV,0.786853,0.549080,0.886831,0.800000,0.800000,0.800000,review,review,type2,1
s0-c2-678,CAM-2,2,BUA5276,AZ,TRAILER,BUA5276,AZ,TRAILER,0.613958,0.810972,0.785235,0.800000,0.800000,0.800000,review,review,type2,1
s0-c2-679,CAM-2,2,ZZV3739,CO,GOV,ZZV3739,CO,PASSENGER,0.835518,0.757742,0.536068,0.800000,0.800000,0.800000,review,review,correct,0
s0-c2-680,CAM-2,2,JUJ4748,FL,GOV,JUJ47B8,FL,GOV,0.658770,0.784886,0.788549,0.800000,0.800000,0.800000,review,review,correct,0
s0-c2-681,CAM-2,2,LSG4854,CA,PASSENGER,LSG4854,CA,TEMP,0.831714,0.668946,0.554245,0.800000,0.800000,0.800000,review,review,correct,0
s0-c2-682,CAM-2,2,YHO3053,FL,GOV,YHO3053,FL,GOV,0.706765,0.668986,0.775212,0.800000,0.800000,0.800000,review,review,type2,1
s0-c2-683,CAM-2,2,IBC5050,NV,GOV,IBC5050,NM,TEMP,0.719937,0.270114,0.731378,0.800000,0.800000,0.800000,review,review,correct,0
s0-c2-684,CAM-2,2,NTT0270,CA,TEMP,NTT0270,CA,TEMP,0.688981,0.683037,0.725996,0.800000,0.800000,0.800000,review,review,type2,1
s0-c2-685,CAM-2,2,LGP8716,FL,COMMERCIAL,LGP8716,NV,COMMERCIAL,0.484637,0.747657,0.515853,0.800000,0.800000,0.800000,review,review,correct,0
s0-c2-686,CAM-2,2,GHQ1916,FL,PASSENGER,GHQ1916,AZ,PASSENGER,0.767242,0.477962,0.672918,0.800000,0.800000,0.800000,review,review,correct,0
s0-c2-687,CAM-2,2,YKK7163,TX,TRAILER,YKK7163,CA,TRAILER,0.671805,0.604460,0.466767,0.800000,0.800000,0.800000,review,review,correct,0
s0-c2-688,CAM-2,2,DJG0895,OK,TRAILER,DJG0895,TX,TRAILER,0.955590,0.772635,0.622124,0.800000,0.800000,0.800000,review,review,correct,0
s0-c2-689,CAM-2,2,UIN1915,CO,COMMERCIAL,UIN1915,CA,PASSENGER,0.828764,0.477252,0.681731,0.800000,0.800000,0.800000,review,review,correct,0
s0-c2-690,CAM-2,2,EBS5291,CA,TRAILER,EBSX291,NM,TRAILER,0.718232,0.665109,0.586292,0.800000,0.800000,0.800000,review,review,correct,0
s0-c2-691,CAM-2,2,JKH4213,TX,GOV,JWH4213,TX,PASSENGER,0.560324,0.432791,0.468619,0.800000,0.800000,0.800000,review,review,correct,0
s0-c2-692,CAM-2,2,FVR8827,CO,COMMERCIAL,FVR8827,CO,COMMERCIAL,0.935340,0.788374,0.759856,0.800000,0.800000,0.800000,review,review,type2,1
s0-c2-693,CAM-2,2,RKD7585,FL,TEMP,RKD7585,FL,TEMP,0.818254,0.623474,0.672806,0.800000,0.800000,0.800000,review,review,type2,1
s0-c2-694,CAM-2,2,IQH7725,CO,TEMP,IQH7725,CO,TRAILER,0.943613,0.612654,0.758999,0.800000,0.800000,0.800000,review,review,correct,0
s0-c2-695,CAM-2,2,JEH3138,OK,TRAILER,JEH3138,NM,TRAILER,0.990000,0.208462,0.755168,0.800000,0.800000,0.800000,review,review,correct,0
s0-c2-696,CAM-2,2,IRJ4336,FL,TRAILER,IRJ4336,AZ,TRAILER,0.810685,0.801379,0.668492,0.800000,0.800000,0.800000,review,review,correct,0
s0-c2-697,CAM-2,2,CGG5225,FL,TEMP,CGG5225,CA,TEMP,0.402550,0.234458,0.828927,0.800000,0.800000,0.800000,review,review,correct,0
s0-c2-698,CAM-2,2,WMY5758,OK,GOV,TMY5758,OK,GOV,0.784638,0.628049,0.730833,0.800000,0.800000,0.800000,review,review,correct,0
s0-c2-699,CAM-2,2,BUM1019,CA,TEMP,BUM1819,CO,TEMP,0.596944,0.477659,0.537220,0.800000,0.800000,0.800000,review,review,correct,0
s0-c2-700,CAM-2,2,MGC3052,NM,TRAILER,MGC3062,TX,GOV,0.604418,0.551667,0.531992,0.800000,0.800000,0.800000,review,review,correct,0
s0-c2-701,CAM-2,2,WUG6349,CO,GOV,WUG6349,CO,GOV,0.602139,0.928327,0.598487,0.800000,0.800000,0.800000,review,review,type2,1
s0-c2-702,CAM-2,2,TGY3562,NM,PASSENGER,TGY3562,AZ,PASSENGER,0.854290,0.350512,0.757480,0.800000,0.800000,0.800000,review,review,correct,0
s0-c2-703,CAM-2,2,BBJ9978,FL,GOV,BBJ9978,FL,TRAILER,0.691426,0.750149,0.781372,0.800000,0.800000,0.800000,review,review,correct,0
s0-c2-704,CAM-2,2,TFP2148,TX,GOV,TFP2148,TX,GOV,0.930889,0.470345,0.774085,0.800000,0.800000,0.800000,review,review,type2,1
s0-c2-705,CAM-2,2,XIC7607,NM,TEMP,XIC7607,NM,COMMERCIAL,0.547256,0.830365,0.587645,0.800000,0.800000,0.800000,review,review,correct,0
s0-c2-706,CAM-2,2,IGP2521,OK,TRAILER,IGP2521,FL,TRAILER,0.761426,0.636018,0.535265,0.800000,0.800000,0.800000,review,review,correct,0
s0-c2-707,CAM-2,2,OLC5208,NM,GOV,OLC5208,OK,GOV,0.648931,0.434949,0.865087,0.800000,0.800000,0.800000,review,review,correct,0
s0-c2-708,CAM-2,2,VGW5491,TX,COMMERCIAL,VGW5491,TX,TEMP,0.796452,0.885157,0.551457,0.800000,0.800000,0.800000,review,review,correct,0
s0-c2-709,CAM-2,2,AKH8731,FL,COMMERCIAL,AKH8731,FL,COMMERCIAL,0.658632,0.564286,0.713130,0.800000,0.800000,0.800000,review,review,type2,1
s0-c2-710,CAM-2,2,TKY4024,NM,GOV,TKY4024,CA,GOV,0.746198,0.641906,0.802318,0.800000,0.800000,0.800000,review,review,correct,0
s0-c2-711,CAM-2,2,CJU3542,AZ,COMMERCIAL,CJU3542,AZ,COMMERCIAL,0.728350,0.790110,0.566600,0.800000,0.800000,0.800000,review,review,type2,1
s0-c2-712,CAM-2,2,ETS2014,FL,PASSENGER,ETS2014,NV,PASSENGER,0.845612,0.629627,0.535230,0.800000,0.800000,0.800000,review,review,correct,0
s0-c2-713,CAM-2,2,JVH0708,CA,TEMP,JVH0808,CA,TEMP,0.427536,0.718907,0.658007,0.800000,0.800000,0.800000,review,review,correct,0
s0-c2-714,CAM-2,2,WVS8986,OK,GOV,WVS8986,OK,GOV,0.847343,0.403650,0.878145,0.800000,0.800000,0.800000,review,review,type2,1
s0-c2-715,CAM-2,2,CIV7858,NV,PASSENGER,CIV7858,TX,TRAILER,0.830911,0.481657,0.686006,0.800000,0.800000,0.800000,review,review,correct,0
s0-c2-716,CAM-2,2,QPJ2293,OK,PASSENGER,QDJ2293,OK,TEMP,0.506601,0.777999,0.735236,0.800000,0.800000,0.800000,review,review,correct,0
s0-c2-717,CAM-2,2,XGV3228,TX,TRAILER,XGV3228,TX,COMMERCIAL,0.492248,0.829194,0.554426,0.800000,0.800000,0.800000,review,review,correct,0
s0-c2-718,CAM-2,2,WYN0079,NM,COMMERCIAL,WYN0079,NM,COMMERCIAL,0.773686,0.728981,0.891222,0.800000,0.800000,0.800000,review,review,type2,1
s0-c2-719,CAM-2,2,TWG0567,CA,GOV,T6G0567,NM,GOV,0.786702,0.643347,0.786236,0.800000,0.800000,0.800000,review,review,correct,0
s0-c2-720,CAM-2,2,FUF7587,TX,COMMERCIAL,FUF7587,NV,COMMERCIAL,0.635252,0.701856,0.857231,0.800000,0.800000,0.800000,review,review,correct,0
s0-c2-721,CAM-2,2,WOQ8889,OK,TRAILER,WOQ8889,OK,TRAILER,0.917561,0.673396,0.659101,0.800000,0.800000,0.800000,review,review,type2,1
s0-c2-722,CAM-2,2,THA4017,OK,PASSENGER,1HA4017,CO,PASSENGER,0.462007,0.590750,0.304170,0.800000,0.800000,0.800000,review,review,correct,0
s0-c2-723,CAM-2,2,JYZ9629,OK,TRAILER,JYZ9629,OK,TRAILER,0.942882,0.787689,0.725550,0.800000,0.800000,0.800000,review,review,type2,1
s0-c2-724,CAM-2,2,IPS5222,AZ,PASSENGER,IPS5222,OK,PASSENGER,0.418214,0.637408,0.879371,0.800000,0.800000,0.800000,review,review,correct,0
s0-c2-725,CAM-2,2,OOH6573,AZ,COMMERCIAL,OOR6573,AZ,TEMP,0.507108,0.687366,0.271854,0.800000,0.800000,0.800000,review,review,correct,0
s0-c2-726,CAM-2,2,QEC4730,TX,PASSENGER,QEC4730,CA,PASSENGER,0.484616,0.613918,0.612305,0.800000,0.800000,0.800000,review,review,correct,0
s0-c2-727,CAM-2,2,CWH5626,AZ,PASSENGER,CWH5626,FL,PASSENGER,0.629028,0.550312,0.511486,0.800000,0.800000,0.800000,review,review,correct,0
s0-c2-728,CAM-2,2,RTD3771,NV,COMMERCIAL,RTD3771,OK,COMMERCIAL,0.703513,0.772512,0.804916,0.800000,0.800000,0.800000,review,review,correct,0
s0-c2-729,CAM-2,2,WZG3293,CA,TEMP,WZG3293,CA,TEMP,0.745628,0.731567,0.686210,0.800000,0.800000,0.800000,review,review,type2,1
s0-c2-730,CAM-2,2,SNZ6346,TX,TRAILER,SNZ6346,TX,TRAILER,0.836008,0.785131,0.616033,0.800000,0.800000,0.800000,review,review,type2,1
s0-c2-731,CAM-2,2,VQB4929,NV,COMMERCIAL,VQB4929,NV,TRAILER,0.800146,0.567794,0.539205,0.800000,0.800000,0.800000,review,review,correct,0
s0-c2-732,CAM-2,2,HYG0974,OK,GOV,HYG0974,OK,GOV,0.795998,0.758661,0.682624,0.800000,0.800000,0.800000,review,review,type2,1
s0-c2-733,CAM-2,2,COD1728,NV,GOV,COD1728,FL,PASSENGER,0.675285,0.831184,0.691031,0.800000,0.800000,0.800000,review,review,correct,0
s0-c2-734,CAM-2,2,TUT6016,AZ,TEMP,TUT6016,AZ,TEMP,0.631952,0.658356,0.693528,0.800000,0.800000,0.800000,review,review,type2,1
s0-c2-735,CAM-2,2,HBJ9971,NV,PASSENGER,HBJ9971,NV,PASSENGER,0.630590,0.537669,0.860493,0.800000,0.800000,0.800000,review,review,type2,1
s0-c2-736,CAM-2,2,SWE3344,TX,PASSENGER,SWE3344,FL,PASSENGER,0.601129,0.728853,0.869996,0.800000,0.800000,0.800000,review,review,correct,0
s0-c2-737,CAM-2,2,UBK0999,CO,GOV,UBK0999,NM,GOV,0.579017,0.661401,0.505552,0.800000,0.800000,0.800000,review,review,correct,0
s0-c2-738,CAM-2,2,XUM1789,TX,COMMERCIAL,0UM1789,TX,COMMERCIAL,0.820293,0.880792,0.766070,0.800000,0.800000,0.800000,review,review,correct,0
s0-c2-739,CAM-2,2,MTQ2403,FL,TRAILER,M1Q2403,FL,TRAILER,0.504355,0.870916,0.786630,0.800000,0.800000,0.800000,review,review,correct,0
s0-c2-740,CAM-2,2,ELV0740,TX,GOV,ELV0740,NM,GOV,0.964106,0.529281,0.849426,0.800000,0.800000,0.800000,review,review,correct,0
s0-c2-741,CAM-2,2,BRE0667,OK,PASSENGER,BRE0667,OK,GOV,0.826178,0.737501,0.712338,0.800000,0.800000,0.800000,review,review,correct,0
s0-c2-742,CAM-2,2,BJF1563,NM,COMMERCIAL,BJF1563,TX,COMMERCIAL,0.843255,0.690977,0.740425,0.800000,0.800000,0.800000,review,review,correct,0
s0-c2-743,CAM-2,2,YDK3036,AZ,TEMP,YDK3036,AZ,TEMP,0.595780,0.576232,0.758245,0.800000,0.800000,0.800000,review,review,type2,1
s0-c2-744,CAM-2,2,GWB1381,FL,GOV,GWB1381,FL,GOV,0.745568,0.753792,0.326454,0.800000,0.800000,0.800000,review,review,type2,1
s0-c2-745,CAM-2,2,SCU2636,CA,PASSENGER,SFU2636,CO,TEMP,0.709303,0.292857,0.444843,0.800000,0.800000,0.800000,review,review,correct,0
s0-c2-746,CAM-2,2,HXV4523,AZ,TRAILER,HXV452S,AZ,GOV,0.784178,0.784343,0.767745,0.800000,0.800000,0.800000,review,review,correct,0
s0-c2-747,CAM-2,2,OTL1325,TX,TRAILER,OTL1325,TX,TRAILER,0.555349,0.535969,0.561261,0.800000,0.800000,0.800000,review,review,type2,1
s0-c2-748,CAM-2,2,ZQH1218,NM,TEMP,ZQH1218,NV,TEMP,0.898863,0.832468,0.843516,0.800000,0.800000,0.800000,auto_clear,none,,0
s0-c2-749,CAM-2,2,CNJ2290,CO,TEMP,CNJ2290,CO,TEMP,0.962376,0.724301,0.538127,0.800000,0.800000,0.800000,review,review,type2,1
s0-c2-750,CAM-2,2,UTI1065,TX,PASSENGER,UTI1065,TX,PASSENGER,0.670455,0.634894,0.456783,0.800000,0.800000,0.800000,review,review,type2,1
s0-c2-751,CAM-2,2,NRM7995,CO,TEMP,NRM7995,FL,GOV,0.897739,0.647911,0.531512,0.800000,0.800000,0.800000,review,review,correct,0
s0-c2-752,CAM-2,2,JYX5184,FL,COMMERCIAL,JYX5184,FL,COMMERCIAL,0.766772,0.861753,0.693690,0.800000,0.800000,0.800000,review,review,type2,1
s0-c2-753,CAM-2,2,USJ3107,AZ,GOV,USJ3107,AZ,TEMP,0.981187,0.849308,0.593302,0.800000,0.800000,0.800000,review,review,correct,0
s0-c2-754,CAM-2,2,SRP0192,NV,TRAILER,SRP0192,NV,TRAILER,0.982243,0.931891,0.803681,0.800000,0.800000,0.800000,auto_clear,none,,1
s0-c2-755,CAM-2,2,SDN4307,CO,PASSENGER,SDN4307,OK,PASSENGER,0.639891,0.362041,0.589624,0.800000,0.800000,0.800000,review,review,correct,0
s0-c2-756,CAM-2,2,WBH3639,FL,GOV,WBH3635,FL,GOV,0.593418,0.613748,0.612437,0.800000,0.800000,0.800000,review,review,correct,0
s0-c2-757,CAM-2,2,UAU6001,OK,GOV,UAU6001,OK,GOV,0.763290,0.934207,0.494339,0.800000,0.800000,0.800000,review,review,type2,1
s0-c2-758,CAM-2,2,DFK9455,FL,TEMP,QFK9455,FL,TEMP,0.335694,0.836383,0.814718,0.800000,0.800000,0.800000,review,review,correct,0
s0-c2-759,CAM-2,2,YKC4724,NM,COMMERCIAL,YKC4724,NM,COMMERCIAL,0.781329,0.690658,0.887204,0.800000,0.800000,0.800000,review,review,type2,1
s0-c2-760,CAM-2,2,FYD9161,OK,TRAILER,FYD9161,NV,TRAILER,0.667618,0.723245,0.679109,0.800000,0.800000,0.800000,review,review,correct,0
s0-c2-761,CAM-2,2,RCT5693,NV,TEMP,3CT5693,FL,TEMP,0.868869,0.584971,0.472250,0.800000,0.800000,0.800000,review,review,correct,0
s0-c2-762,CAM-2,2,ECU6622,OK,TRAILER,ECU6622,TX,PASSENGER,0.848781,0.414126,0.653361,0.800000,0.800000,0.800000,review,review,correct,0
s0-c2-763,CAM-2,2,FJP5794,AZ,COMMERCIAL,FJP5794,AZ,COMMERCIAL,0.806953,0.762409,0.649766,0.800000,0.800000,0.800000,review,review,type2,1
s0-c2-764,CAM-2,2,OKF2505,NV,GOV,OKF250K,NV,GOV,0.601678,0.497647,0.854929,0.800000,0.800000,0.800000,review,review,correct,0
s0-c2-765,CAM-2,2,AJH9577,NM,GOV,AJH957U,NM,GOV,0.839319,0.818609,0.737874,0.800000,0.800000,0.800000,review,review,correct,0
s0-c2-766,CAM-2,2,GSL9556,AZ,COMMERCIAL,GSL9556,AZ,COMMERCIAL,0.555659,0.550798,0.685482,0.800000,0.800000,0.800000,review,review,type2,1
s0-c2-767,CAM-2,2,BXP9939,AZ,TRAILER,BXP1939,AZ,TRAILER,0.619108,0.650531,0.703844,0.800000,0.800000,0.800000,review,review,correct,0
s0-c2-768,CAM-2,2,DWN5865,OK,PASSENGER,DWN5865,OK,PASSENGER,0.660131,0.817934,0.837687,0.800000,0.800000,0.800000,review,review,type2,1
s0-c2-769,CAM-2,2,LHG3769,NV,GOV,LHG3769,NV,GOV,0.764499,0.776623,0.707338,0.800000,0.800000,0.800000,review,review,type2,1
s0-c2-770,CAM-2,2,FHT6937,CA,TEMP,FHTQ937,CA,PASSENGER,0.801748,0.739365,0.543185,0.800000,0.800000,0.800000,review,review,correct,0
s0-c2-771,CAM-2,2,XKJ7193,OK,PASSENGER,XKJ7193,OK,PASSENGER,0.811751,0.468305,0.846119,0.800000,0.800000,0.800000,review,review,type2,1
s0-c2-772,CAM-2,2,IPR7119,CO,TRAILER,IPR7119,NV,TRAILER,0.939924,0.656815,0.883501,0.800000,0.800000,0.800000,review,review,correct,0
s0-c2-773,CAM-2,2,SGO2600,NV,GOV,SGO2600,NV,GOV,0.634505,0.478790,0.519998,0.800000,0.800000,0.800000,review,review,type2,1
s0-c2-774,CAM-2,2,ULR3553,TX,PASSENGER,ULR3553,NV,PASSENGER,0.704777,0.505715,0.621954,0.800000,0.800000,0.800000,review,review,correct,0
s0-c2-775,CAM-2,2,EON7306,FL,GOV,EON7306,FL,COMMERCIAL,0.433342,0.747359,0.433874,0.800000,0.800000,0.800000,review,review,correct,0
s0-c2-776,CAM-2,2,TWG0841,NM,TRAILER,TWG0841,NM,TRAILER,0.935926,0.632242,0.461013,0.800000,0.800000,0.800000,review,review,type2,1
s0-c2-777,CAM-2,2,XGX7323,FL,TEMP,XGX7323,FL,GOV,0.887425,0.872635,0.637780,0.800000,0.800000,0.800000,review,review,correct,0
s0-c2-778,CAM-2,2,YHQ9881,TX,PASSENGER,YHQ9881,TX,PASSENGER,0.783008,0.681008,0.372886,0.800000,0.800000,0.800000,review,review,type2,1
s0-c2-779,CAM-2,2,NFV1207,OK,TRAILER,NFV120W,OK,GOV,0.576888,0.795764,0.511761,0.800000,0.800000,0.800000,review,review,correct,0
s0-c2-780,CAM-2,2,DQJ6357,CA,TEMP,DQJ6353,OK,TEMP,0.712779,0.451614,0.547630,0.800000,0.800000,0.800000,review,review,correct,0
s0-c2-781,CAM-2,2,UMK0118,NM,PASSENGER,UMK0138,NM,COMMERCIAL,0.589015,0.718010,0.421058,0.800000,0.800000,0.800000,review,review,correct,0
s0-c2-782,CAM-2,2,EDR9273,OK,GOV,EDR9273,OK,GOV,0.610681,0.785203,0.783431,0.800000,0.800000,0.800000,review,review,type2,1
s0-c2-783,CAM-2,2,HLC1664,TX,GOV,HWC1664,TX,TRAILER,0.624684,0.638392,0.670069,0.800000,0.800000,0.800000,review,review,correct,0
s0-c2-784,CAM-2,2,TRM9704,CA,TEMP,TRM9704,CA,GOV,0.539664,0.818331,0.749333,0.800000,0.800000,0.800000,review,review,correct,0
s0-c2-785,CAM-2,2,KVL9204,AZ,PASSENGER,KVL9204,AZ,PASSENGER,0.665679,0.903579,0.812052,0.800000,0.800000,0.800000,review,review,type2,1
s0-c2-786,CAM-2,2,FMT3979,NM,TRAILER,FMT3979,NM,TRAILER,0.900255,0.594858,0.506662,0.800000,0.800000,0.800000,review,review,type2,1
s0-c2-787,CAM-2,2,FQZ1506,TX,COMMERCIAL,FQZ1506,TX,COMMERCIAL,0.608774,0.673961,0.848922,0.800000,0.800000,0.800000,review,review,type2,1
s0-c2-788,CAM-2,2,VKJ8382,CO,TEMP,0KJ8382,CO,TEMP,0.600271,0.542169,0.907103,0.800000,0.800000,0.800000,review,review,correct,0
s0-c2-789,CAM-2,2,ZTC2488,TX,TEMP,ZTC2488,NM,TEMP,0.458934,0.721422,0.708047,0.800000,0.800000,0.800000,review,review,correct,0
s0-c2-790,CAM-2,2,FLR2487,CA,COMMERCIAL,FLR2487,OK,GOV,0.442780,0.582646,0.676915,0.800000,0.800000,0.800000,review,review,correct,0
s0-c2-791,CAM-2,2,LWE9257,NM,GOV,LWE9257,NV,GOV,0.782593,0.489524,0.542985,0.800000,0.800000,0.800000,review,review,correct,0
s0-c2-792,CAM-2,2,FVV3105,TX,TEMP,FVV3105,TX,TEMP,0.917656,0.842687,0.698812,0.800000,0.800000,0.800000,review,review,type2,1
s0-c2-793,CAM-2,2,LKW2745,AZ,GOV,0KW2745,CO,GOV,0.849576,0.599581,0.833496,0.800000,0.800000,0.800000,review,review,correct,0
s0-c2-794,CAM-2,2,MTB7761,NM,TEMP,MTB7761,NM,TEMP,0.908208,0.482967,0.638532,0.800000,0.800000,0.800000,review,review,type2,1
s0-c2-795,CAM-2,2,WSJ0642,NV,TRAILER,WSJ0642,NV,TRAILER,0.576622,0.934719,0.859591,0.800000,0.800000,0.800000,review,review,type2,1
s0-c2-796,CAM-2,2,QEN3723,NV,TRAILER,QEN3723,NV,PASSENGER,0.691644,0.800230,0.690681,0.800000,0.800000,0.800000,review,review,correct,0
s0-c2-797,CAM-2,2,QZH8412,FL,GOV,QZH8412,FL,GOV,0.582845,0.623126,0.562692,0.800000,0.800000,0.800000,review,review,type2,1
s0-c2-798,CAM-2,2,LUO4389,CO,GOV,LUK4389,CO,TEMP,0.649144,0.676507,0.556564,0.800000,0.800000,0.800000,review,review,correct,0
s0-c2-799,CAM-2,2,VQQ0342,OK,TRAILER,MQQ0342,OK,TRAILER,0.599710,0.766146,0.783922,0.800000,0.800000,0.800000,review,review,correct,0
s0-c2-800,CAM-2,2,GEL8352,FL,TEMP,GEL4352,FL,TEMP,0.679422,0.710715,0.871843,0.800000,0.800000,0.800000,review,review,correct,0
s0-c2-801,CAM-2,2,QFX3055,NM,COMMERCIAL,QFX3055,NV,COMMERCIAL,0.942059,0.524092,0.434828,0.800000,0.800000,0.800000,review,review,correct,0
s0-c2-802,CAM-2,2,DSS8360,TX,TEMP,DSS8360,TX,TEMP,0.926468,0.753243,0.893196,0.800000,0.800000,0.800000,review,review,type2,1
s0-c2-803,CAM-2,2,OUG1861,AZ,TRAILER,OUG186S,AZ,TRAILER,0.839328,0.716633,0.571319,0.800000,0.800000,0.800000,review,review,correct,0
s0-c2-804,CAM-2,2,GME1786,CO,GOV,GME1786,CO,GOV,0.892220,0.840032,0.537126,0.800000,0.800000,0.800000,review,review,type2,1
s0-c2-805,CAM-2,2,PDS6571,NM,PASSENGER,PDS6571,NM,GOV,0.709230,0.608957,0.548627,0.800000,0.800000,0.800000,review,review,correct,0
s0-c2-806,CAM-2,2,ATN1023,CO,PASSENGER,ATN1023,CO,PASSENGER,0.899734,0.874807,0.965835,0.800000,0.800000,0.800000,auto_clear,none,,1
s0-c2-807,CAM-2,2,POH0376,NM,TRAILER,POH0376,OK,TRAILER,0.906306,0.772936,0.535426,0.800000,0.800000,0.800000,review,review,correct,0
s0-c2-808,CAM-2,2,CGB3337,AZ,PASSENGER,QGB3337,OK,PASSENGER,0.479398,0.687854,0.691014,0.800000,0.800000,0.800000,review,review,correct,0
s0-c2-809,CAM-2,2,ZDS2164,NV,PASSENGER,ZDS2164,NV,PASSENGER,0.753536,0.777319,0.544177,0.800000,0.800000,0.800000,review,review,type2,1
s0-c2-810,CAM-2,2,LYR7453,CO,TEMP,LYRQ453,NM,TRAILER,0.462533,0.726499,0.852930,0.800000,0.800000,0.800000,review,review,correct,0
s0-c2-811,CAM-2,2,NEO9523,TX,COMMERCIAL,NEO9523,NM,COMMERCIAL,0.953421,0.762553,0.845775,0.800000,0.800000,0.800000,review,review,correct,0
s0-c2-812,CAM-2,2,NTK6935,NV,TRAILER,NDK6935,NV,TRAILER,0.698280,0.716629,0.545567,0.800000,0.800000,0.800000,review,review,correct,0
s0-c2-813,CAM-2,2,EPH1554,CO,COMMERCIAL,EPH1556,CO,COMMERCIAL,0.800239,0.454093,0.436802,0.800000,0.800000,0.800000,review,review,correct,0
s0-c2-814,CAM-2,2,DLK4793,CA,GOV,DLK4793,CA,GOV,0.619987,0.740307,0.825062,0.800000,0.800000,0.800000,review,review,type2,1
s0-c2-815,CAM-2,2,HZQ5282,AZ,TRAILER,HZQ5282,TX,TRAILER,0.639234,0.516538,0.759240,0.800000,0.800000,0.800000,review,review,correct,0
s0-c2-816,CAM-2,2,HNN8054,CA,PASSENGER,HNN8054,CA,TRAILER,0.708905,0.747652,0.483774,0.800000,0.800000,0.800000,review,review,correct,0
s0-c2-817,CAM-2,2,MDZ0474,NM,COMMERCIAL,MDZ0474,NM,COMMERCIAL,0.802724,0.392532,0.917894,0.800000,0.800000,0.800000,review,review,type2,1
s0-c2-818,CAM-2,2,KRY1986,NV,COMMERCIAL,KRY1986,NV,TRAILER,0.764792,0.789600,0.351081,0.800000,0.800000,0.800000,review,review,correct,0
s0-c2-819,CAM-2,2,QZH8094,CA,TEMP,QZH8094,CA,TEMP,0.868357,0.787881,0.554933,0.800000,0.800000,0.800000,review,review,type2,1
s0-c2-820,CAM-2,2,ACL6346,NV,GOV,ACL6346,NV,TRAILER,0.706354,0.589351,0.335380,0.800000,0.800000,0.800000,review,review,correct,0
s0-c2-821,CAM-2,2,PXT2446,OK,TRAILER,PXT2446,TX,GOV,0.847257,0.725600,0.858932,0.800000,0.800000,0.800000,review,review,correct,0
s0-c2-822,CAM-2,2,RRD9599,NM,GOV,RRJ9599,NM,TRAILER,0.668241,0.808533,0.561786,0.800000,0.800000,0.800000,review,review,correct,0
s0-c2-823,CAM-2,2,OUZ5213,FL,PASSENGER,OUZ5213,OK,TRAILER,0.847608,0.530014,0.740097,0.800000,0.800000,0.800000,review,review,correct,0
s0-c2-824,CAM-2,2,ISH2233,NV,PASSENGER,ISH2233,NV,TRAILER,0.819973,0.634249,0.545693,0.800000,0.800000,0.800000,review,review,correct,0
s0-c2-825,CAM-2,2,TAO9148,CO,COMMERCIAL,TAO9R48,CO,COMMERCIAL,0.504031,0.725207,0.601118,0.800000,0.800000,0.800000,review,review,correct,0
s0-c2-826,CAM-2,2,QWK4786,NM,TEMP,QWK4786,TX,TEMP,0.900147,0.867678,0.716479,0.800000,0.800000,0.800000,review,review,correct,0
s0-c2-827,CAM-2,2,LAG6770,FL,GOV,LAG6O70,FL,GOV,0.422762,0.695371,0.540994,0.800000,0.800000,0.800000,review,review,correct,0
s0-c2-828,CAM-2,2,XXI4448,NV,TEMP,XXI4448,NV,TEMP,0.384635,0.480938,0.927405,0.800000,0.800000,0.800000,review,review,type2,1
s0-c2-829,CAM-2,2,ZPN6643,AZ,COMMERCIAL,ZPN6643,CO,COMMERCIAL,0.772699,0.630294,0.690472,0.800000,0.800000,0.800000,review,review,correct,0
s0-c2-830,CAM-2,2,QZW2169,TX,TEMP,QZW2069,CA,TEMP,0.354716,0.364559,0.759179,0.800000,0.800000,0.800000,review,review,correct,0
s0-c2-831,CAM-2,2,QOM7952,CO,TRAILER,QOM7952,CO,TRAILER,0.546438,0.827078,0.604832,0.800000,0.800000,0.800000,review,review,type2,1
s0-c2-832,CAM-2,2,MRU5903,TX,TEMP,MRU5903,AZ,COMMERCIAL,0.672322,0.826917,0.905781,0.800000,0.800000,0.800000,review,review,correct,0
s0-c2-833,CAM-2,2,OMP5051,TX,TRAILER,OMP5051,TX,GOV,0.807140,0.643689,0.686423,0.800000,0.800000,0.800000,review,review,correct,0
s0-c2-834,CAM-2,2,MDU0427,NV,PASSENGER,MDU0427,NV,TRAILER,0.845813,0.806732,0.556873,0.800000,0.800000,0.800000,review,review,correct,0
s0-c2-835,CAM-2,2,XLM1815,AZ,COMMERCIAL,XLM1815,AZ,COMMERCIAL,0.945858,0.586104,0.668630,0.800000,0.800000,0.800000,review,review,type2,1
s0-c2-836,CAM-2,2,MYX6826,CA,PASSENGER,MYX6W26,CA,PASSENGER,0.538048,0.645195,0.915437,0.800000,0.800000,0.800000,review,review,correct,0
s0-c2-837,CAM-2,2,ELH9177,NV,TEMP,ELH9177,NV,COMMERCIAL,0.610667,0.622503,0.407873,0.800000,0.800000,0.800000,review,review,correct,0
s0-c2-838,CAM-2,2,MSR6864,CA,PASSENGER,MSR6864,CO,GOV,0.776541,0.829934,0.766423,0.800000,0.800000,0.800000,review,review,correct,0
s0-c2-839,CAM-2,2,WQO9010,CA,GOV,WQO9010,CA,TEMP,0.734147,0.849693,0.574515,0.800000,0.800000,0.800000,review,review,correct,0
s0-c2-840,CAM-2,2,UHO1774,CO,TRAILER,UHO1774,CO,TRAILER,0.515048,0.763278,0.446844,0.800000,0.800000,0.800000,review,review,type2,1
s0-c2-841,CAM-2,2,BGA3074,OK,TEMP,BGA3074,OK,TEMP,0.567887,0.942753,0.834188,0.800000,0.800000,0.800000,review,review,type2,1
s0-c2-842,CAM-2,2,CHP7815,AZ,COMMERCIAL,CHP78M5,AZ,TRAILER,0.445986,0.901738,0.647219,0.800000,0.800000,0.800000,review,review,correct,0
s0-c2-843,CAM-2,2,EIY3192,NM,TEMP,EIY3192,NM,TEMP,0.728413,0.547371,0.723840,0.800000,0.800000,0.800000,review,review,type2,1
s0-c2-844,CAM-2,2,VGV6723,CO,PASSENGER,VGVD723,TX,PASSENGER,0.510878,0.388530,0.814749,0.800000,0.800000,0.800000,review,review,correct,0
s0-c2-845,CAM-2,2,LSP7781,NM,TRAILER,LSP7781,NM,TRAILER,0.704583,0.745629,0.754805,0.800000,0.800000,0.800000,review,review,type2,1
s0-c2-846,CAM-2,2,PWN2062,NM,COMMERCIAL,PWN2062,NM,PASSENGER,0.795376,0.797607,0.580661,0.800000,0.800000,0.800000,review,review,correct,0
s0-c2-847,CAM-2,2,WSQ3043,OK,GOV,WSQ3043,OK,GOV,0.786887,0.575972,0.668736,0.800000,0.800000,0.800000,review,review,type2,1
s0-c2-848,CAM-2,2,FSS2049,FL,PASSENGER,FSS2049,FL,PASSENGER,0.764712,0.718947,0.831730,0.800000,0.800000,0.800000,review,review,type2,1
s0-c2-849,CAM-2,2,TAC2580,NM,COMMERCIAL,TAC2580,NM,COMMERCIAL,0.869208,0.739636,0.701860,0.800000,0.800000,0.800000,review,review,type2,1
s0-c2-850,CAM-2,2,IFM0059,CA,TRAILER,IFM0059,CA,TRAILER,0.471503,0.656291,0.681168,0.800000,0.800000,0.800000,review,review,type2,1
s0-c2-851,CAM-2,2,MOK5019,CA,PASSENGER,MOK5019,OK,PASSENGER,0.581267,0.865733,0.783146,0.800000,0.800000,0.800000,review,review,correct,0
s0-c2-852,CAM-2,2,KYO6449,CO,TRAILER,KYO6449,CO,PASSENGER,0.783757,0.616500,0.860961,0.800000,0.800000,0.800000,review,review,correct,0
s0-c2-853,CAM-2,2,ZYK0119,AZ,TEMP,ZYK0119,AZ,TEMP,0.677846,0.847574,0.705921,0.800000,0.800000,0.800000,review,review,type2,1
s0-c2-854,CAM-2,2,PXG5676,TX,COMMERCIAL,PXG5676,TX,COMMERCIAL,0.725209,0.727850,0.641069,0.800000,0.800000,0.800000,review,review,type2,1
s0-c2-855,CAM-2,2,JTX0089,CA,COMMERCIAL,JTX0089,CA,COMMERCIAL,0.599896,0.775650,0.729289,0.800000,0.800000,0.800000,review,review,type2,1
s0-c2-856,CAM-2,2,JWD0894,TX,TRAILER,JWD0894,CA,COMMERCIAL,0.765476,0.817949,0.667771,0.800000,0.800000,0.800000,review,review,correct,0
s0-c2-857,CAM-2,2,XDQ6534,CO,COMMERCIAL,XDQ6534,CO,COMMERCIAL,0.723993,0.749210,0.784738,0.800000,0.800000,0.800000,review,review,type2,1
s0-c2-858,CAM-2,2,DJU9168,NM,GOV,DJU9168,AZ,GOV,0.786752,0.653654,0.923714,0.800000,0.800000,0.800000,review,review,correct,0
s0-c2-859,CAM-2,2,WDX4782,OK,COMMERCIAL,WDX4782,OK,COMMERCIAL,0.889801,0.474876,0.746927,0.800000,0.800000,0.800000,review,review,type2,1
s0-c2-860,CAM-2,2,CJN6873,NM,PASSENGER,CJN6873,NM,PASSENGER,0.608521,0.833844,0.671179,0.800000,0.800000,0.800000,review,review,type2,1
s0-c2-861,CAM-2,2,ZTM8050,FL,GOV,ZTM8050,FL,COMMERCIAL,0.648735,0.775449,0.318863,0.800000,0.800000,0.800000,review,review,correct,0
s0-c2-862,CAM-2,2,IFF1922,CO,COMMERCIAL,IFF1922,CO,COMMERCIAL,0.936211,0.423141,0.720121,0.800000,0.800000,0.800000,review,review,type2,1
s0-c2-863,CAM-2,2,ZLZ9712,NM,COMMERCIAL,ZLZ9712,NM,TRAILER,0.786149,0.578023,0.855176,0.800000,0.800000,0.800000,review,review,correct,0
s0-c2-864,CAM-2,2,QCX1139,FL,COMMERCIAL,QCX1139,FL,COMMERCIAL,0.546267,0.735224,0.686792,0.800000,0.800000,0.800000,review,review,type2,1
s0-c2-865,CAM-2,2,GIY7051,FL,TEMP,9IY7051,FL,TEMP,0.592333,0.957375,0.634385,0.800000,0.800000,0.800000,review,review,correct,0
s0-c2-866,CAM-2,2,ZKM6684,TX,TRAILER,ZKM6684,TX,TRAILER,0.776873,0.608471,0.836854,0.800000,0.800000,0.800000,review,review,type2,1
s0-c2-867,CAM-2,2,TTV5480,OK,TRAILER,TTV5480,NV,PASSENGER,0.846818,0.606477,0.687481,0.800000,0.800000,0.800000,review,review,correct,0
s0-c2-868,CAM-2,2,NVB6081,CA,GOV,NVB6081,CA,GOV,0.865050,0.244290,0.548671,0.800000,0.800000,0.800000,review,review,type2,1
s0-c2-869,CAM-2,2,HFB2407,AZ,TRAILER,HFB2407,AZ,TEMP,0.956493,0.642616,0.319908,0.800000,0.800000,0.800000,review,review,correct,0
s0-c2-870,CAM-2,2,RLW6512,CO,COMMERCIAL,RLW6512,CO,COMMERCIAL,0.869563,0.835597,0.845074,0.800000,0.800000,0.800000,auto_clear,none,,1
s0-c2-871,CAM-2,2,MGA6912,TX,COMMERCIAL,MGA6N12,TX,TRAILER,0.679901,0.559652,0.908741,0.800000,0.800000,0.800000,review,review,correct,0
s0-c2-872,CAM-2,2,QZI9874,CA,TEMP,QZI9874,CA,TEMP,0.858214,0.778531,0.883187,0.800000,0.800000,0.800000,review,review,type2,1
s0-c2-873,CAM-2,2,SFM2249,TX,TEMP,SFM2249,TX,COMMERCIAL,0.663808,0.770471,0.721307,0.800000,0.800000,0.800000,review,review,correct,0
s0-c2-874,CAM-2,2,TKD3824,TX,COMMERCIAL,TKD3824,TX,COMMERCIAL,0.709690,0.937602,0.660682,0.800000,0.800000,0.800000,review,review,type2,1
s0-c2-875,CAM-2,2,CNY5681,FL,GOV,CNY5691,FL,TRAILER,0.786603,0.844458,0.547525,0.800000,0.800000,0.800000,review,review,correct,0
s0-c2-876,CAM-2,2,TPP8257,FL,PASSENGER,TPP8257,FL,PASSENGER,0.852199,0.461283,0.748446,0.800000,0.800000,0.800000,review,review,type2,1
s0-c2-877,CAM-2,2,EWB0032,AZ,TEMP,EWB003N,TX,GOV,0.632256,0.825790,0.640872,0.800000,0.800000,0.800000,review,review,correct,0
s0-c2-878,CAM-2,2,WXA0052,NV,TEMP,WXAC052,NM,TEMP,0.680503,0.571603,0.213204,0.800000,0.800000,0.800000,review,review,correct,0
s0-c2-879,CAM-2,2,ZDN1203,TX,TRAILER,ZDN1203,TX,TRAILER,0.977608,0.793509,0.578934,0.800000,0.800000,0.800000,review,review,type2,1
s0-c2-880,CAM-2,2,VVT6447,CA,TRAILER,VVT6447,CA,TRAILER,0.927904,0.831494,0.764917,0.800000,0.800000,0.800000,review,review,type2,1
s0-c2-881,CAM-2,2,CFJ2583,FL,GOV,CFJ2583,CA,GOV,0.972477,0.334755,0.525945,0.800000,0.800000,0.800000,review,review,correct,0
s0-c2-882,CAM-2,2,OEL3907,NV,TRAILER,OEL3907,NV,GOV,0.709445,0.844538,0.500832,0.800000,0.800000,0.800000,review,review,correct,0
s0-c2-883,CAM-2,2,QRF6169,FL,TRAILER,QRF616F,FL,TRAILER,0.847766,0.692253,0.632163,0.800000,0.800000,0.800000,review,review,correct,0
s0-c2-884,CAM-2,2,ZZF3892,NV,TRAILER,ZZF3892,NV,TRAILER,0.848948,0.786087,0.670711,0.800000,0.800000,0.800000,review,review,type2,1
s0-c2-885,CAM-2,2,HGE4823,NV,GOV,HGE4823,NV,TRAILER,0.749819,0.704489,0.296693,0.800000,0.800000,0.800000,review,review,correct,0
s0-c2-886,CAM-2,2,KMU6163,NV,TEMP,KMU6163,NV,TEMP,0.759182,0.697831,0.316202,0.800000,0.800000,0.800000,review,review,type2,1
s0-c2-887,CAM-2,2,YEZ8140,NV,TEMP,YEZ8140,NV,COMMERCIAL,0.610312,0.796332,0.621885,0.800000,0.800000,0.800000,review,review,correct,0
s0-c2-888,CAM-2,2,UDJ0946,FL,TRAILER,UDJ0R46,NM,TEMP,0.426036,0.776642,0.550682,0.800000,0.800000,0.800000,review,review,correct,0
s0-c2-889,CAM-2,2,KQI1182,TX,PASSENGER,KQI1182,NV,PASSENGER,0.823567,0.501524,0.952389,0.800000,0.800000,0.800000,review,review,correct,0
s0-c2-890,CAM-2,2,YKA8560,FL,COMMERCIAL,YKA8560,NV,COMMERCIAL,0.878882,0.917432,0.433844,0.800000,0.800000,0.800000,review,review,correct,0
s0-c2-891,CAM-2,2,DCT6500,NV,COMMERCIAL,DCT6500,NV,COMMERCIAL,0.942295,0.848921,0.823635,0.800000,0.800000,0.800000,auto_clear,none,,1
s0-c2-892,CAM-2,2,RIU2131,AZ,GOV,RIU2131,AZ,PASSENGER,0.771943,0.480284,0.520303,0.800000,0.800000,0.800000,review,review,correct,0
s0-c2-893,CAM-2,2,DGM2416,CO,GOV,DGM2416,CO,GOV,0.651359,0.768196,0.936620,0.800000,0.800000,0.800000,review,review,type2,1
s0-c2-894,CAM-2,2,ARB5759,OK,PASSENGER,ARB5759,OK,PASSENGER,0.631343,0.534192,0.794037,0.800000,0.800000,0.800000,review,review,type2,1
s0-c2-895,CAM-2,2,ZCN0633,NV,PASSENGER,ZCN0633,NV,PASSENGER,0.355290,0.703387,0.776803,0.800000,0.800000,0.800000,review,review,type2,1
s0-c2-896,CAM-2,2,VAP6819,AZ,PASSENGER,VAZ6819,AZ,PASSENGER,0.897597,0.649807,0.360987,0.800000,0.800000,0.800000,review,review,correct,0
s0-c2-897,CAM-2,2,IQB8381,CA,PASSENGER,IQB8381,CA,GOV,0.841162,0.668082,0.355000,0.800000,0.800000,0.800000,review,review,correct,0
s0-c2-898,CAM-2,2,FCN1510,AZ,PASSENGER,FCN1510,CO,TRAILER,0.658565,0.603423,0.612141,0.800000,0.800000,0.800000,review,review,correct,0
s0-c2-899,CAM-2,2,HST1319,NV,GOV,NST1319,NV,GOV,0.780270,0.885726,0.736476,0.800000,0.800000,0.800000,review,review,correct,0
s0-c2-900,CAM-2,2,IJG1091,FL,COMMERCIAL,IJG1091,FL,COMMERCIAL,0.818997,0.847609,0.402769,0.800000,0.800000,0.800000,review,review,type2,1
s0-c2-901,CAM-2,2,XLH2334,OK,PASSENGER,XLH2334,TX,PASSENGER,0.788398,0.822710,0.689011,0.800000,0.800000,0.800000,review,review,correct,0
s0-c2-902,CAM-2,2,MHZ6636,OK,PASSENGER,MHZ6636,CO,TEMP,0.817830,0.641510,0.563306,0.800000,0.800000,0.800000,review,review,correct,0
s0-c2-903,CAM-2,2,XEJ2150,CA,TEMP,XEJ21A0,CA,GOV,0.684814,0.186655,0.510011,0.800000,0.800000,0.800000,review,review,correct,0
s0-c2-904,CAM-2,2,GIF1187,OK,PASSENGER,6IF1187,OK,PASSENGER,0.668422,0.673421,0.574256,0.800000,0.800000,0.800000,review,review,correct,0
s0-c2-905,CAM-2,2,RLP3119,FL,PASSENGER,RLP3119,FL,TRAILER,0.635738,0.610042,0.709470,0.800000,0.800000,0.800000,review,review,correct,0
s0-c2-906,CAM-2,2,MDS2399,NM,PASSENGER,MDS2399,TX,PASSENGER,0.918678,0.546239,0.827709,0.800000,0.800000,0.800000,review,review,correct,0
s0-c2-907,CAM-2,2,MRN5310,FL,PASSENGER,MRN5310,FL,PASSENGER,0.626402,0.861439,0.824591,0.800000,0.800000,0.800000,review,review,type2,1
s0-c2-908,CAM-2,2,RES2197,AZ,PASSENGER,RES2197,TX,GOV,0.857128,0.744301,0.664907,0.800000,0.800000,0.800000,review,review,correct,0
s0-c2-909,CAM-2,2,WSD8518,TX,TEMP,WGD8518,TX,GOV,0.805918,0.684018,0.659463,0.800000,0.800000,0.800000,review,review,correct,0
s0-c2-910,CAM-2,2,TJI2472,TX,TEMP,TJI2472,OK,PASSENGER,0.950965,0.414294,0.763669,0.800000,0.800000,0.800000,review,review,correct,0
s0-c2-911,CAM-2,2,VTV5959,NV,TEMP,VTV59G9,NV,TEMP,0.652668,0.819694,0.833700,0.800000,0.800000,0.800000,review,review,correct,0
s0-c2-912,CAM-2,2,YLG3213,CA,TRAILER,YLG3213,CA,GOV,0.554860,0.566840,0.875650,0.800000,0.800000,0.800000,review,review,correct,0
s0-c2-913,CAM-2,2,VHE2599,AZ,PASSENGER,VHE259A,AZ,PASSENGER,0.681519,0.653987,0.674443,0.800000,0.800000,0.800000,review,review,correct,0
s0-c2-914,CAM-2,2,USD4338,CA,TRAILER,USD43Q8,CA,TRAILER,0.835619,0.804221,0.764592,0.800000,0.800000,0.800000,review,review,correct,0
s0-c2-915,CAM-2,2,DAR0996,AZ,TEMP,DAR0096,TX,TEMP,0.246485,0.602406,0.584876,0.800000,0.800000,0.800000,review,review,correct,0
s0-c2-916,CAM-2,2,JMT8667,NV,TEMP,3MT8667,NV,TRAILER,0.424662,0.799435,0.527877,0.800000,0.800000,0.800000,review,review,correct,0
s0-c2-917,CAM-2,2,UKN3719,NM,TEMP,UKN3719,NM,TEMP,0.825857,0.702867,0.472430,0.800000,0.800000,0.800000,review,review,type2,1
s0-c2-918,CAM-2,2,GRL1172,CO,PASSENGER,GRL1172,OK,PASSENGER,0.656137,0.438381,0.734442,0.800000,0.800000,0.800000,review,review,correct,0
s0-c2-919,CAM-2,2,SGP7494,NV,TEMP,SGP7494,NV,TEMP,0.696160,0.645970,0.845206,0.800000,0.800000,0.800000,review,review,type2,1
s0-c2-920,CAM-2,2,PST7956,CA,TRAILER,PST7956,CA,TRAILER,0.591537,0.832184,0.735950,0.800000,0.800000,0.800000,review,review,type2,1
s0-c2-921,CAM-2,2,KHY9835,NV,TEMP,KHY9835,NV,TEMP,0.938734,0.333242,0.640370,0.800000,0.800000,0.800000,review,review,type2,1
s0-c2-922,CAM-2,2,EKC2539,CA,COMMERCIAL,EKC2539,CA,COMMERCIAL,0.892427,0.646541,0.622580,0.800000,0.800000,0.800000,review,review,type2,1
s0-c2-923,CAM-2,2,YTR2859,TX,TEMP,YTR2859,TX,PASSENGER,0.726551,0.648799,0.273404,0.800000,0.800000,0.800000,review,review,correct,0
s0-c2-924,CAM-2,2,MQC5824,NM,TEMP,MQC5824,NM,TEMP,0.793906,0.836379,0.588606,0.800000,0.800000,0.800000,review,review,type2,1
s0-c2-925,CAM-2,2,HBK0388,CA,TEMP,HBK038U,CA,PASSENGER,0.366463,0.485813,0.779797,0.800000,0.800000,0.800000,review,review,correct,0
s0-c2-926,CAM-2,2,HIE7734,AZ,COMMERCIAL,HIE7734,AZ,COMMERCIAL,0.648021,0.886492,0.590760,0.800000,0.800000,0.800000,review,review,type2,1
s0-c2-927,CAM-2,2,YFE2398,CA,GOV,YFE2398,CA,GOV,0.953487,0.637530,0.911588,0.800000,0.800000,0.800000,review,review,type2,1
s0-c2-928,CAM-2,2,AQC3505,TX,TRAILER,AQT3505,TX,PASSENGER,0.861424,0.543598,0.769522,0.800000,0.800000,0.800000,review,review,correct,0
s0-c2-929,CAM-2,2,VME1914,CO,GOV,VME1914,NM,GOV,0.762104,0.746849,0.768164,0.800000,0.800000,0.800000,review,review,correct,0
s0-c2-930,CAM-2,2,JPD2836,FL,GOV,JPD2836,FL,GOV,0.521047,0.797193,0.763671,0.800000,0.800000,0.800000,review,review,type2,1
s0-c2-931,CAM-2,2,FDW2541,AZ,GOV,FDW2541,NM,GOV,0.874131,0.548767,0.791669,0.800000,0.800000,0.800000,review,review,correct,0
s0-c2-932,CAM-2,2,ECG6554,NV,TRAILER,ECG6554,TX,TRAILER,0.815171,0.530187,0.920873,0.800000,0.800000,0.800000,review,review,correct,0
s0-c2-933,CAM-2,2,LQQ8777,TX,GOV,LQQ8777,NV,PASSENGER,0.674301,0.869334,0.455567,0.800000,0.800000,0.800000,review,review,correct,0
s0-c2-934,CAM-2,2,QIQ8536,OK,GOV,QIQ8536,FL,TRAILER,0.641788,0.556649,0.766547,0.800000,0.800000,0.800000,review,review,correct,0
s0-c2-935,CAM-2,2,MXO7792,OK,PASSENGER,MXO7792,OK,PASSENGER,0.191602,0.659568,0.623040,0.800000,0.800000,0.800000,review,review,type2,1
s0-c2-936,CAM-2,2,KOX5980,OK,COMMERCIAL,KOX5980,TX,PASSENGER,0.851990,0.730244,0.591119,0.800000,0.800000,0.800000,review,review,correct,0
s0-c2-937,CAM-2,2,UED9857,CO,GOV,UED9857,CO,COMMERCIAL,0.645736,0.831735,0.513334,0.800000,0.800000,0.800000,review,review,correct,0
s0-c2-938,CAM-2,2,NSU9539,OK,COMMERCIAL,NSU9539,NM,COMMERCIAL,0.666396,0.681539,0.839202,0.800000,0.800000,0.800000,review,review,correct,0
s0-c2-939,CAM-2,2,YRZ1855,AZ,TRAILER,YRZ1855,NV,TEMP,0.848549,0.470737,0.341919,0.800000,0.800000,0.800000,review,review,correct,0
s0-c2-940,CAM-2,2,IPB1111,NV,COMMERCIAL,IPB1111,NV,PASSENGER,0.914287,0.786141,0.647314,0.800000,0.800000,0.800000,review,review,correct,0
s0-c2-941,CAM-2,2,MOO4328,CO,GOV,MOO4328,CO,COMMERCIAL,0.648150,0.805078,0.510452,0.800000,0.800000,0.800000,review,review,correct,0
s0-c2-942,CAM-2,2,OTE8968,CA,TRAILER,OTE8968,TX,PASSENGER,0.783289,0.509623,0.594028,0.800000,0.800000,0.800000,review,review,correct,0
s0-c2-943,CAM-2,2,ACJ9251,AZ,TEMP,ACJ9251,OK,GOV,0.675876,0.827276,0.596404,0.800000,0.800000,0.800000,review,review,correct,0
s0-c2-944,CAM-2,2,JSZ7497,TX,TEMP,JSZ7H97,TX,TRAILER,0.692142,0.790871,0.674577,0.800000,0.800000,0.800000,review,review,correct,0
s0-c2-945,CAM-2,2,PJI9281,OK,TEMP,PJI9281,AZ,TEMP,0.631117,0.615615,0.896210,0.800000,0.800000,0.800000,review,review,correct,0
s0-c2-946,CAM-2,2,ICY1388,OK,GOV,NCY1388,OK,GOV,0.364416,0.725191,0.506424,0.800000,0.800000,0.800000,review,review,correct,0
s0-c2-947,CAM-2,2,ITB1520,CA,PASSENGER,ITB1520,TX,PASSENGER,0.559081,0.692904,0.905737,0.800000,0.800000,0.800000,review,review,correct,0
s0-c2-948,CAM-2,2,LNX3972,NM,COMMERCIAL,L6X3972,NM,COMMERCIAL,0.933556,0.777869,0.802040,0.800000,0.800000,0.800000,review,review,correct,0
s0-c2-949,CAM-2,2,CLA9058,NV,TEMP,CLA9058,NV,TEMP,0.887199,0.612137,0.763140,0.800000,0.800000,0.800000,review,review,type2,1
s0-c2-950,CAM-2,2,FJZ1459,NV,TEMP,FJZ1459,NV,COMMERCIAL,0.490377,0.780616,0.660351,0.800000,0.800000,0.800000,review,review,correct,0
s0-c2-951,CAM-2,2,OOV4182,OK,PASSENGER,GOV4182,OK,PASSENGER,0.584977,0.720585,0.855959,0.800000,0.800000,0.800000,review,review,correct,0
s0-c2-952,CAM-2,2,CMO1022,FL,GOV,CMO1022,FL,GOV,0.688346,0.901965,0.550626,0.800000,0.800000,0.800000,review,review,type2,1
s0-c2-953,CAM-2,2,ZGR0118,CO,COMMERCIAL,ZGR0118,CO,GOV,0.794788,0.733220,0.661134,0.800000,0.800000,0.800000,review,review,correct,0
s0-c2-954,CAM-2,2,VVC2632,NV,PASSENGER,VVCR632,FL,COMMERCIAL,0.299526,0.577491,0.551907,0.800000,0.800000,0.800000,review,review,correct,0
s0-c2-955,CAM-2,2,ZFG5216,NV,TEMP,ZFG5216,NV,TEMP,0.952181,0.850149,0.761159,0.800000,0.800000,0.800000,review,review,type2,1
s0-c2-956,CAM-2,2,TPL1723,NV,GOV,TPL1723,NV,GOV,0.745358,0.921055,0.870504,0.800000,0.800000,0.800000,review,review,type2,1
s0-c2-957,CAM-2,2,AKC3844,NV,PASSENGER,AKC3844,NM,PASSENGER,0.615151,0.278310,0.498364,0.800000,0.800000,0.800000,review,review,correct,0
s0-c2-958,CAM-2,2,BXO9307,AZ,GOV,TXO9307,AZ,PASSENGER,0.572481,0.657235,0.370586,0.800000,0.800000,0.800000,review,review,correct,0
s0-c2-959,CAM-2,2,FHW9710,CA,TRAILER,FHWE710,CA,TEMP,0.750764,0.793069,0.249536,0.800000,0.800000,0.800000,review,review,correct,0
s0-c2-960,CAM-2,2,AAG1814,FL,PASSENGER,AWG1814,OK,PASSENGER,0.441520,0.419874,0.876135,0.800000,0.800000,0.800000,review,review,correct,0
s0-c2-961,CAM-2,2,IQK2555,FL,GOV,IQK2555,FL,GOV,0.874157,0.680960,0.888116,0.800000,0.800000,0.800000,review,review,type2,1
s0-c2-962,CAM-2,2,HDT0987,CO,PASSENGER,HDT0987,AZ,PASSENGER,0.908097,0.683460,0.950973,0.800000,0.800000,0.800000,review,review,correct,0
s0-c2-963,CAM-2,2,TVZ2950,AZ,TRAILER,TVZ2950,AZ,TRAILER,0.824532,0.659072,0.839067,0.800000,0.800000,0.800000,review,review,type2,1
s0-c2-964,CAM-2,2,ANJ8679,CO,GOV,ANJA679,NV,PASSENGER,0.637667,0.455139,0.167609,0.800000,0.800000,0.800000,review,review,correct,0
s0-c2-965,CAM-2,2,IFK0933,CA,TRAILER,IFK0933,CA,TRAILER,0.858461,0.802405,0.674125,0.800000,0.800000,0.800000,review,review,type2,1
s0-c2-966,CAM-2,2,XUX1644,CO,PASSENGER,XUX1644,OK,PASSENGER,0.634516,0.524839,0.769324,0.800000,0.800000,0.800000,review,review,correct,0
s0-c2-967,CAM-2,2,CYJ8306,AZ,TEMP,CYJ8306,AZ,TEMP,0.884526,0.705070,0.853902,0.800000,0.800000,0.800000,review,review,type2,1
s0-c2-968,CAM-2,2,KCU7293,CA,PASSENGER,KCU7293,CA,COMMERCIAL,0.798470,0.371458,0.396445,0.800000,0.800000,0.800000,review,review,correct,0
s0-c2-969,CAM-2,2,WKP3212,TX,TEMP,WRP3212,FL,TEMP,0.330866,0.775431,0.567192,0.800000,0.800000,0.800000,review,review,correct,0
s0-c2-970,CAM-2,2,YBL1041,AZ,GOV,YQL1041,OK,GOV,0.855911,0.867587,0.742640,0.800000,0.800000,0.800000,review,review,correct,0
s0-c2-971,CAM-2,2,PJD1814,CA,COMMERCIAL,PBD1814,CA,COMMERCIAL,0.548032,0.546238,0.829564,0.800000,0.800000,0.800000,review,review,correct,0
s0-c2-972,CAM-2,2,RLH8014,FL,TEMP,WLH8014,FL,TEMP,0.852315,0.813459,0.771043,0.800000,0.800000,0.800000,review,review,correct,0
s0-c2-973,CAM-2,2,NTA9759,CO,PASSENGER,RTA9759,CO,PASSENGER,0.350677,0.671212,0.803013,0.800000,0.800000,0.800000,review,review,correct,0
s0-c2-974,CAM-2,2,LRJ9999,CA,TEMP,LRJ9999,CA,TEMP,0.877434,0.880016,0.858532,0.800000,0.800000,0.800000,auto_clear,none,,1
s0-c2-975,CAM-2,2,SYP6658,FL,COMMERCIAL,SYP6658,AZ,COMMERCIAL,0.906554,0.499005,0.427471,0.800000,0.800000,0.800000,review,review,correct,0
s0-c2-976,CAM-2,2,FLF9103,TX,GOV,FLFO103,OK,TRAILER,0.554797,0.608441,0.462806,0.800000,0.800000,0.800000,review,review,correct,0
s0-c2-977,CAM-2,2,GHM7561,CO,COMMERCIAL,GHM75S1,CO,TEMP,0.552686,0.584196,0.801075,0.800000,0.800000,0.800000,review,review,correct,0
s0-c2-978,CAM-2,2,TGH2694,NM,PASSENGER,TGH2694,NM,PASSENGER,0.735175,0.662469,0.756153,0.800000,0.800000,0.800000,review,review,type2,1
s0-c2-979,CAM-2,2,AEY0264,CA,PASSENGER,AEY0264,CA,PASSENGER,0.539209,0.906624,0.782453,0.800000,0.800000,0.800000,review,review,type2,1
s0-c2-980,CAM-2,2,TJA7873,CO,COMMERCIAL,TJA78Y3,CO,COMMERCIAL,0.729425,0.805038,0.634801,0.800000,0.800000,0.800000,review,review,correct,0
s0-c2-981,CAM-2,2,UVC7931,AZ,TEMP,UVC7931,AZ,TEMP,0.824552,0.791880,0.629565,0.800000,0.800000,0.800000,review,review,type2,1
s0-c2-982,CAM-2,2,NIC9517,OK,TRAILER,NIC9517,OK,TRAILER,0.722925,0.814962,0.534991,0.800000,0.800000,0.800000,review,review,type2,1
s0-c2-983,CAM-2,2,LVE9865,NV,PASSENGER,LVE9865,NV,PASSENGER,0.930351,0.852838,0.566620,0.800000,0.800000,0.800000,review,review,type2,1
s0-c2-984,CAM-2,2,MCJ9933,OK,GOV,MCJ9933,TX,GOV,0.304173,0.573506,0.727718,0.800000,0.800000,0.800000,review,review,correct,0
s0-c2-985,CAM-2,2,RCX0143,NM,PASSENGER,RCX0143,NM,TRAILER,0.726064,0.605345,0.590218,0.800000,0.800000,0.800000,review,review,correct,0
s0-c2-986,CAM-2,2,OEG5972,FL,GOV,OEG5972,FL,TEMP,0.604721,0.835754,0.689197,0.800000,0.800000,0.800000,review,review,correct,0
s0-c2-987,CAM-2,2,JAC9280,OK,TRAILER,JAC9280,OK,TRAILER,0.848887,0.809322,0.843999,0.800000,0.800000,0.800000,auto_clear,none,,1
s0-c2-988,CAM-2,2,NIC7621,CO,TEMP,NIC7621,FL,TEMP,0.789037,0.446603,0.768895,0.800000,0.800000,0.800000,review,review,correct,0
s0-c2-989,CAM-2,2,LRO0651,OK,GOV,LRO065O,OK,GOV,0.539055,0.786276,0.770752,0.800000,0.800000,0.800000,review,review,correct,0
s0-c2-990,CAM-2,2,GZV6024,NV,PASSENGER,GZV6024,CO,PASSENGER,0.487375,0.596025,0.821138,0.800000,0.800000,0.800000,review,review,correct,0
s0-c2-991,CAM-2,2,KQG0003,CO,TEMP,KQG0003,CO,TEMP,0.711345,0.628975,0.848664,0.800000,0.800000,0.800000,review,review,type2,1
s0-c2-992,CAM-2,2,EGU5070,AZ,PASSENGER,EGU5070,NV,PASSENGER,0.929822,0.766217,0.790884,0.800000,0.800000,0.800000,review,review,correct,0
s0-c2-993,CAM-2,2,BZF4158,NM,TRAILER,BZF4158,NM,COMMERCIAL,0.819622,0.786876,0.367163,0.800000,0.800000,0.800000,review,review,correct,0
s0-c2-994,CAM-2,2,XHU7366,CA,TEMP,XHU7366,CA,TEMP,0.879713,0.610193,0.606730,0.800000,0.800000,0.800000,review,review,type2,1
s0-c2-995,CAM-2,2,KIJ5639,OK,TRAILER,KIJ5639,AZ,TRAILER,0.844599,0.743904,0.608472,0.800000,0.800000,0.800000,review,review,correct,0
s0-c2-996,CAM-2,2,FQA5175,OK,GOV,FQA5175,CA,COMMERCIAL,0.613925,0.420140,0.406448,0.800000,0.800000,0.800000,review,review,correct,0
s0-c2-997,CAM-2,2,FLY2091,NV,GOV,FLY2091,NV,GOV,0.591873,0.758383,0.732097,0.800000,0.800000,0.800000,review,review,type2,1
s0-c2-998,CAM-2,2,JEU5857,FL,PASSENGER,JEU5R57,FL,GOV,0.606633,0.666758,0.492402,0.800000,0.800000,0.800000,review,review,correct,0
s0-c2-999,CAM-2,2,VDW0315,AZ,PASSENGER,VDW0315,AZ,PASSENGER,0.941332,0.790722,0.612604,0.800000,0.800000,0.800000,review,review,type2,1
s0-c2-1000,CAM-2,2,UQD5729,AZ,PASSENGER,UQD5729,AZ,PASSENGER,0.705314,0.863351,0.581866,0.800000,0.800000,0.800000,review,review,type2,1
s0-c2-1001,CAM-2,2,XWM8099,TX,GOV,RWM8099,TX,COMMERCIAL,0.744383,0.710440,0.522857,0.800000,0.800000,0.800000,review,review,correct,0
s0-c2-1002,CAM-2,2,ICA3957,OK,TEMP,ICAD957,OK,TRAILER,0.892807,0.852105,0.730228,0.800000,0.800000,0.800000,review,review,correct,0
s0-c2-1003,CAM-2,2,ZGV9796,FL,PASSENGER,ZGV9796,FL,TEMP,0.690779,0.683275,0.650114,0.800000,0.800000,0.800000,review,review,correct,0
s0-c2-1004,CAM-2,2,SUF9494,AZ,TRAILER,SUF9494,OK,TRAILER,0.827583,0.450787,0.472255,0.800000,0.800000,0.800000,review,review,correct,0
s0-c2-1005,CAM-2,2,MAS8119,FL,PASSENGER,MAS8119,FL,PASSENGER,0.711152,0.803716,0.655687,0.800000,0.800000,0.800000,review,review,type2,1
s0-c2-1006,CAM-2,2,IMZ1881,NV,PASSENGER,IMZ1881,AZ,PASSENGER,0.925811,0.462536,0.945289,0.800000,0.800000,0.800000,review,review,correct,0
s0-c2-1007,CAM-2,2,VLZ6368,CO,COMMERCIAL,VLZ6368,CO,COMMERCIAL,0.724155,0.793936,0.505315,0.800000,0.800000,0.800000,review,review,type2,1
s0-c2-1008,CAM-2,2,VFO9069,CO,TRAILER,VFO9069,CO,TRAILER,0.932853,0.802104,0.287085,0.800000,0.800000,0.800000,review,review,type2,1
s0-c2-1009,CAM-2,2,NXC9728,TX,TEMP,NXC9728,CA,TEMP,0.636138,0.391101,0.521305,0.800000,0.800000,0.800000,review,review,correct,0
s0-c2-1010,CAM-2,2,VQR3590,CA,TRAILER,YQR3590,OK,TRAILER,0.462001,0.806727,0.883205,0.800000,0.800000,0.800000,review,review,correct,0
s0-c2-1011,CAM-2,2,XID5562,OK,TRAILER,XIDV562,FL,TEMP,0.447491,0.690563,0.427533,0.800000,0.800000,0.800000,review,review,correct,0
s0-c2-1012,CAM-2,2,YJW0130,CO,TRAILER,YJW0130,CO,TRAILER,0.758199,0.580541,0.695648,0.800000,0.800000,0.800000,review,review,type2,1
s0-c2-1013,CAM-2,2,PPV4255,TX,GOV,PPV4T55,FL,GOV,0.665334,0.577165,0.739564,0.800000,0.800000,0.800000,review,review,correct,0
s0-c2-1014,CAM-2,2,ILG9458,FL,TRAILER,ILG9458,CA,TRAILER,0.866338,0.496338,0.694556,0.800000,0.800000,0.800000,review,review,correct,0
s0-c2-1015,CAM-2,2,PNN9839,AZ,TEMP,PNN9839,AZ,TEMP,0.879243,0.817316,0.639287,0.800000,0.800000,0.800000,review,review,type2,1
s0-c2-1016,CAM-2,2,IHD4096,NV,TEMP,MHD4096,NM,PASSENGER,0.646130,0.643843,0.552170,0.800000,0.800000,0.800000,review,review,correct,0
s0-c2-1017,CAM-2,2,LFK4886,FL,GOV,LFK4886,FL,PASSENGER,0.925421,0.570468,0.775594,0.800000,0.800000,0.800000,review,review,correct,0
s0-c2-1018,CAM-2,2,BLT8912,CO,PASSENGER,BLT8912,CO,PASSENGER,0.480177,0.688050,0.487301,0.800000,0.800000,0.800000,review,review,type2,1
s0-c2-1019,CAM-2,2,KEJ6537,AZ,GOV,KEJ6537,FL,GOV,0.869254,0.508975,0.338296,0.800000,0.800000,0.800000,review,review,correct,0
s0-c2-1020,CAM-2,2,MNW7327,CO,COMMERCIAL,MNW7327,FL,COMMERCIAL,0.785216,0.825834,0.716258,0.800000,0.800000,0.800000,review,review,correct,0
s0-c2-1021,CAM-2,2,AFP6984,NV,GOV,AFP6984,NV,GOV,0.734304,0.793649,0.702924,0.800000,0.800000,0.800000,review,review,type2,1
s0-c2-1022,CAM-2,2,QPC9709,AZ,COMMERCIAL,QPC9709,CA,TEMP,0.964540,0.484213,0.727509,0.800000,0.800000,0.800000,review,review,correct,0
s0-c2-1023,CAM-2,2,MLF7342,AZ,TRAILER,MLF7342,CO,TRAILER,0.616340,0.635441,0.512837,0.800000,0.800000,0.800000,review,review,correct,0
s0-c2-1024,CAM-2,2,HIK4469,NV,TEMP,HIK4469,NV,TEMP,0.609297,0.846904,0.831652,0.800000,0.800000,0.800000,review,review,type2,1
s0-c2-1025,CAM-2,2,WWP5403,OK,PASSENGER,WWP5403,AZ,PASSENGER,0.678392,0.652298,0.726151,0.800000,0.800000,0.800000,review,review,correct,0
s0-c2-1026,CAM-2,2,LIC5720,NM,GOV,LIC5720,CA,GOV,0.920117,0.665505,0.772522,0.800000,0.800000,0.800000,review,review,correct,0
s0-c2-1027,CAM-2,2,WIJ7220,AZ,PASSENGER,WIJ7220,AZ,PASSENGER,0.456138,0.617957,0.549158,0.800000,0.800000,0.800000,review,review,type2,1
s0-c2-1028,CAM-2,2,WWL1936,FL,COMMERCIAL,WWL1936,FL,COMMERCIAL,0.945390,0.547945,0.575616,0.800000,0.800000,0.800000,review,review,type2,1
s0-c2-1029,CAM-2,2,DWX9023,CO,COMMERCIAL,DWX9023,CO,TRAILER,0.915719,0.614336,0.517512,0.800000,0.800000,0.800000,review,review,correct,0
s0-c2-1030,CAM-2,2,XZH9185,NV,GOV,XZH9185,NV,GOV,0.853430,0.919287,0.684362,0.800000,0.800000,0.800000,review,review,type2,1
s0-c2-1031,CAM-2,2,EHK9790,TX,PASSENGER,EHK9790,TX,PASSENGER,0.505837,0.732834,0.718529,0.800000,0.800000,0.800000,review,review,type2,1
s0-c2-1032,CAM-2,2,EJH3017,AZ,GOV,EJH3017,AZ,GOV,0.763321,0.772093,0.586892,0.800000,0.800000,0.800000,review,review,type2,1
s0-c2-1033,CAM-2,2,XRV5350,CO,PASSENGER,XRV5D50,CO,PASSENGER,0.529982,0.700863,0.678748,0.800000,0.800000,0.800000,review,review,correct,0
s0-c2-1034,CAM-2,2,QYH6053,NM,TRAILER,QYH6053,NM,TRAILER,0.820043,0.783469,0.516684,0.800000,0.800000,0.800000,review,review,type2,1
s0-c2-1035,CAM-2,2,EQN4158,FL,PASSENGER,EQN4158,FL,PASSENGER,0.505035,0.790051,0.280030,0.800000,0.800000,0.800000,review,review,type2,1
s0-c2-1036,CAM-2,2,ZKS0298,NV,GOV,ZK20298,OK,GOV,0.608064,0.470360,0.567742,0.800000,0.800000,0.800000,review,review,correct,0
s0-c2-1037,CAM-2,2,VDA7261,CO,PASSENGER,VDA7261,CO,COMMERCIAL,0.525211,0.797336,0.451592,0.800000,0.800000,0.800000,review,review,correct,0
s0-c2-1038,CAM-2,2,HOW2247,NM,COMMERCIAL,HOW2247,NM,COMMERCIAL,0.863503,0.665859,0.684819,0.800000,0.800000,0.800000,review,review,type2,1
s0-c2-1039,CAM-2,2,KKQ5049,TX,TEMP,KKI5049,TX,PASSENGER,0.707386,0.879835,0.550774,0.800000,0.800000,0.800000,review,review,correct,0
s0-c2-1040,CAM-2,2,UJB0662,CA,PASSENGER,UJ60662,CA,PASSENGER,0.707458,0.346942,0.597252,0.800000,0.800000,0.800000,review,review,correct,0
s0-c2-1041,CAM-2,2,URN8101,NV,GOV,URN8101,NV,GOV,0.892573,0.802012,0.464326,0.800000,0.800000,0.800000,review,review,type2,1
s0-c2-1042,CAM-2,2,XUN1885,CO,PASSENGER,XGN1885,CA,TRAILER,0.439563,0.264260,0.504652,0.800000,0.800000,0.800000,review,review,correct,0
s0-c2-1043,CAM-2,2,LZR3741,CO,PASSENGER,LZR3941,CO,GOV,0.788592,0.449462,0.663421,0.800000,0.800000,0.800000,review,review,correct,0
s0-c2-1044,CAM-2,2,DEV9940,AZ,COMMERCIAL,DEV9940,FL,GOV,0.578041,0.602551,0.668178,0.800000,0.800000,0.800000,review,review,correct,0
s0-c2-1045,CAM-2,2,UDX4081,CA,GOV,UDX4081,CA,PASSENGER,0.763477,0.526457,0.565977,0.800000,0.800000,0.800000,review,review,correct,0
s0-c2-1046,CAM-2,2,AUY4899,TX,COMMERCIAL,AUY4899,TX,COMMERCIAL,0.748067,0.510904,0.787991,0.800000,0.800000,0.800000,review,review,type2,1
s0-c2-1047,CAM-2,2,GRL3396,TX,PASSENGER,GRL3396,FL,PASSENGER,0.520514,0.465431,0.598005,0.800000,0.800000,0.800000,review,review,correct,0
s0-c2-1048,CAM-2,2,LUN3199,FL,COMMERCIAL,LUN3199,FL,TRAILER,0.694557,0.645873,0.645273,0.800000,0.800000,0.800000,review,review,correct,0
s0-c2-1049,CAM-2,2,CWK9500,FL,GOV,CWK9500,FL,GOV,0.694079,0.704644,0.657446,0.800000,0.800000,0.800000,review,review,type2,1
s0-c2-1050,CAM-2,2,JGN1874,CO,PASSENGER,JGN1874,AZ,PASSENGER,0.811647,0.730437,0.698763,0.800000,0.800000,0.800000,review,review,correct,0
s0-c2-1051,CAM-2,2,XCQ8924,CA,GOV,XCQ8924,CA,COMMERCIAL,0.722611,0.598223,0.505058,0.800000,0.800000,0.800000,review,review,correct,0
s0-c2-1052,CAM-2,2,ION5563,NV,COMMERCIAL,0ON5563,AZ,COMMERCIAL,0.607809,0.599902,0.739875,0.800000,0.800000,0.800000,review,review,correct,0
s0-c2-1053,CAM-2,2,QAE1488,TX,TEMP,QAE1488,OK,TEMP,0.606692,0.747334,0.794497,0.800000,0.800000,0.800000,review,review,correct,0
s0-c2-1054,CAM-2,2,HKW5133,FL,COMMERCIAL,HKW5133,FL,COMMERCIAL,0.762407,0.641035,0.643261,0.800000,0.800000,0.800000,review,review,type2,1
s0-c2-1055,CAM-2,2,IBI1719,TX,COMMERCIAL,IBI1719,TX,GOV,0.944863,0.740379,0.829045,0.800000,0.800000,0.800000,review,review,correct,0
s0-c2-1056,CAM-2,2,HFL1138,AZ,PASSENGER,HFL1138,CA,PASSENGER,0.848252,0.513868,0.795388,0.800000,0.800000,0.800000,review,review,correct,0
s0-c2-1057,CAM-2,2,PDT4820,CA,GOV,PDT4820,CA,GOV,0.630201,0.753658,0.621418,0.800000,0.800000,0.800000,review,review,type2,1
s0-c2-1058,CAM-2,2,OCP9613,CA,TRAILER,OEP9613,CA,TRAILER,0.758934,0.902204,0.782751,0.800000,0.800000,0.800000,review,review,correct,0
s0-c2-1059,CAM-2,2,HJW8642,OK,COMMERCIAL,HJW8642,AZ,COMMERCIAL,0.892580,0.687319,0.653687,0.800000,0.800000,0.800000,review,review,correct,0
s0-c2-1060,CAM-2,2,DJO0997,AZ,PASSENGER,DJOI997,NM,GOV,0.547171,0.720894,0.385996,0.800000,0.800000,0.800000,review,review,correct,0
s0-c2-1061,CAM-2,2,YBP2310,TX,GOV,YBP2310,NV,TEMP,0.658612,0.317555,0.715255,0.800000,0.800000,0.800000,review,review,correct,0
s0-c2-1062,CAM-2,2,STQ5305,AZ,PASSENGER,STU5305,FL,GOV,0.606368,0.494736,0.877808,0.800000,0.800000,0.800000,review,review,correct,0
s0-c2-1063,CAM-2,2,GNO2322,CA,TRAILER,GNO23W2,CA,TRAILER,0.629578,0.668434,0.647082,0.800000,0.800000,0.800000,review,review,correct,0
s0-c2-1064,CAM-2,2,VEK0556,CO,GOV,VEK05R6,CO,GOV,0.738929,0.890400,0.753356,0.800000,0.800000,0.800000,review,review,correct,0
s0-c2-1065,CAM-2,2,CPQ3818,CA,PASSENGER,CPQ3818,FL,GOV,0.746485,0.517783,0.740165,0.800000,0.800000,0.800000,review,review,correct,0
s0-c2-1066,CAM-2,2,ISZ4950,FL,PASSENGER,ISZ4950,FL,PASSENGER,0.953416,0.539559,0.880496,0.800000,0.800000,0.800000,review,review,type2,1
s0-c2-1067,CAM-2,2,PQL9330,OK,TRAILER,PQL9330,OK,TRAILER,0.538253,0.597141,0.584875,0.800000,0.800000,0.800000,review,review,type2,1
s0-c2-1068,CAM-2,2,STQ0623,FL,TEMP,STQ0623,FL,GOV,0.852189,0.833751,0.542494,0.800000,0.800000,0.800000,review,review,correct,0
s0-c2-1069,CAM-2,2,OJT5828,NV,TEMP,OJT5828,NV,PASSENGER,0.709959,0.749701,0.423676,0.800000,0.800000,0.800000,review,review,correct,0
s0-c2-1070,CAM-2,2,HCX5201,CA,PASSENGER,HCX5201,CA,PASSENGER,0.858643,0.884267,0.737969,0.800000,0.800000,0.800000,review,review,type2,1
s0-c2-1071,CAM-2,2,TYT5012,TX,TEMP,TYTV012,TX,TEMP,0.563034,0.779175,0.831465,0.800000,0.800000,0.800000,review,review,correct,0
s0-c2-1072,CAM-2,2,VFG2117,OK,PASSENGER,VFG2117,OK,GOV,0.569278,0.722290,0.544871,0.800000,0.800000,0.800000,review,review,correct,0
s0-c2-1073,CAM-2,2,XJP0930,NM,TRAILER,XJP0930,CA,TRAILER,0.876425,0.603928,0.562545,0.800000,0.800000,0.800000,review,review,correct,0
s0-c2-1074,CAM-2,2,POQ1050,TX,COMMERCIAL,POQ10D0,AZ,TRAILER,0.254947,0.379170,0.279211,0.800000,0.800000,0.800000,review,review,correct,0
s0-c2-1075,CAM-2,2,CNU4242,AZ,COMMERCIAL,CNU4242,OK,TRAILER,0.750037,0.526022,0.732541,0.800000,0.800000,0.800000,review,review,correct,0
s0-c2-1076,CAM-2,2,ZJA0019,NV,TRAILER,ZJA0019,NV,TRAILER,0.974750,0.686519,0.535198,0.800000,0.800000,0.800000,review,review,type2,1
s0-c2-1077,CAM-2,2,CBQ8065,TX,PASSENGER,CBQ8065,TX,TRAILER,0.789420,0.760995,0.721310,0.800000,0.800000,0.800000,review,review,correct,0
s0-c2-1078,CAM-2,2,IBA1221,OK,TRAILER,IBA1221,OK,TRAILER,0.697871,0.757227,0.804119,0.800000,0.800000,0.800000,review,review,type2,1
s0-c2-1079,CAM-2,2,PQK3837,CO,GOV,PQK3837,CO,COMMERCIAL,0.858102,0.538751,0.494428,0.800000,0.800000,0.800000,review,review,correct,0
s0-c2-1080,CAM-2,2,SQF3977,FL,TRAILER,SQF3977,FL,TEMP,0.972018,0.824032,0.681811,0.800000,0.800000,0.800000,review,review,correct,0
s0-c2-1081,CAM-2,2,JBI9330,NM,GOV,JBS9330,NM,TRAILER,0.867653,0.601845,0.752997,0.800000,0.800000,0.800000,review,review,correct,0
s0-c2-1082,CAM-2,2,UEY1300,FL,TEMP,UEY1300,FL,TEMP,0.939815,0.553397,0.785204,0.800000,0.800000,0.800000,review,review,type2,1
s0-c2-1083,CAM-2,2,OVU0670,NV,COMMERCIAL,OVU067G,OK,COMMERCIAL,0.808059,0.895319,0.714113,0.800000,0.800000,0.800000,review,review,correct,0
s0-c2-1084,CAM-2,2,LUK1055,TX,TEMP,LUK1055,AZ,GOV,0.781560,0.403230,0.122636,0.800000,0.800000,0.800000,review,review,correct,0
s0-c2-1085,CAM-2,2,HMJ9231,OK,COMMERCIAL,HWJ9231,OK,COMMERCIAL,0.530739,0.719255,0.631511,0.800000,0.800000,0.800000,review,review,correct,0
s0-c2-1086,CAM-2,2,AKJ8223,TX,TRAILER,AKJG223,CA,PASSENGER,0.784291,0.702439,0.672916,0.800000,0.800000,0.800000,review,review,correct,0
s0-c2-1087,CAM-2,2,NMB8602,FL,GOV,NTB8602,FL,GOV,0.479994,0.888275,0.811891,0.800000,0.800000,0.800000,review,review,correct,0
s0-c2-1088,CAM-2,2,OSJ7170,NM,TRAILER,OSJ7170,CA,COMMERCIAL,0.642601,0.380600,0.790834,0.800000,0.800000,0.800000,review,review,correct,0
s0-c2-1089,CAM-2,2,SWO0042,NM,TRAILER,SWO0042,NM,TRAILER,0.843644,0.671729,0.843071,0.800000,0.800000,0.800000,review,review,type2,1
s0-c2-1090,CAM-2,2,DFY4731,CO,TEMP,DFY4Q31,CO,COMMERCIAL,0.312878,0.603023,0.792268,0.800000,0.800000,0.800000,review,review,correct,0
s0-c2-1091,CAM-2,2,KZM4001,CO,COMMERCIAL,KZM4001,CO,COMMERCIAL,0.851082,0.836528,0.688953,0.800000,0.800000,0.800000,review,review,type2,1
s0-c2-1092,CAM-2,2,CRC6534,NV,GOV,CRC6534,NV,GOV,0.843997,0.746681,0.592125,0.800000,0.800000,0.800000,review,review,type2,1
s0-c2-1093,CAM-2,2,KRA5714,OK,PASSENGER,KRA0714,OK,PASSENGER,0.781883,0.628778,0.717446,0.800000,0.800000,0.800000,review,review,correct,0
s0-c2-1094,CAM-2,2,BAE0004,CA,PASSENGER,BAE0004,CA,PASSENGER,0.546444,0.878489,0.756002,0.800000,0.800000,0.800000,review,review,type2,1
s0-c2-1095,CAM-2,2,XRF2393,CO,PASSENGER,XRF23A3,CO,TEMP,0.838237,0.822913,0.562128,0.800000,0.800000,0.800000,review,review,correct,0
s0-c2-1096,CAM-2,2,VVL0405,NV,COMMERCIAL,VVL0405,NV,GOV,0.702103,0.624106,0.542411,0.800000,0.800000,0.800000,review,review,correct,0
s0-c2-1097,CAM-2,2,GTR5994,AZ,GOV,GTR5994,AZ,GOV,0.840789,0.850735,0.696785,0.800000,0.800000,0.800000,review,review,type2,1
s0-c2-1098,CAM-2,2,DKK8158,CO,PASSENGER,DKK815X,NM,PASSENGER,0.433177,0.702973,0.888462,0.800000,0.800000,0.800000,review,review,correct,0
s0-c2-1099,CAM-2,2,GHA0634,CA,TEMP,GHA0634,CA,GOV,0.734513,0.790888,0.446431,0.800000,0.800000,0.800000,review,review,correct,0
s0-c2-1100,CAM-2,2,KIO0899,NV,GOV,KIO0899,FL,TRAILER,0.615043,0.612530,0.508254,0.800000,0.800000,0.800000,review,review,correct,0
s0-c2-1101,CAM-2,2,IMB1943,NV,PASSENGER,IMF1943,NV,GOV,0.163472,0.561855,0.887082,0.800000,0.800000,0.800000,review,review,correct,0
s0-c2-1102,CAM-2,2,HMK7785,CO,TRAILER,HMK7785,FL,TRAILER,0.774556,0.436525,0.798641,0.800000,0.800000,0.800000,review,review,correct,0
s0-c2-1103,CAM-2,2,RZB1714,OK,TEMP,RZB1714,CA,GOV,0.725381,0.466015,0.613706,0.800000,0.800000,0.800000,review,review,correct,0
s0-c2-1104,CAM-2,2,HQU8570,FL,PASSENGER,HQU8570,FL,PASSENGER,0.562186,0.486911,0.758282,0.800000,0.800000,0.800000,review,review,type2,1
s0-c2-1105,CAM-2,2,DFS5007,AZ,TEMP,DFS500N,CA,TEMP,0.672874,0.567382,0.705537,0.800000,0.800000,0.800000,review,review,correct,0
s0-c2-1106,CAM-2,2,YEZ1099,FL,TRAILER,YEZ1099,NV,PASSENGER,0.670068,0.186717,0.501903,0.800000,0.800000,0.800000,review,review,correct,0
s0-c2-1107,CAM-2,2,VYE8836,CO,GOV,VYE8836,CO,GOV,0.393482,0.867096,0.894672,0.800000,0.800000,0.800000,review,review,type2,1
s0-c2-1108,CAM-2,2,GDK2642,AZ,TRAILER,GDK2642,AZ,TRAILER,0.744222,0.760192,0.636150,0.800000,0.800000,0.800000,review,review,type2,1
s0-c2-1109,CAM-2,2,WGS7021,FL,TRAILER,WGS7021,FL,TEMP,0.925283,0.724935,0.737242,0.800000,0.800000,0.800000,review,review,correct,0
s0-c2-1110,CAM-2,2,CPI8403,TX,GOV,CPI4403,TX,GOV,0.656059,0.658851,0.797980,0.800000,0.800000,0.800000,review,review,correct,0
s0-c2-1111,CAM-2,2,KBR5045,AZ,TRAILER,KBR5045,AZ,TRAILER,0.780243,0.768863,0.585539,0.800000,0.800000,0.800000,review,review,type2,1
s0-c2-1112,CAM-2,2,DLX7286,NM,PASSENGER,DLX7286,NM,COMMERCIAL,0.567224,0.545428,0.689099,0.800000,0.800000,0.800000,review,review,correct,0
s0-c2-1113,CAM-2,2,BYJ8792,CA,TEMP,BYJ8792,CA,TEMP,0.908480,0.725897,0.713314,0.800000,0.800000,0.800000,review,review,type2,1
s0-c2-1114,CAM-2,2,CTG4605,CO,TRAILER,CTG4605,CO,COMMERCIAL,0.350402,0.444504,0.459133,0.800000,0.800000,0.800000,review,review,correct,0
s0-c2-1115,CAM-2,2,BHD4618,OK,COMMERCIAL,BHD4618,NV,GOV,0.709749,0.537880,0.625992,0.800000,0.800000,0.800000,review,review,correct,0
s0-c2-1116,CAM-2,2,DXK4974,NV,COMMERCIAL,SXK4974,NV,TEMP,0.709231,0.660086,0.325021,0.800000,0.800000,0.800000,review,review,correct,0
s0-c2-1117,CAM-2,2,EMX8669,FL,COMMERCIAL,EMX8669,FL,COMMERCIAL,0.862837,0.573824,0.860291,0.800000,0.800000,0.800000,review,review,type2,1
s0-c2-1118,CAM-2,2,BCI8152,TX,COMMERCIAL,BCI8152,TX,COMMERCIAL,0.832376,0.915932,0.795556,0.800000,0.800000,0.800000,review,review,type2,1
s0-c2-1119,CAM-2,2,KKP7058,AZ,TRAILER,KKP7658,AZ,TRAILER,0.684167,0.634354,0.770621,0.800000,0.800000,0.800000,review,review,correct,0
s0-c2-1120,CAM-2,2,PSV6470,NV,TRAILER,PSV6470,NM,TRAILER,0.663907,0.599749,0.905051,0.800000,0.800000,0.800000,review,review,correct,0
s0-c2-1121,CAM-2,2,SKE6242,TX,GOV,SKE6A42,TX,GOV,0.740787,0.548506,0.757352,0.800000,0.800000,0.800000,review,review,correct,0
s0-c2-1122,CAM-2,2,XBS1482,CA,PASSENGER,XBS1482,CA,COMMERCIAL,0.873017,0.769921,0.717250,0.800000,0.800000,0.800000,review,review,correct,0
s0-c2-1123,CAM-2,2,OEM4540,FL,GOV,OEK4540,FL,GOV,0.556994,0.526785,0.575091,0.800000,0.800000,0.800000,review,review,correct,0
s0-c2-1124,CAM-2,2,XQM8192,AZ,TRAILER,XQM8196,OK,TEMP,0.517890,0.330032,0.296007,0.800000,0.800000,0.800000,review,review,correct,0
s0-c2-1125,CAM-2,2,MYM0219,NM,TEMP,MYM0219,FL,PASSENGER,0.875129,0.732534,0.616905,0.800000,0.800000,0.800000,review,review,correct,0
s0-c2-1126,CAM-2,2,STG7588,CA,COMMERCIAL,STG7588,CA,COMMERCIAL,0.839309,0.368582,0.724053,0.800000,0.800000,0.800000,review,review,type2,1
s0-c2-1127,CAM-2,2,EHH7953,CO,TEMP,EHH7953,CO,TEMP,0.750098,0.786538,0.855166,0.800000,0.800000,0.800000,review,review,type2,1
s0-c2-1128,CAM-2,2,TGJ3071,AZ,TEMP,TGJ3071,AZ,PASSENGER,0.824569,0.691239,0.607184,0.800000,0.800000,0.800000,review,review,correct,0
s0-c2-1129,CAM-2,2,JJH1714,TX,PASSENGER,JJH1714,TX,PASSENGER,0.647445,0.666839,0.732623,0.800000,0.800000,0.800000,review,review,type2,1
s0-c2-1130,CAM-2,2,UKN4595,CO,TEMP,UK24595,NM,TEMP,0.685008,0.599779,0.560726,0.800000,0.800000,0.800000,review,review,correct,0
s0-c2-1131,CAM-2,2,TFF6605,NM,TEMP,TFF6605,CA,COMMERCIAL,0.938352,0.693199,0.733154,0.800000,0.800000,0.800000,review,review,correct,0
s0-c2-1132,CAM-2,2,BDL5130,CA,PASSENGER,B3L5130,CA,PASSENGER,0.320630,0.441775,0.389727,0.800000,0.800000,0.800000,review,review,correct,0
s0-c2-1133,CAM-2,2,FVK0184,NV,TEMP,FVK0184,NV,TEMP,0.754508,0.592795,0.868094,0.800000,0.800000,0.800000,review,review,type2,1
s0-c2-1134,CAM-2,2,GCI1077,CO,COMMERCIAL,GCI1077,CO,COMMERCIAL,0.700731,0.832183,0.595283,0.800000,0.800000,0.800000,review,review,type2,1
s0-c2-1135,CAM-2,2,ZJL3452,TX,PASSENGER,ZJL3452,TX,PASSENGER,0.443531,0.934952,0.799936,0.800000,0.800000,0.800000,review,review,type2,1
s0-c2-1136,CAM-2,2,LHT0244,CO,TEMP,LHT02W4,CO,PASSENGER,0.259215,0.708853,0.349917,0.800000,0.800000,0.800000,review,review,correct,0
s0-c2-1137,CAM-2,2,MMP9199,CA,TRAILER,M4P9199,CA,TEMP,0.336884,0.902181,0.694014,0.800000,0.800000,0.800000,review,review,correct,0
s0-c2-1138,CAM-2,2,NHO3915,TX,COMMERCIAL,NHO3915,TX,COMMERCIAL,0.611326,0.853618,0.371301,0.800000,0.800000,0.800000,review,review,type2,1
s0-c2-1139,CAM-2,2,IUV8302,FL,TRAILER,IUV8P02,NM,TRAILER,0.503495,0.434632,0.522588,0.800000,0.800000,0.800000,review,review,correct,0
s0-c2-1140,CAM-2,2,RKR5646,TX,TRAILER,RKR5646,TX,TRAILER,0.458166,0.836608,0.746254,0.800000,0.800000,0.800000,review,review,type2,1
s0-c2-1141,CAM-2,2,SAG1954,CO,PASSENGER,SAG1954,CO,PASSENGER,0.681910,0.837186,0.859121,0.800000,0.800000,0.800000,review,review,type2,1
s0-c2-1142,CAM-2,2,GPI6630,FL,COMMERCIAL,GPI6B30,FL,COMMERCIAL,0.747987,0.525583,0.865438,0.800000,0.800000,0.800000,review,review,correct,0
s0-c2-1143,CAM-2,2,AGW6240,FL,TRAILER,AGW6240,FL,TRAILER,0.619434,0.848907,0.910431,0.800000,0.800000,0.800000,review,review,type2,1
s0-c2-1144,CAM-2,2,NEM0564,AZ,PASSENGER,NEM0564,AZ,TRAILER,0.624034,0.806392,0.922898,0.800000,0.800000,0.800000,review,review,correct,0
s0-c2-1145,CAM-2,2,JUN7601,AZ,COMMERCIAL,J8N7601,CO,COMMERCIAL,0.430213,0.881682,0.562085,0.800000,0.800000,0.800000,review,review,correct,0
s0-c2-1146,CAM-2,2,HZF7829,CA,COMMERCIAL,H0F7829,CA,COMMERCIAL,0.573345,0.775161,0.834475,0.800000,0.800000,0.800000,review,review,correct,0
s0-c2-1147,CAM-2,2,TKZ3597,OK,PASSENGER,TKZ359X,CA,PASSENGER,0.725381,0.681836,0.827503,0.800000,0.800000,0.800000,review,review,correct,0
s0-c2-1148,CAM-2,2,EKH4996,NM,PASSENGER,EKH4996,NM,PASSENGER,0.816445,0.682784,0.612281,0.800000,0.800000,0.800000,review,review,type2,1
s0-c2-1149,CAM-2,2,VZB4143,CA,PASSENGER,VZB4143,TX,PASSENGER,0.329879,0.332194,0.551764,0.800000,0.800000,0.800000,review,review,correct,0
s0-c2-1150,CAM-2,2,OOG5808,CA,GOV,OOG5868,CA,GOV,0.566295,0.732085,0.789676,0.800000,0.800000,0.800000,review,review,correct,0
s0-c2-1151,CAM-2,2,YRY7561,TX,TRAILER,YRY7561,TX,TRAILER,0.765241,0.867369,0.537848,0.800000,0.800000,0.800000,review,review,type2,1
s0-c2-1152,CAM-2,2,DNE3688,TX,PASSENGER,DNE3688,TX,PASSENGER,0.780005,0.806295,0.506040,0.800000,0.800000,0.800000,review,review,type2,1
s0-c2-1153,CAM-2,2,XHC2425,TX,COMMERCIAL,XHC2425,TX,COMMERCIAL,0.690569,0.814779,0.648188,0.800000,0.800000,0.800000,review,review,type2,1
s0-c2-1154,CAM-2,2,LDR0905,NV,COMMERCIAL,LDR0905,NV,COMMERCIAL,0.959225,0.711635,0.689135,0.800000,0.800000,0.800000,review,review,type2,1
s0-c2-1155,CAM-2,2,JMD8366,OK,COMMERCIAL,JMD8366,OK,COMMERCIAL,0.749884,0.855123,0.725575,0.800000,0.800000,0.800000,review,review,type2,1
s0-c2-1156,CAM-2,2,KNF8728,TX,TEMP,KNF8728,TX,PASSENGER,0.960526,0.836945,0.768248,0.800000,0.800000,0.800000,review,review,correct,0
s0-c2-1157,CAM-2,2,YQT2759,FL,TRAILER,HQT2759,FL,TEMP,0.378300,0.372873,0.411057,0.800000,0.800000,0.800000,review,review,correct,0
s0-c2-1158,CAM-2,2,YNU6743,FL,PASSENGER,YNU6Q43,CO,PASSENGER,0.681071,0.717774,0.769064,0.800000,0.800000,0.800000,review,review,correct,0
s0-c2-1159,CAM-2,2,SGA6080,OK,COMMERCIAL,SGA6080,OK,COMMERCIAL,0.520680,0.504135,0.514957,0.800000,0.800000,0.800000,review,review,type2,1
s0-c2-1160,CAM-2,2,MAW1727,CA,PASSENGER,MAW1727,CA,PASSENGER,0.943593,0.598394,0.802824,0.800000,0.800000,0.800000,review,review,type2,1
s0-c2-1161,CAM-2,2,WFW8625,FL,GOV,WFW8625,FL,GOV,0.699172,0.802271,0.540662,0.800000,0.800000,0.800000,review,review,type2,1
s0-c2-1162,CAM-2,2,SWB5398,TX,TEMP,SWB5398,TX,TEMP,0.804902,0.763994,0.938421,0.800000,0.800000,0.800000,review,review,type2,1
s0-c2-1163,CAM-2,2,HGP7762,NM,GOV,HGP7D62,NM,GOV,0.859956,0.806319,0.790448,0.800000,0.800000,0.800000,review,review,correct,0
s0-c2-1164,CAM-2,2,ETO2375,NM,PASSENGER,ETO2375,OK,PASSENGER,0.784434,0.655757,0.577991,0.800000,0.800000,0.800000,review,review,correct,0
s0-c2-1165,CAM-2,2,VUT9867,FL,TRAILER,VUT9867,FL,TRAILER,0.902984,0.646175,0.760756,0.800000,0.800000,0.800000,review,review,type2,1
s0-c2-1166,CAM-2,2,HHU5133,OK,COMMERCIAL,HHU5133,OK,PASSENGER,0.599681,0.669726,0.602644,0.800000,0.800000,0.800000,review,review,correct,0
s0-c2-1167,CAM-2,2,POE5567,NV,TEMP,POE5567,FL,PASSENGER,0.825584,0.364930,0.312109,0.800000,0.800000,0.800000,review,review,correct,0
s0-c2-1168,CAM-2,2,XDO1309,CA,TEMP,XDO1309,NV,PASSENGER,0.843119,0.490212,0.365060,0.800000,0.800000,0.800000,review,review,correct,0
s0-c2-1169,CAM-2,2,AWQ0945,AZ,PASSENGER,AWY0945,AZ,TRAILER,0.680169,0.861356,0.733299,0.800000,0.800000,0.800000,review,review,correct,0
s0-c2-1170,CAM-2,2,TPZ1519,AZ,TRAILER,TPZ1519,AZ,COMMERCIAL,0.513871,0.667748,0.857037,0.800000,0.800000,0.800000,review,review,correct,0
s0-c2-1171,CAM-2,2,IDJ1267,AZ,COMMERCIAL,IDJ1Z67,AZ,COMMERCIAL,0.501846,0.808876,0.808267,0.800000,0.800000,0.800000,review,review,correct,0
s0-c2-1172,CAM-2,2,ZKZ5574,OK,TRAILER,ZKZ5574,OK,TRAILER,0.525959,0.876006,0.603985,0.800000,0.800000,0.800000,review,review,type2,1
s0-c2-1173,CAM-2,2,HIF2682,AZ,GOV,HIF2682,NV,GOV,0.954474,0.611751,0.636362,0.800000,0.800000,0.800000,review,review,correct,0
s0-c2-1174,CAM-2,2,UCP2491,AZ,TEMP,USP2491,AZ,GOV,0.581883,0.786062,0.550382,0.800000,0.800000,0.800000,review,review,correct,0
s0-c2-1175,CAM-2,2,KFF3700,CO,GOV,KFF3700,CA,GOV,0.922020,0.560171,0.493973,0.800000,0.800000,0.800000,review,review,correct,0
s0-c2-1176,CAM-2,2,OHZ7523,NV,TEMP,OHZ7593,NV,TEMP,0.858480,0.887244,0.869786,0.800000,0.800000,0.800000,auto_clear,none,,0
s0-c2-1177,CAM-2,2,AJN6308,NM,TEMP,AJN6308,NM,PASSENGER,0.486903,0.520091,0.652732,0.800000,0.800000,0.800000,review,review,correct,0
s0-c2-1178,CAM-2,2,FGI2624,TX,TEMP,FGI2624,TX,TEMP,0.817455,0.923327,0.829411,0.800000,0.800000,0.800000,auto_clear,none,,1
s0-c2-1179,CAM-2,2,DLW2724,AZ,TEMP,DYW2724,TX,COMMERCIAL,0.758220,0.774912,0.640128,0.800000,0.800000,0.800000,review,review,correct,0
s0-c2-1180,CAM-2,2,FRV0386,CA,TEMP,F0V0386,CA,TEMP,0.750038,0.779234,0.644193,0.800000,0.800000,0.800000,review,review,correct,0
s0-c2-1181,CAM-2,2,LYP2217,CO,PASSENGER,LYP2217,CO,PASSENGER,0.963696,0.820646,0.824551,0.800000,0.800000,0.800000,auto_clear,none,,1
s0-c2-1182,CAM-2,2,AKI3721,CO,TEMP,AKI3721,FL,TEMP,0.494474,0.433769,0.864600,0.800000,0.800000,0.800000,review,review,correct,0
s0-c2-1183,CAM-2,2,ORM7318,NM,TRAILER,OZM7318,NM,COMMERCIAL,0.614119,0.915081,0.347764,0.800000,0.800000,0.800000,review,review,correct,0
s0-c2-1184,CAM-2,2,AOK3614,TX,GOV,AOK3614,TX,GOV,0.554098,0.817638,0.889484,0.800000,0.800000,0.800000,review,review,type2,1
s0-c2-1185,CAM-2,2,YXL7640,FL,COMMERCIAL,YXL76C0,FL,PASSENGER,0.629120,0.645301,0.731125,0.800000,0.800000,0.800000,review,review,correct,0
s0-c2-1186,CAM-2,2,WEA6920,NM,TRAILER,WEA69H0,TX,TRAILER,0.371476,0.654106,0.801864,0.800000,0.800000,0.800000,review,review,correct,0
s0-c2-1187,CAM-2,2,MJA8552,CO,PASSENGER,MJA8552,CO,PASSENGER,0.788025,0.695700,0.663944,0.800000,0.800000,0.800000,review,review,type2,1
s0-c2-1188,CAM-2,2,ZXT9300,CA,COMMERCIAL,ZXT9300,NV,COMMERCIAL,0.958639,0.346161,0.571463,0.800000,0.800000,0.800000,review,review,correct,0
s0-c2-1189,CAM-2,2,SEJ7899,CO,GOV,SEJ7899,NM,GOV,0.658220,0.751432,0.732482,0.800000,0.800000,0.800000,review,review,correct,0
s0-c2-1190,CAM-2,2,MZO2489,FL,TEMP,MZO2489,FL,TEMP,0.725437,0.414632,0.434768,0.800000,0.800000,0.800000,review,review,type2,1
s0-c2-1191,CAM-2,2,SQA2649,AZ,PASSENGER,SQA264Z,AZ,PASSENGER,0.482290,0.853042,0.577832,0.800000,0.800000,0.800000,review,review,correct,0
s0-c2-1192,CAM-2,2,WVY7911,OK,COMMERCIAL,WVW7911,OK,COMMERCIAL,0.541601,0.684774,0.858198,0.800000,0.800000,0.800000,review,review,correct,0
s0-c2-1193,CAM-2,2,IAF3407,NM,PASSENGER,IAF3407,NM,GOV,0.738764,0.735025,0.716468,0.800000,0.800000,0.800000,review,review,correct,0
s0-c2-1194,CAM-2,2,UFL4756,CO,COMMERCIAL,UJL4756,CO,COMMERCIAL,0.471301,0.861067,0.736306,0.800000,0.800000,0.800000,review,review,correct,0
s0-c2-1195,CAM-2,2,HUK2540,CA,COMMERCIAL,HUK2540,AZ,PASSENGER,0.835479,0.661033,0.627486,0.800000,0.800000,0.800000,review,review,correct,0
s0-c2-1196,CAM-2,2,KJS1728,TX,GOV,KJS1728,OK,GOV,0.756479,0.497983,0.412954,0.800000,0.800000,0.800000,review,review,correct,0
s0-c2-1197,CAM-2,2,ZEK9594,TX,TEMP,ZEK9594,TX,TEMP,0.594966,0.765277,0.735008,0.800000,0.800000,0.800000,review,review,type2,1
s0-c2-1198,CAM-2,2,HGD1882,AZ,TRAILER,HGD1882,NV,TRAILER,0.756747,0.870195,0.642532,0.800000,0.800000,0.800000,review,review,correct,0
s0-c2-1199,CAM-2,2,KNF7703,OK,COMMERCIAL,KNF7703,OK,COMMERCIAL,0.688133,0.898910,0.804105,0.800000,0.800000,0.800000,review,review,type2,1
s0-c3-0,CAM-3,3,BAE8129,FL,GOV,BAE812A,FL,PASSENGER,0.628536,0.316090,0.685276,0.800000,0.800000,0.800000,review,review,correct,0
s0-c3-1,CAM-3,3,ZBF9038,NV,GOV,ZBF9038,FL,GOV,0.584552,0.424134,0.542033,0.800000,0.800000,0.800000,review,review,correct,0
s0-c3-2,CAM-3,3,GZX8720,TX,PASSENGER,GZX8720,TX,GOV,0.638721,0.560128,0.498306,0.800000,0.800000,0.800000,review,review,correct,0
s0-c3-3,CAM-3,3,DVO6117,CA,PASSENGER,DVO6117,NV,PASSENGER,0.885921,0.241396,0.637378,0.800000,0.800000,0.800000,review,review,correct,0
s0-c3-4,CAM-3,3,DUK7574,TX,TEMP,DUK7574,CA,TRAILER,0.873536,0.502590,0.501603,0.800000,0.800000,0.800000,review,review,correct,0
s0-c3-5,CAM-3,3,GZF5555,NM,TRAILER,GZF5555,NM,TRAILER,0.833503,0.669872,0.719827,0.800000,0.800000,0.800000,review,review,type2,1
s0-c3-6,CAM-3,3,VUM3660,TX,TEMP,OUM3660,TX,TEMP,0.379275,0.588509,0.548575,0.800000,0.800000,0.800000,review,review,correct,0
s0-c3-7,CAM-3,3,KCH8492,NV,GOV,KCH849F,NV,GOV,0.147235,0.654830,0.644697,0.800000,0.800000,0.800000,review,review,correct,0
s0-c3-8,CAM-3,3,FXP0253,CO,TEMP,FXP0V53,CO,COMMERCIAL,0.321301,0.698094,0.482729,0.800000,0.800000,0.800000,review,review,correct,0
s0-c3-9,CAM-3,3,KTB0195,TX,COMMERCIAL,KTB0195,TX,COMMERCIAL,0.694336,0.581347,0.459271,0.800000,0.800000,0.800000,review,review,type2,1
s0-c3-10,CAM-3,3,ZZX2854,CA,COMMERCIAL,ZZX2854,CA,COMMERCIAL,0.658354,0.682789,0.076644,0.800000,0.800000,0.800000,review,review,type2,1
s0-c3-11,CAM-3,3,QBM5139,CA,TEMP,QBM5139,CA,TEMP,0.816284,0.628080,0.698922,0.800000,0.800000,0.800000,review,review,type2,1
s0-c3-12,CAM-3,3,HWA7392,CA,PASSENGER,HWA7392,CA,COMMERCIAL,0.793658,0.701190,0.324688,0.800000,0.800000,0.800000,review,review,correct,0
s0-c3-13,CAM-3,3,UDQ2439,AZ,COMMERCIAL,UDQ2439,CO,PASSENGER,0.453006,0.401198,0.289249,0.800000,0.800000,0.800000,review,review,correct,0
s0-c3-14,CAM-3,3,CHP4198,NM,TRAILER,CHP4198,NM,TRAILER,0.520533,0.605520,0.403946,0.800000,0.800000,0.800000,review,review,type2,1
s0-c3-15,CAM-3,3,AFY7740,OK,COMMERCIAL,AFY7740,OK,TEMP,0.691103,0.573941,0.080563,0.800000,0.800000,0.800000,review,review,correct,0
s0-c3-16,CAM-3,3,DPF4229,FL,TEMP,DPF4229,FL,TEMP,0.770459,0.682575,0.591210,0.800000,0.800000,0.800000,review,review,type2,1
s0-c3-17,CAM-3,3,GXL2741,CO,TEMP,GXL2W41,CO,TEMP,0.501926,0.543920,0.588599,0.800000,0.800000,0.800000,review,review,correct,0
s0-c3-18,CAM-3,3,IDH8582,AZ,TRAILER,IDH8582,NM,PASSENGER,0.659070,0.386251,0.485593,0.800000,0.800000,0.800000,review,review,correct,0
s0-c3-19,CAM-3,3,FKP7850,OK,PASSENGER,FKP7840,CA,PASSENGER,0.188887,0.454402,0.499097,0.800000,0.800000,0.800000,review,review,correct,0
s0-c3-20,CAM-3,3,HES1778,CA,GOV,HES1778,OK,COMMERCIAL,0.662314,0.386446,0.513594,0.800000,0.800000,0.800000,review,review,correct,0
s0-c3-21,CAM-3,3,SHQ0041,TX,COMMERCIAL,SHQ0041,AZ,TEMP,0.495809,0.500703,0.472852,0.800000,0.800000,0.800000,review,review,correct,0
s0-c3-22,CAM-3,3,JBG2035,CA,TRAILER,JBG2035,CA,TRAILER,0.578168,0.794830,0.529621,0.800000,0.800000,0.800000,review,review,type2,1
s0-c3-23,CAM-3,3,BZB5756,NV,COMMERCIAL,BZB5756,NV,COMMERCIAL,0.692716,0.527412,0.622654,0.800000,0.800000,0.800000,review,review,type2,1
s0-c3-24,CAM-3,3,ZRC6063,CO,TRAILER,ZRC6163,FL,GOV,0.494918,0.293723,0.637715,0.800000,0.800000,0.800000,review,review,correct,0
s0-c3-25,CAM-3,3,OQA6859,NV,TRAILER,OQA6659,NV,TRAILER,0.798422,0.761923,0.066145,0.800000,0.800000,0.800000,review,review,correct,0
s0-c3-26,CAM-3,3,CIC0526,CA,TEMP,CIC0526,FL,GOV,0.815249,0.137825,0.496751,0.800000,0.800000,0.800000,review,review,correct,0
s0-c3-27,CAM-3,3,HLZ0763,OK,GOV,HLZ0763,CA,TEMP,0.647466,0.299902,0.674186,0.800000,0.800000,0.800000,review,review,correct,0
s0-c3-28,CAM-3,3,FUI7522,NM,TEMP,FUI7522,NM,TEMP,0.431162,0.711363,0.611849,0.800000,0.800000,0.800000,review,review,type2,1
s0-c3-29,CAM-3,3,BGR3798,FL,GOV,BGR3798,CA,GOV,0.209696,0.688699,0.390214,0.800000,0.800000,0.800000,review,review,correct,0
s0-c3-30,CAM-3,3,IVQ8504,CO,GOV,IUQ8504,FL,GOV,0.552115,0.410553,0.680634,0.800000,0.800000,0.800000,review,review,correct,0
s0-c3-31,CAM-3,3,NCV8103,NM,TEMP,NCV8103,NV,TEMP,0.620676,0.480863,0.836622,0.800000,0.800000,0.800000,review,review,correct,0
s0-c3-32,CAM-3,3,JVF5876,NV,COMMERCIAL,JVF5876,CO,TEMP,0.509802,0.402504,0.319738,0.800000,0.800000,0.800000,review,review,correct,0
s0-c3-33,CAM-3,3,GNJ4916,AZ,TRAILER,GNJA916,AZ,TRAILER,0.548392,0.529439,0.522481,0.800000,0.800000,0.800000,review,review,correct,0
s0-c3-34,CAM-3,3,BWK7000,CA,COMMERCIAL,JWK7000,AZ,PASSENGER,0.460523,0.706349,0.450809,0.800000,0.800000,0.800000,review,review,correct,0
s0-c3-35,CAM-3,3,SCN0829,CO,COMMERCIAL,SCN0829,CO,TEMP,0.693674,0.702078,0.290011,0.800000,0.800000,0.800000,review,review,correct,0
s0-c3-36,CAM-3,3,MWD0114,AZ,PASSENGER,MWD0114,AZ,PASSENGER,0.685220,0.463761,0.617687,0.800000,0.800000,0.800000,review,review,type2,1
s0-c3-37,CAM-3,3,VRJ1082,AZ,TRAILER,VRJ1082,CO,COMMERCIAL,0.718414,0.528998,0.381049,0.800000,0.800000,0.800000,review,review,correct,0
s0-c3-38,CAM-3,3,QRZ7439,AZ,TEMP,QRZ7439,FL,TEMP,0.536828,0.494374,0.552072,0.800000,0.800000,0.800000,review,review,correct,0
s0-c3-39,CAM-3,3,SXO7916,NM,TRAILER,QXO7916,NM,TEMP,0.471928,0.646964,0.349000,0.800000,0.800000,0.800000,review,review,correct,0
s0-c3-40,CAM-3,3,VLZ6468,NV,TRAILER,VLZ6268,NV,PASSENGER,0.741077,0.443377,0.703703,0.800000,0.800000,0.800000,review,review,correct,0
s0-c3-41,CAM-3,3,CSW8904,NV,TRAILER,CSW8904,NV,PASSENGER,0.537013,0.701528,0.172473,0.800000,0.800000,0.800000,review,review,correct,0
s0-c3-42,CAM-3,3,HJH7008,TX,GOV,HJH7008,TX,GOV,0.858957,0.614045,0.563339,0.800000,0.800000,0.800000,review,review,type2,1
s0-c3-43,CAM-3,3,NBP4813,OK,TEMP,XBP4813,OK,TEMP,0.659012,0.700635,0.613746,0.800000,0.800000,0.800000,review,review,correct,0
s0-c3-44,CAM-3,3,IHN2449,FL,PASSENGER,IHN2449,FL,PASSENGER,0.475263,0.712315,0.742200,0.800000,0.800000,0.800000,review,review,type2,1
s0-c3-45,CAM-3,3,ZSK2252,NM,GOV,ZSK2252,CA,GOV,0.327676,0.409569,0.634071,0.800000,0.800000,0.800000,review,review,correct,0
s0-c3-46,CAM-3,3,LQV9609,AZ,PASSENGER,LQV9609,AZ,TEMP,0.823685,0.776194,0.724545,0.800000,0.800000,0.800000,review,review,correct,0
s0-c3-47,CAM-3,3,RYW2142,OK,TEMP,RYW2142,NM,GOV,0.601797,0.355037,0.711959,0.800000,0.800000,0.800000,review,review,correct,0
s0-c3-48,CAM-3,3,KUT6962,CA,COMMERCIAL,ZUT6962,CA,PASSENGER,0.799076,0.699110,0.581024,0.800000,0.800000,0.800000,review,review,correct,0
s0-c3-49,CAM-3,3,ECW6799,TX,TRAILER,ECWJ799,TX,TEMP,0.684921,0.795060,0.398927,0.800000,0.800000,0.800000,review,review,correct,0
s0-c3-50,CAM-3,3,OPJ3983,AZ,COMMERCIAL,OPJ3983,AZ,TEMP,0.726375,0.727010,0.364023,0.800000,0.800000,0.800000,review,review,correct,0
s0-c3-51,CAM-3,3,BHD2440,NM,PASSENGER,BHD2440,NM,PASSENGER,0.730421,0.724553,0.226327,0.800000,0.800000,0.800000,review,review,type2,1
s0-c3-52,CAM-3,3,XAV8348,CA,GOV,XAVP348,AZ,PASSENGER,0.782280,0.630774,0.574810,0.800000,0.800000,0.800000,review,review,correct,0
s0-c3-53,CAM-3,3,FSX6138,NM,TEMP,FQX6138,NM,PASSENGER,0.617433,0.472398,0.489177,0.800000,0.800000,0.800000,review,review,correct,0
s0-c3-54,CAM-3,3,KXW1686,NV,TRAILER,KXW1686,NV,TEMP,0.476195,0.676673,0.517587,0.800000,0.800000,0.800000,review,review,correct,0
s0-c3-55,CAM-3,3,VTR8512,NM,PASSENGER,VTRF512,OK,TEMP,0.622794,0.560830,0.457772,0.800000,0.800000,0.800000,review,review,correct,0
s0-c3-56,CAM-3,3,HBV1509,AZ,COMMERCIAL,HBV1509,FL,PASSENGER,0.579455,0.562136,0.603673,0.800000,0.800000,0.800000,review,review,correct,0
s0-c3-57,CAM-3,3,NTO8069,CO,PASSENGER,NTO8069,CO,TRAILER,0.522431,0.458112,0.412920,0.800000,0.800000,0.800000,review,review,correct,0
s0-c3-58,CAM-3,3,WDA8079,NM,PASSENGER,WDA8079,NM,TEMP,0.800955,0.535661,0.473827,0.800000,0.800000,0.800000,review,review,correct,0
s0-c3-59,CAM-3,3,MKI8182,FL,TEMP,MKI8182,FL,TEMP,0.671638,0.778661,0.730345,0.800000,0.800000,0.800000,review,review,type2,1
s0-c3-60,CAM-3,3,BTG8494,TX,GOV,BTG8494,NV,GOV,0.564577,0.423939,0.585466,0.800000,0.800000,0.800000,review,review,correct,0
s0-c3-61,CAM-3,3,GZD2232,OK,COMMERCIAL,GZD2232,OK,TRAILER,0.688353,0.445779,0.763546,0.800000,0.800000,0.800000,review,review,correct,0
s0-c3-62,CAM-3,3,KQL9747,NM,TRAILER,SQL9747,AZ,TRAILER,0.521439,0.508633,0.481935,0.800000,0.800000,0.800000,review,review,correct,0
s0-c3-63,CAM-3,3,YEZ4562,CO,COMMERCIAL,YBZ4562,CO,GOV,0.650264,0.443018,0.118674,0.800000,0.800000,0.800000,review,review,correct,0
s0-c3-64,CAM-3,3,HHO1530,FL,COMMERCIAL,HHO1530,FL,COMMERCIAL,0.668077,0.619405,0.423696,0.800000,0.800000,0.800000,review,review,type2,1
s0-c3-65,CAM-3,3,CLW3399,OK,COMMERCIAL,CLW3399,OK,TEMP,0.544699,0.710303,0.697890,0.800000,0.800000,0.800000,review,review,correct,0
s0-c3-66,CAM-3,3,LJB3584,AZ,PASSENGER,LJB3584,NV,PASSENGER,0.744579,0.523606,0.812872,0.800000,0.800000,0.800000,review,review,correct,0
s0-c3-67,CAM-3,3,MBF3618,NV,PASSENGER,MBF3619,AZ,PASSENGER,0.538225,0.293681,0.653261,0.800000,0.800000,0.800000,review,review,correct,0
s0-c3-68,CAM-3,3,CAF5478,CA,GOV,CAF5478,CA,PASSENGER,0.687923,0.547898,0.780087,0.800000,0.800000,0.800000,review,review,correct,0
s0-c3-69,CAM-3,3,ZDU4903,CA,COMMERCIAL,ZDU4903,CA,GOV,0.708372,0.595130,0.355515,0.800000,0.800000,0.800000,review,review,correct,0
s0-c3-70,CAM-3,3,NKL2224,NM,GOV,NKL2224,AZ,TRAILER,0.535233,0.262804,0.471937,0.800000,0.800000,0.800000,review,review,correct,0
s0-c3-71,CAM-3,3,LUF0751,FL,PASSENGER,LUF0751,AZ,PASSENGER,0.508908,0.444489,0.692139,0.800000,0.800000,0.800000,review,review,correct,0
s0-c3-72,CAM-3,3,ZAI4185,AZ,GOV,ZA94185,AZ,TEMP,0.757852,0.628723,0.565254,0.800000,0.800000,0.800000,review,review,correct,0
s0-c3-73,CAM-3,3,WZI3173,CO,TEMP,WHI3173,NM,TEMP,0.596869,0.576991,0.429831,0.800000,0.800000,0.800000,review,review,correct,0
s0-c3-74,CAM-3,3,WHF8171,NV,GOV,WHF8171,CA,GOV,0.731379,0.359211,0.761092,0.800000,0.800000,0.800000,review,review,correct,0
s0-c3-75,CAM-3,3,RMI2632,CA,TEMP,RMI2632,CA,COMMERCIAL,0.382418,0.779890,0.473017,0.800000,0.800000,0.800000,review,review,correct,0
s0-c3-76,CAM-3,3,NDF2930,OK,PASSENGER,NDF2930,NM,GOV,0.518623,0.674955,0.522473,0.800000,0.800000,0.800000,review,review,correct,0
s0-c3-77,CAM-3,3,JFL5535,FL,COMMERCIAL,ZFL5535,FL,PASSENGER,0.691340,0.820671,0.366827,0.800000,0.800000,0.800000,review,review,correct,0
s0-c3-78,CAM-3,3,NLA6427,AZ,TEMP,NLA6427,AZ,TEMP,0.718573,0.407730,0.653506,0.800000,0.800000,0.800000,review,review,type2,1
s0-c3-79,CAM-3,3,PIV9869,NM,PASSENGER,PIV9869,TX,PASSENGER,0.814887,0.525000,0.459741,0.800000,0.800000,0.800000,review,review,correct,0
s0-c3-80,CAM-3,3,STD7102,TX,COMMERCIAL,STD7102,CO,COMMERCIAL,0.228193,0.564949,0.680674,0.800000,0.800000,0.800000,review,review,correct,0
s0-c3-81,CAM-3,3,TPZ2687,AZ,COMMERCIAL,TPZ268M,AZ,COMMERCIAL,0.235930,0.576586,0.589673,0.800000,0.800000,0.800000,review,review,correct,0
s0-c3-82,CAM-3,3,ZZC9531,OK,COMMERCIAL,ZZC9531,OK,COMMERCIAL,0.527435,0.728658,0.765465,0.800000,0.800000,0.800000,review,review,type2,1
s0-c3-83,CAM-3,3,XGT3932,NM,GOV,XGT3932,NM,GOV,0.696020,0.578494,0.390762,0.800000,0.800000,0.800000,review,review,type2,1
s0-c3-84,CAM-3,3,YAO0725,FL,PASSENGER,YAQ0725,FL,PASSENGER,0.631622,0.501525,0.540810,0.800000,0.800000,0.800000,review,review,correct,0
s0-c3-85,CAM-3,3,EVG2209,FL,COMMERCIAL,EVG220Q,AZ,COMMERCIAL,0.463073,0.551508,0.344140,0.800000,0.800000,0.800000,review,review,correct,0
s0-c3-86,CAM-3,3,NGE9136,FL,TEMP,NGE9136,FL,TEMP,0.471597,0.555794,0.783114,0.800000,0.800000,0.800000,review,review,type2,1
s0-c3-87,CAM-3,3,RGY5503,NM,PASSENGER,RGY5503,NM,COMMERCIAL,0.743005,0.576379,0.682061,0.800000,0.800000,0.800000,review,review,correct,0
s0-c3-88,CAM-3,3,ZNC4673,FL,GOV,ZNCD673,FL,GOV,0.626219,0.676341,0.691884,0.800000,0.800000,0.800000,review,review,correct,0
s0-c3-89,CAM-3,3,CNZ1214,CA,TEMP,CN01214,CO,COMMERCIAL,0.345239,0.471984,0.575612,0.800000,0.800000,0.800000,review,review,correct,0
s0-c3-90,CAM-3,3,TJG1515,NV,PASSENGER,TJG1515,NV,PASSENGER,0.795535,0.794900,0.569167,0.800000,0.800000,0.800000,review,review,type2,1
s0-c3-91,CAM-3,3,USF0757,CO,GOV,USF0757,CO,GOV,0.792705,0.408627,0.684450,0.800000,0.800000,0.800000,review,review,type2,1
s0-c3-92,CAM-3,3,ZHD8043,TX,PASSENGER,2HD8043,TX,PASSENGER,0.230630,0.372176,0.591533,0.800000,0.800000,0.800000,review,review,correct,0
s0-c3-93,CAM-3,3,TKW0630,AZ,TEMP,TKW0630,AZ,TEMP,0.602169,0.621412,0.553787,0.800000,0.800000,0.800000,review,review,type2,1
s0-c3-94,CAM-3,3,EUB5485,FL,GOV,EUB5485,CA,COMMERCIAL,0.594895,0.340286,0.345511,0.800000,0.800000,0.800000,review,review,correct,0
s0-c3-95,CAM-3,3,WJE2168,CO,TRAILER,WJE2166,CO,TRAILER,0.455935,0.756121,0.400095,0.800000,0.800000,0.800000,review,review,correct,0
s0-c3-96,CAM-3,3,TJK3354,CA,TRAILER,TJK3354,CO,TRAILER,0.677762,0.753502,0.639605,0.800000,0.800000,0.800000,review,review,correct,0
s0-c3-97,CAM-3,3,DZJ9267,AZ,PASSENGER,DZJ9267,NM,PASSENGER,0.584303,0.641409,0.679170,0.800000,0.800000,0.800000,review,review,correct,0
s0-c3-98,CAM-3,3,TCR4270,NM,GOV,TCR4270,NM,TRAILER,0.787512,0.388283,0.278446,0.800000,0.800000,0.800000,review,review,correct,0
s0-c3-99,CAM-3,3,OTA8067,OK,COMMERCIAL,OTA8067,OK,GOV,0.884180,0.507535,0.615200,0.800000,0.800000,0.800000,review,review,correct,0
s0-c3-100,CAM-3,3,OQI6997,CO,TEMP,OQI6997,CO,TEMP,0.736638,0.347384,0.482266,0.800000,0.800000,0.800000,review,review,type2,1
s0-c3-101,CAM-3,3,SFT5626,OK,TEMP,SFX5626,OK,TEMP,0.235650,0.733136,0.699798,0.800000,0.800000,0.800000,review,review,correct,0
s0-c3-102,CAM-3,3,PIV7852,FL,COMMERCIAL,PIV7852,FL,COMMERCIAL,0.779918,0.584194,0.703499,0.800000,0.800000,0.800000,review,review,type2,1
s0-c3-103,CAM-3,3,AED2453,AZ,TRAILER,AUD2453,OK,TEMP,0.785825,0.360879,0.698171,0.800000,0.800000,0.800000,review,review,correct,0
s0-c3-104,CAM-3,3,WSP9568,OK,TEMP,WSP9568,FL,PASSENGER,0.688969,0.508972,0.506587,0.800000,0.800000,0.800000,review,review,correct,0
s0-c3-105,CAM-3,3,YSU6386,TX,TEMP,YSU6386,TX,TEMP,0.819431,0.712329,0.860191,0.800000,0.800000,0.800000,review,review,type2,1
s0-c3-106,CAM-3,3,IDR3428,FL,TEMP,IHR3428,FL,TEMP,0.636996,0.709240,0.521831,0.800000,0.800000,0.800000,review,review,correct,0
s0-c3-107,CAM-3,3,DPA6452,AZ,PASSENGER,DPA6452,NM,GOV,0.777478,0.710184,0.675257,0.800000,0.800000,0.800000,review,review,correct,0
s0-c3-108,CAM-3,3,REX1750,NM,GOV,REA1750,OK,TRAILER,0.391933,0.612833,0.422851,0.800000,0.800000,0.800000,review,review,correct,0
s0-c3-109,CAM-3,3,DYP1051,OK,COMMERCIAL,DYP1051,OK,PASSENGER,0.732293,0.258267,0.354816,0.800000,0.800000,0.800000,review,review,correct,0
s0-c3-110,CAM-3,3,ROZ9204,TX,TEMP,RTZ9204,TX,TEMP,0.351696,0.682445,0.674268,0.800000,0.800000,0.800000,review,review,correct,0
s0-c3-111,CAM-3,3,QJP8899,CO,PASSENGER,QJP8899,NM,TEMP,0.360535,0.274560,0.419760,0.800000,0.800000,0.800000,review,review,correct,0
s0-c3-112,CAM-3,3,XZW4683,CO,PASSENGER,XZW4K83,CO,PASSENGER,0.772346,0.394978,0.687241,0.800000,0.800000,0.800000,review,review,correct,0
s0-c3-113,CAM-3,3,PCH3956,FL,TEMP,PCH3956,FL,PASSENGER,0.736424,0.603485,0.299577,0.800000,0.800000,0.800000,review,review,correct,0
s0-c3-114,CAM-3,3,YEE4389,NV,TRAILER,YEEK389,NM,TRAILER,0.748265,0.480938,0.699917,0.800000,0.800000,0.800000,review,review,correct,0
s0-c3-115,CAM-3,3,DNP8203,AZ,TRAILER,DNP8203,FL,TRAILER,0.741669,0.445169,0.639978,0.800000,0.800000,0.800000,review,review,correct,0
s0-c3-116,CAM-3,3,TRR4981,AZ,PASSENGER,TRR4981,AZ,PASSENGER,0.538494,0.593137,0.791214,0.800000,0.800000,0.800000,review,review,type2,1
s0-c3-117,CAM-3,3,APK3845,CA,COMMERCIAL,APK3845,CA,COMMERCIAL,0.340428,0.665783,0.617437,0.800000,0.800000,0.800000,review,review,type2,1
s0-c3-118,CAM-3,3,TNW2506,OK,PASSENGER,TNW2506,OK,PASSENGER,0.521906,0.584766,0.106540,0.800000,0.800000,0.800000,review,review,type2,1
s0-c3-119,CAM-3,3,FVX6424,NV,PASSENGER,FVX6424,NV,PASSENGER,0.911598,0.593732,0.557033,0.800000,0.800000,0.800000,review,review,type2,1
s0-c3-120,CAM-3,3,ZIZ1545,FL,TEMP,ZIZ1545,AZ,TEMP,0.759683,0.648438,0.708943,0.800000,0.800000,0.800000,review,review,correct,0
s0-c3-121,CAM-3,3,IEY1411,CA,TRAILER,IEY1431,CA,TRAILER,0.723311,0.647403,0.684735,0.800000,0.800000,0.800000,review,review,correct,0
s0-c3-122,CAM-3,3,VFR9499,TX,COMMERCIAL,VFR9499,TX,TRAILER,0.850693,0.645656,0.656497,0.800000,0.800000,0.800000,review,review,correct,0
s0-c3-123,CAM-3,3,PRZ6300,OK,TEMP,P1Z6300,OK,PASSENGER,0.574060,0.776116,0.674874,0.800000,0.800000,0.800000,review,review,correct,0
s0-c3-124,CAM-3,3,AVY4810,AZ,GOV,AVY4910,AZ,GOV,0.572158,0.493501,0.750786,0.800000,0.800000,0.800000,review,review,correct,0
s0-c3-125,CAM-3,3,VCO4062,NV,COMMERCIAL,VCO4062,FL,TRAILER,0.548798,0.800314,0.441290,0.800000,0.800000,0.800000,review,review,correct,0
s0-c3-126,CAM-3,3,FDG9585,CA,PASSENGER,FDG95H5,FL,TEMP,0.533977,0.433491,0.755719,0.800000,0.800000,0.800000,review,review,correct,0
s0-c3-127,CAM-3,3,SNS3633,OK,PASSENGER,SNS3Y33,TX,TEMP,0.808875,0.542125,0.593749,0.800000,0.800000,0.800000,review,review,correct,0
s0-c3-128,CAM-3,3,AII8644,TX,GOV,AII8644,TX,TRAILER,0.672431,0.681766,0.715639,0.800000,0.800000,0.800000,review,review,correct,0
s0-c3-129,CAM-3,3,ZBJ2801,CA,TRAILER,ZBJ2801,CA,COMMERCIAL,0.570199,0.590906,0.758178,0.800000,0.800000,0.800000,review,review,correct,0
s0-c3-130,CAM-3,3,ZID2097,FL,TRAILER,ZID20U7,AZ,GOV,0.594342,0.338204,0.546082,0.800000,0.800000,0.800000,review,review,correct,0
s0-c3-131,CAM-3,3,SQI9986,CA,GOV,SQI9986,CA,PASSENGER,0.831396,0.474021,0.424396,0.800000,0.800000,0.800000,review,review,correct,0
s0-c3-132,CAM-3,3,HZG0816,OK,TEMP,HZG08O6,OK,TRAILER,0.542095,0.745423,0.617538,0.800000,0.800000,0.800000,review,review,correct,0
s0-c3-133,CAM-3,3,FVZ7889,AZ,TRAILER,FVZ7889,OK,TRAILER,0.145265,0.439236,0.498280,0.800000,0.800000,0.800000,review,review,correct,0
s0-c3-134,CAM-3,3,JAJ3546,NV,PASSENGER,JAJ3546,NV,GOV,0.749013,0.735410,0.518220,0.800000,0.800000,0.800000,review,review,correct,0
s0-c3-135,CAM-3,3,PXQ8000,AZ,COMMERCIAL,PX08000,OK,COMMERCIAL,0.361560,0.432449,0.604106,0.800000,0.800000,0.800000,review,review,correct,0
s0-c3-136,CAM-3,3,RRR0176,OK,PASSENGER,RRR0176,OK,TRAILER,0.721877,0.615930,0.815132,0.800000,0.800000,0.800000,review,review,correct,0
s0-c3-137,CAM-3,3,HCH1134,OK,PASSENGER,HCH1114,OK,GOV,0.539566,0.328483,0.425806,0.800000,0.800000,0.800000,review,review,correct,0
s0-c3-138,CAM-3,3,NGR0680,OK,TRAILER,NGR0680,OK,TRAILER,0.654004,0.864585,0.628787,0.800000,0.800000,0.800000,review,review,type2,1
s0-c3-139,CAM-3,3,UIJ5871,AZ,TEMP,UIJ5871,AZ,TEMP,0.619794,0.673053,0.725074,0.800000,0.800000,0.800000,review,review,type2,1
s0-c3-140,CAM-3,3,RDJ9282,AZ,TRAILER,RDJ9E82,AZ,TRAILER,0.339481,0.521479,0.593510,0.800000,0.800000,0.800000,review,review,correct,0
s0-c3-141,CAM-3,3,YVH0942,NM,COMMERCIAL,YVH0142,CO,COMMERCIAL,0.630985,0.497891,0.784968,0.800000,0.800000,0.800000,review,review,correct,0
s0-c3-142,CAM-3,3,DCR3027,AZ,TEMP,DCR30C7,AZ,GOV,0.836147,0.822393,0.505380,0.800000,0.800000,0.800000,review,review,correct,0
s0-c3-143,CAM-3,3,JTB8128,OK,PASSENGER,JTB81T8,NV,PASSENGER,0.544061,0.276901,0.500705,0.800000,0.800000,0.800000,review,review,correct,0
s0-c3-144,CAM-3,3,UPH7086,FL,TRAILER,UPH70O6,CO,TRAILER,0.213142,0.701282,0.758988,0.800000,0.800000,0.800000,review,review,correct,0
s0-c3-145,CAM-3,3,EWD1418,NV,PASSENGER,EWD1418,NV,PASSENGER,0.862676,0.569009,0.647113,0.800000,0.800000,0.800000,review,review,type2,1
s0-c3-146,CAM-3,3,RJF5387,CA,COMMERCIAL,RJF5387,CA,COMMERCIAL,0.743526,0.632122,0.688931,0.800000,0.800000,0.800000,review,review,type2,1
s0-c3-147,CAM-3,3,QQI3278,NM,TEMP,QQS3278,TX,TRAILER,0.589821,0.376455,0.452721,0.800000,0.800000,0.800000,review,review,correct,0
s0-c3-148,CAM-3,3,FBN2560,NM,GOV,FBN2560,NV,GOV,0.611737,0.300119,0.813444,0.800000,0.800000,0.800000,review,review,correct,0
s0-c3-149,CAM-3,3,QUQ4652,TX,COMMERCIAL,QUQ4652,CO,COMMERCIAL,0.621551,0.573212,0.784356,0.800000,0.800000,0.800000,review,review,correct,0
s0-c3-150,CAM-3,3,DGW9063,NV,COMMERCIAL,PGW9063,TX,COMMERCIAL,0.611878,0.694248,0.531905,0.800000,0.800000,0.800000,review,review,correct,0
s0-c3-151,CAM-3,3,PNP1489,NV,TRAILER,PNPV489,NV,TRAILER,0.699700,0.825336,0.569337,0.800000,0.800000,0.800000,review,review,correct,0
s0-c3-152,CAM-3,3,ZDS5867,AZ,TRAILER,ZDS5867,AZ,TRAILER,0.768067,0.718073,0.704667,0.800000,0.800000,0.800000,review,review,type2,1
s0-c3-153,CAM-3,3,CTJ0556,CA,COMMERCIAL,CTJ0556,CA,COMMERCIAL,0.595717,0.801211,0.659090,0.800000,0.800000,0.800000,review,review,type2,1
s0-c3-154,CAM-3,3,NBY4998,AZ,PASSENGER,NBY4998,FL,PASSENGER,0.623413,0.591343,0.724848,0.800000,0.800000,0.800000,review,review,correct,0
s0-c3-155,CAM-3,3,VZB3918,FL,TRAILER,VZ93918,TX,PASSENGER,0.686947,0.317055,0.601361,0.800000,0.800000,0.800000,review,review,correct,0
s0-c3-156,CAM-3,3,FMN9688,AZ,TRAILER,FMN968D,AZ,COMMERCIAL,0.820519,0.388983,0.550071,0.800000,0.800000,0.800000,review,review,correct,0
s0-c3-157,CAM-3,3,BIC2718,NM,COMMERCIAL,BIC2718,CA,COMMERCIAL,0.773480,0.636285,0.755004,0.800000,0.800000,0.800000,review,review,correct,0
s0-c3-158,CAM-3,3,OIK0200,OK,TEMP,OIK0600,CO,TEMP,0.813525,0.509485,0.476344,0.800000,0.800000,0.800000,review,review,correct,0
s0-c3-159,CAM-3,3,BJS2128,AZ,GOV,BJS2128,AZ,GOV,0.571241,0.614010,0.565062,0.800000,0.800000,0.800000,review,review,type2,1
s0-c3-160,CAM-3,3,PLW3495,FL,GOV,PLW349R,FL,GOV,0.841578,0.626500,0.696344,0.800000,0.800000,0.800000,review,review,correct,0
s0-c3-161,CAM-3,3,OXY2708,OK,COMMERCIAL,OXY2Y08,OK,TRAILER,0.790731,0.674465,0.682614,0.800000,0.800000,0.800000,review,review,correct,0
s0-c3-162,CAM-3,3,PXH0326,NM,TRAILER,PXH0326,NM,TRAILER,0.637556,0.762677,0.466058,0.800000,0.800000,0.800000,review,review,type2,1
s0-c3-163,CAM-3,3,GIQ0311,OK,GOV,GIQE311,OK,GOV,0.685479,0.807763,0.463042,0.800000,0.800000,0.800000,review,review,correct,0
s0-c3-164,CAM-3,3,XBP6411,CA,TEMP,XBP64W1,CA,COMMERCIAL,0.297040,0.686954,0.796459,0.800000,0.800000,0.800000,review,review,correct,0
s0-c3-165,CAM-3,3,RRZ4914,AZ,COMMERCIAL,RRZ4914,AZ,TRAILER,0.583397,0.602432,0.248185,0.800000,0.800000,0.800000,review,review,correct,0
s0-c3-166,CAM-3,3,YAH3744,OK,GOV,YAH3S44,OK,GOV,0.523334,0.443973,0.423545,0.800000,0.800000,0.800000,review,review,correct,0
s0-c3-167,CAM-3,3,UUW1946,OK,TRAILER,UUW0946,OK,TRAILER,0.626147,0.794994,0.723617,0.800000,0.800000,0.800000,review,review,correct,0
s0-c3-168,CAM-3,3,VYP4262,CO,TRAILER,VYP4262,OK,GOV,0.716286,0.646756,0.636359,0.800000,0.800000,0.800000,review,review,correct,0
s0-c3-169,CAM-3,3,RRS0659,TX,TEMP,RRS0659,OK,GOV,0.761829,0.379285,0.284463,0.800000,0.800000,0.800000,review,review,correct,0
s0-c3-170,CAM-3,3,SFQ6054,AZ,TEMP,SFQ6054,NM,PASSENGER,0.714303,0.656367,0.594490,0.800000,0.800000,0.800000,review,review,correct,0
s0-c3-171,CAM-3,3,ZYE6809,NM,PASSENGER,ZYE6809,NM,GOV,0.743436,0.749193,0.432324,0.800000,0.800000,0.800000,review,review,correct,0
s0-c3-172,CAM-3,3,NGS8950,FL,TEMP,NGS8950,FL,TEMP,0.745970,0.701051,0.594439,0.800000,0.800000,0.800000,review,review,type2,1
s0-c3-173,CAM-3,3,FRI3761,AZ,GOV,FRI3761,AZ,GOV,0.659388,0.594205,0.727578,0.800000,0.800000,0.800000,review,review,type2,1
s0-c3-174,CAM-3,3,UAZ2548,NV,PASSENGER,UAZ2548,CA,PASSENGER,0.207660,0.760919,0.550189,0.800000,0.800000,0.800000,review,review,correct,0
s0-c3-175,CAM-3,3,YJR3060,NM,TEMP,YJR3060,NV,TEMP,0.341619,0.469353,0.633065,0.800000,0.800000,0.800000,review,review,correct,0
s0-c3-176,CAM-3,3,KAY8530,TX,COMMERCIAL,KAY8330,TX,COMMERCIAL,0.684165,0.676566,0.642889,0.800000,0.800000,0.800000,review,review,correct,0
s0-c3-177,CAM-3,3,BIZ0661,AZ,PASSENGER,BIZ06I1,CO,PASSENGER,0.619445,0.143210,0.677313,0.800000,0.800000,0.800000,review,review,correct,0
s0-c3-178,CAM-3,3,PHH3247,CA,GOV,PHH3247,CO,TRAILER,0.729734,0.575054,0.519797,0.800000,0.800000,0.800000,review,review,correct,0
s0-c3-179,CAM-3,3,UGX0960,AZ,PASSENGER,UGX0960,AZ,GOV,0.689945,0.670955,0.613561,0.800000,0.800000,0.800000,review,review,correct,0
s0-c3-180,CAM-3,3,XLM5644,OK,TEMP,9LM5644,NV,COMMERCIAL,0.461698,0.669564,0.703772,0.800000,0.800000,0.800000,review,review,correct,0
s0-c3-181,CAM-3,3,HKK5490,NV,PASSENGER,HKKV490,NV,TEMP,0.626910,0.693065,0.472677,0.800000,0.800000,0.800000,review,review,correct,0
s0-c3-182,CAM-3,3,ZAM4033,CA,TRAILER,ZAM4033,CA,TRAILER,0.598458,0.671782,0.805430,0.800000,0.800000,0.800000,review,review,type2,1
s0-c3-183,CAM-3,3,YHN0714,AZ,PASSENGER,YHN0714,AZ,COMMERCIAL,0.511547,0.580700,0.650308,0.800000,0.800000,0.800000,review,review,correct,0
s0-c3-184,CAM-3,3,TWH4753,NV,PASSENGER,TWH4753,CO,PASSENGER,0.515165,0.797265,0.612989,0.800000,0.800000,0.800000,review,review,correct,0
s0-c3-185,CAM-3,3,XYI8708,TX,COMMERCIAL,XYI8708,TX,COMMERCIAL,0.372455,0.721067,0.517733,0.800000,0.800000,0.800000,review,review,type2,1
s0-c3-186,CAM-3,3,VGJ2493,CO,PASSENGER,VGJ2493,CO,PASSENGER,0.744232,0.657920,0.779383,0.800000,0.800000,0.800000,review,review,type2,1
s0-c3-187,CAM-3,3,ORL0809,NV,COMMERCIAL,ORL0809,OK,GOV,0.536063,0.524350,0.476980,0.800000,0.800000,0.800000,review,review,correct,0
s0-c3-188,CAM-3,3,AFG7888,CO,TRAILER,AFG7888,CO,PASSENGER,0.821289,0.792552,0.639100,0.800000,0.800000,0.800000,review,review,correct,0
s0-c3-189,CAM-3,3,ZFW8811,OK,TEMP,RFW8811,NV,TEMP,0.509165,0.765709,0.673653,0.800000,0.800000,0.800000,review,review,correct,0
s0-c3-190,CAM-3,3,FGD3987,CO,GOV,FGD3987,CA,GOV,0.811011,0.680975,0.560622,0.800000,0.800000,0.800000,review,review,correct,0
s0-c3-191,CAM-3,3,ZJK3301,NM,COMMERCIAL,ZJK3301,NM,TEMP,0.592258,0.648689,0.373718,0.800000,0.800000,0.800000,review,review,correct,0
s0-c3-192,CAM-3,3,WKT6928,TX,GOV,WKT692J,TX,GOV,0.456400,0.663616,0.671842,0.800000,0.800000,0.800000,review,review,correct,0
s0-c3-193,CAM-3,3,XPH4466,CO,COMMERCIAL,XPH4466,CO,COMMERCIAL,0.642796,0.765426,0.507124,0.800000,0.800000,0.800000,review,review,type2,1
s0-c3-194,CAM-3,3,RXE3648,NV,TRAILER,RXE3648,NV,TEMP,0.838380,0.734117,0.663426,0.800000,0.800000,0.800000,review,review,correct,0
s0-c3-195,CAM-3,3,ZRC6009,NM,GOV,ZRC6009,TX,TRAILER,0.549029,0.494597,0.609956,0.800000,0.800000,0.800000,review,review,correct,0
s0-c3-196,CAM-3,3,HPF6094,FL,TEMP,HPF6094,NM,COMMERCIAL,0.564051,0.506668,0.674843,0.800000,0.800000,0.800000,review,review,correct,0
s0-c3-197,CAM-3,3,TGZ2851,CA,GOV,TGZ2851,CA,COMMERCIAL,0.498072,0.689148,0.582501,0.800000,0.800000,0.800000,review,review,correct,0
s0-c3-198,CAM-3,3,VSS0204,FL,COMMERCIAL,VSS0204,OK,PASSENGER,0.730777,0.176523,0.632821,0.800000,0.800000,0.800000,review,review,correct,0
s0-c3-199,CAM-3,3,UOU6331,FL,PASSENGER,UOU6331,FL,PASSENGER,0.526311,0.804632,0.550983,0.800000,0.800000,0.800000,review,review,type2,1
s0-c3-200,CAM-3,3,JGN8052,NM,COMMERCIAL,9GN8052,NM,TRAILER,0.737642,0.708598,0.382350,0.800000,0.800000,0.800000,review,review,correct,0
s0-c3-201,CAM-3,3,NBJ5475,TX,TEMP,NBJ5J75,AZ,GOV,0.457628,0.516278,0.686250,0.800000,0.800000,0.800000,review,review,correct,0
s0-c3-202,CAM-3,3,BLJ9927,CA,GOV,BLJ9927,CA,TRAILER,0.474457,0.641544,0.583725,0.800000,0.800000,0.800000,review,review,correct,0
s0-c3-203,CAM-3,3,RNK9446,NM,GOV,RN49446,OK,GOV,0.586555,0.565529,0.463369,0.800000,0.800000,0.800000,review,review,correct,0
s0-c3-204,CAM-3,3,QGH6398,CO,TEMP,QGH6398,CA,TEMP,0.494631,0.237335,0.689823,0.800000,0.800000,0.800000,review,review,correct,0
s0-c3-205,CAM-3,3,VKW0438,TX,COMMERCIAL,VKW043S,TX,TRAILER,0.317142,0.555951,0.630857,0.800000,0.800000,0.800000,review,review,correct,0
s0-c3-206,CAM-3,3,PPI3517,FL,PASSENGER,PPI3517,FL,TEMP,0.644710,0.580220,0.480307,0.800000,0.800000,0.800000,review,review,correct,0
s0-c3-207,CAM-3,3,ICC3319,CA,TRAILER,JCC3319,CA,TRAILER,0.186921,0.644865,0.677363,0.800000,0.800000,0.800000,review,review,correct,0
s0-c3-208,CAM-3,3,NPV4910,TX,TEMP,NPV4910,CA,TEMP,0.606271,0.408001,0.380987,0.800000,0.800000,0.800000,review,review,correct,0
s0-c3-209,CAM-3,3,IST8738,CO,TRAILER,IST8738,CO,TRAILER,0.721793,0.669465,0.248618,0.800000,0.800000,0.800000,review,review,type2,1
s0-c3-210,CAM-3,3,VFK9270,TX,TEMP,VFKH270,TX,TEMP,0.670355,0.667598,0.698743,0.800000,0.800000,0.800000,review,review,correct,0
s0-c3-211,CAM-3,3,YAB8584,NV,TRAILER,YAB8584,NV,GOV,0.648112,0.751325,0.746132,0.800000,0.800000,0.800000,review,review,correct,0
s0-c3-212,CAM-3,3,WDE5590,CO,TEMP,WDEA590,CO,COMMERCIAL,0.267204,0.444297,0.572129,0.800000,0.800000,0.800000,review,review,correct,0
s0-c3-213,CAM-3,3,MHQ4699,NM,COMMERCIAL,MHQ4699,CO,COMMERCIAL,0.760273,0.712774,0.728999,0.800000,0.800000,0.800000,review,review,correct,0
s0-c3-214,CAM-3,3,PWJ6391,CA,COMMERCIAL,PW36391,CA,TRAILER,0.623229,0.718676,0.443201,0.800000,0.800000,0.800000,review,review,correct,0
s0-c3-215,CAM-3,3,UXW3694,FL,TEMP,UXW3694,OK,TEMP,0.538158,0.385797,0.614895,0.800000,0.800000,0.800000,review,review,correct,0
s0-c3-216,CAM-3,3,JVM0636,FL,TRAILER,JVM0636,CO,GOV,0.528727,0.393546,0.482402,0.800000,0.800000,0.800000,review,review,correct,0
s0-c3-217,CAM-3,3,YCW7889,AZ,GOV,YCW7889,AZ,PASSENGER,0.161026,0.750975,0.359594,0.800000,0.800000,0.800000,review,review,correct,0
s0-c3-218,CAM-3,3,JUS4531,NM,COMMERCIAL,JUS4531,CA,TEMP,0.670182,0.750668,0.513792,0.800000,0.800000,0.800000,review,review,correct,0
s0-c3-219,CAM-3,3,GSP8167,NM,TEMP,GSP8167,NM,GOV,0.722509,0.784726,0.658487,0.800000,0.800000,0.800000,review,review,correct,0
s0-c3-220,CAM-3,3,GHG4441,FL,COMMERCIAL,CHG4441,FL,COMMERCIAL,0.517315,0.577933,0.673563,0.800000,0.800000,0.800000,review,review,correct,0
s0-c3-221,CAM-3,3,ACV1563,NV,COMMERCIAL,ACV1563,AZ,COMMERCIAL,0.356542,0.655533,0.669597,0.800000,0.800000,0.800000,review,review,correct,0
s0-c3-222,CAM-3,3,GRS9032,CA,PASSENGER,GRS9032,CA,GOV,0.783178,0.378230,0.401757,0.800000,0.800000,0.800000,review,review,correct,0
s0-c3-223,CAM-3,3,NYE4953,FL,GOV,NYE4953,FL,GOV,0.776473,0.582805,0.290828,0.800000,0.800000,0.800000,review,review,type2,1
s0-c3-224,CAM-3,3,NQG1980,CO,TRAILER,NQG1980,CO,TEMP,0.707482,0.612463,0.182802,0.800000,0.800000,0.800000,review,review,correct,0
s0-c3-225,CAM-3,3,DQN2315,CO,GOV,DQN2N15,NV,GOV,0.313688,0.376783,0.638789,0.800000,0.800000,0.800000,review,review,correct,0
s0-c3-226,CAM-3,3,ANO8971,OK,TRAILER,ANO8H71,CA,PASSENGER,0.532312,0.599599,0.445958,0.800000,0.800000,0.800000,review,review,correct,0
s0-c3-227,CAM-3,3,CWY5718,CA,GOV,CWY5718,CA,GOV,0.831518,0.469850,0.474124,0.800000,0.800000,0.800000,review,review,type2,1
s0-c3-228,CAM-3,3,TOB4528,FL,COMMERCIAL,TOB4B28,AZ,TEMP,0.641496,0.303989,0.671879,0.800000,0.800000,0.800000,review,review,correct,0
s0-c3-229,CAM-3,3,SYS8140,OK,COMMERCIAL,SZS8140,NV,TRAILER,0.565991,0.620526,0.636914,0.800000,0.800000,0.800000,review,review,correct,0
s0-c3-230,CAM-3,3,GEL4337,FL,TRAILER,GEL4337,FL,PASSENGER,0.597065,0.738011,0.181260,0.800000,0.800000,0.800000,review,review,correct,0
s0-c3-231,CAM-3,3,PBN1966,AZ,COMMERCIAL,PBN1966,AZ,PASSENGER,0.602391,0.532040,0.381266,0.800000,0.800000,0.800000,review,review,correct,0
s0-c3-232,CAM-3,3,PGQ9855,CA,TEMP,PGQC855,OK,COMMERCIAL,0.245435,0.111107,0.404363,0.800000,0.800000,0.800000,review,review,correct,0
s0-c3-233,CAM-3,3,UMY5603,OK,GOV,UMY5623,OK,PASSENGER,0.540414,0.374254,0.422781,0.800000,0.800000,0.800000,review,review,correct,0
s0-c3-234,CAM-3,3,BAJ4526,CA,TRAILER,BAJ4526,CO,TRAILER,0.852678,0.523742,0.745200,0.800000,0.800000,0.800000,review,review,correct,0
s0-c3-235,CAM-3,3,TPV6430,CO,COMMERCIAL,TPV6M30,CO,PASSENGER,0.584494,0.778732,0.485231,0.800000,0.800000,0.800000,review,review,correct,0
s0-c3-236,CAM-3,3,QSC1501,FL,PASSENGER,QSC1501,FL,PASSENGER,0.716654,0.772331,0.670213,0.800000,0.800000,0.800000,review,review,type2,1
s0-c3-237,CAM-3,3,ONJ0108,NM,TEMP,ONJ0108,FL,TEMP,0.810275,0.438096,0.655985,0.800000,0.800000,0.800000,review,review,correct,0
s0-c3-238,CAM-3,3,PJV5645,CO,GOV,PJV5A45,AZ,GOV,0.856684,0.378519,0.671821,0.800000,0.800000,0.800000,review,review,correct,0
s0-c3-239,CAM-3,3,RDV4406,FL,TRAILER,RDV440W,FL,PASSENGER,0.302471,0.608908,0.308591,0.800000,0.800000,0.800000,review,review,correct,0
s0-c3-240,CAM-3,3,YHG6892,NM,TEMP,YHG6892,NM,TEMP,0.667063,0.370733,0.563822,0.800000,0.800000,0.800000,review,review,type2,1
s0-c3-241,CAM-3,3,TDR0112,TX,COMMERCIAL,TDR0112,TX,COMMERCIAL,0.578747,0.676725,0.574485,0.800000,0.800000,0.800000,review,review,type2,1
s0-c3-242,CAM-3,3,RVY5691,FL,TRAILER,RVY5691,FL,TEMP,0.415834,0.582566,0.339775,0.800000,0.800000,0.800000,review,review,correct,0
s0-c3-243,CAM-3,3,UQF0832,NM,TRAILER,UQF0832,NM,TRAILER,0.821921,0.411405,0.591935,0.800000,0.800000,0.800000,review,review,type2,1
s0-c3-244,CAM-3,3,AGM1552,CO,GOV,AGM1552,CO,GOV,0.708873,0.555162,0.323493,0.800000,0.800000,0.800000,review,review,type2,1
s0-c3-245,CAM-3,3,RSH0876,CA,GOV,RSH0876,CA,TEMP,0.634416,0.358839,0.476526,0.800000,0.800000,0.800000,review,review,correct,0
s0-c3-246,CAM-3,3,KTI2783,OK,TRAILER,KTX2783,OK,TRAILER,0.631673,0.725196,0.574770,0.800000,0.800000,0.800000,review,review,correct,0
s0-c3-247,CAM-3,3,MFW5957,NM,GOV,MFW5957,NM,GOV,0.592450,0.669892,0.383961,0.800000,0.800000,0.800000,review,review,type2,1
s0-c3-248,CAM-3,3,DLF8194,CO,TEMP,DLF1194,FL,PASSENGER,0.641484,0.142998,0.625192,0.800000,0.800000,0.800000,review,review,correct,0
s0-c3-249,CAM-3,3,SXO9716,NV,PASSENGER,SXO9716,FL,PASSENGER,0.406317,0.192715,0.414071,0.800000,0.800000,0.800000,review,review,correct,0
s0-c3-250,CAM-3,3,IRR4345,OK,GOV,IRR4345,OK,GOV,0.445180,0.378297,0.566858,0.800000,0.800000,0.800000,review,review,type2,1
s0-c3-251,CAM-3,3,EUR0070,AZ,PASSENGER,EUR0070,TX,TEMP,0.687803,0.394751,0.276254,0.800000,0.800000,0.800000,review,review,correct,0
s0-c3-252,CAM-3,3,YHD1419,NM,TRAILER,YHD1419,NM,COMMERCIAL,0.795622,0.566448,0.644101,0.800000,0.800000,0.800000,review,review,correct,0
s0-c3-253,CAM-3,3,MRT2916,NV,TRAILER,MRT2916,CA,TRAILER,0.684800,0.478039,0.715980,0.800000,0.800000,0.800000,review,review,correct,0
s0-c3-254,CAM-3,3,GQO4228,NV,PASSENGER,GQO4228,FL,PASSENGER,0.812148,0.196941,0.715418,0.800000,0.800000,0.800000,review,review,correct,0
s0-c3-255,CAM-3,3,EMY4139,CA,PASSENGER,EMY4139,CA,TRAILER,0.563544,0.511879,0.592555,0.800000,0.800000,0.800000,review,review,correct,0
s0-c3-256,CAM-3,3,LAX1987,FL,PASSENGER,LAX1987,FL,PASSENGER,0.752464,0.730094,0.604021,0.800000,0.800000,0.800000,review,review,type2,1
s0-c3-257,CAM-3,3,PDO6707,NV,COMMERCIAL,PDO6707,NV,COMMERCIAL,0.895382,0.656523,0.608759,0.800000,0.800000,0.800000,review,review,type2,1
s0-c3-258,CAM-3,3,BZU6649,CA,GOV,BZU6649,CA,PASSENGER,0.827243,0.511145,0.477079,0.800000,0.800000,0.800000,review,review,correct,0
s0-c3-259,CAM-3,3,JZZ3374,AZ,COMMERCIAL,JZZ3374,AZ,GOV,0.772835,0.678263,0.189299,0.800000,0.800000,0.800000,review,review,correct,0
s0-c3-260,CAM-3,3,MYX8976,AZ,TRAILER,MYX8976,TX,TEMP,0.571535,0.522080,0.575984,0.800000,0.800000,0.800000,review,review,correct,0
s0-c3-261,CAM-3,3,VEB0111,CO,PASSENGER,VEB0111,CO,TRAILER,0.689850,0.449946,0.311308,0.800000,0.800000,0.800000,review,review,correct,0
s0-c3-262,CAM-3,3,RJR1500,FL,PASSENGER,RJR1500,FL,COMMERCIAL,0.715923,0.596603,0.490089,0.800000,0.800000,0.800000,review,review,correct,0
s0-c3-263,CAM-3,3,MPK9364,NM,COMMERCIAL,MPK9364,CO,COMMERCIAL,0.617680,0.565341,0.537407,0.800000,0.800000,0.800000,review,review,correct,0
s0-c3-264,CAM-3,3,WXY2510,AZ,TEMP,WXY2510,AZ,TRAILER,0.740589,0.808767,0.318729,0.800000,0.800000,0.800000,review,review,correct,0
s0-c3-265,CAM-3,3,PLY9629,CA,COMMERCIAL,PLY9629,FL,COMMERCIAL,0.570853,0.737776,0.755800,0.800000,0.800000,0.800000,review,review,correct,0
s0-c3-266,CAM-3,3,SCJ1015,OK,TEMP,ACJ1015,NV,TEMP,0.423929,0.118667,0.428088,0.800000,0.800000,0.800000,review,review,correct,0
s0-c3-267,CAM-3,3,YOU3774,NM,PASSENGER,YOU3774,NM,PASSENGER,0.511842,0.765306,0.622495,0.800000,0.800000,0.800000,review,review,type2,1
s0-c3-268,CAM-3,3,URY0143,CO,TEMP,URY0143,NV,GOV,0.704869,0.405877,0.518983,0.800000,0.800000,0.800000,review,review,correct,0
s0-c3-269,CAM-3,3,AHE8982,FL,TRAILER,SHE8982,FL,TRAILER,0.684546,0.263632,0.679176,0.800000,0.800000,0.800000,review,review,correct,0
s0-c3-270,CAM-3,3,GWU6932,NV,TEMP,GWU6932,NV,TRAILER,0.668187,0.714252,0.204504,0.800000,0.800000,0.800000,review,review,correct,0
s0-c3-271,CAM-3,3,CUE5686,NV,PASSENGER,CUE5686,NV,PASSENGER,0.514630,0.559727,0.653302,0.800000,0.800000,0.800000,review,review,type2,1
s0-c3-272,CAM-3,3,FIP0031,FL,TRAILER,FIP003K,AZ,GOV,0.547814,0.297177,0.323153,0.800000,0.800000,0.800000,review,review,correct,0
s0-c3-273,CAM-3,3,DRP1673,FL,TEMP,DRP1673,FL,COMMERCIAL,0.643606,0.659192,0.509388,0.800000,0.800000,0.800000,review,review,correct,0
s0-c3-274,CAM-3,3,PQB5844,AZ,TEMP,PQB5844,TX,COMMERCIAL,0.638893,0.461040,0.213141,0.800000,0.800000,0.800000,review,review,correct,0
s0-c3-275,CAM-3,3,ATM3195,AZ,PASSENGER,ATM3195,AZ,TRAILER,0.701345,0.636063,0.661844,0.800000,0.800000,0.800000,review,review,correct,0
s0-c3-276,CAM-3,3,KPF2961,TX,PASSENGER,KTF2961,TX,TRAILER,0.876127,0.677274,0.824330,0.800000,0.800000,0.800000,review,review,correct,0
s0-c3-277,CAM-3,3,GAL7071,NV,PASSENGER,GALA071,NV,PASSENGER,0.433137,0.556772,0.491250,0.800000,0.800000,0.800000,review,review,correct,0
s0-c3-278,CAM-3,3,ZES2152,OK,PASSENGER,ZES215Y,NV,PASSENGER,0.382047,0.579984,0.758110,0.800000,0.800000,0.800000,review,review,correct,0
s0-c3-279,CAM-3,3,XLJ0987,CO,COMMERCIAL,XLJ0987,NV,GOV,0.648877,0.463394,0.679163,0.800000,0.800000,0.800000,review,review,correct,0
s0-c3-280,CAM-3,3,BQG6496,NM,COMMERCIAL,BQG6496,NV,GOV,0.665347,0.422177,0.562704,0.800000,0.800000,0.800000,review,review,correct,0
s0-c3-281,CAM-3,3,OQI6662,AZ,GOV,OQI6662,NM,COMMERCIAL,0.636745,0.553170,0.620438,0.800000,0.800000,0.800000,review,review,correct,0
s0-c3-282,CAM-3,3,KTQ8521,CA,TEMP,KTQ8521,CA,TEMP,0.434534,0.501966,0.450954,0.800000,0.800000,0.800000,review,review,type2,1
s0-c3-283,CAM-3,3,ASK4159,FL,COMMERCIAL,ASK4159,FL,PASSENGER,0.226265,0.757694,0.712089,0.800000,0.800000,0.800000,review,review,correct,0
s0-c3-284,CAM-3,3,XID2814,CO,COMMERCIAL,XID2814,CO,COMMERCIAL,0.621400,0.779187,0.612977,0.800000,0.800000,0.800000,review,review,type2,1
s0-c3-285,CAM-3,3,GAB3473,NV,TEMP,GA23473,NV,GOV,0.896394,0.550642,0.316845,0.800000,0.800000,0.800000,review,review,correct,0
s0-c3-286,CAM-3,3,NJO1837,OK,PASSENGER,NJO1837,NM,TEMP,0.649270,0.647134,0.368884,0.800000,0.800000,0.800000,review,review,correct,0
s0-c3-287,CAM-3,3,TJZ9423,FL,PASSENGER,T9Z9423,FL,PASSENGER,0.756016,0.433779,0.591755,0.800000,0.800000,0.800000,review,review,correct,0
s0-c3-288,CAM-3,3,QUU4020,TX,TRAILER,QUU4020,NV,TEMP,0.790789,0.516087,0.368963,0.800000,0.800000,0.800000,review,review,correct,0
s0-c3-289,CAM-3,3,PXW1059,NV,COMMERCIAL,1XW1059,NV,TEMP,0.491358,0.673216,0.381466,0.800000,0.800000,0.800000,review,review,correct,0
s0-c3-290,CAM-3,3,EWF5479,CO,TEMP,HWF5479,CO,COMMERCIAL,0.456375,0.482176,0.431260,0.800000,0.800000,0.800000,review,review,correct,0
s0-c3-291,CAM-3,3,HLO1518,OK,COMMERCIAL,HLO1518,TX,TRAILER,0.547411,0.455583,0.467701,0.800000,0.800000,0.800000,review,review,correct,0
s0-c3-292,CAM-3,3,ZLV8318,FL,COMMERCIAL,ZLV83N8,FL,COMMERCIAL,0.582161,0.702448,0.577599,0.800000,0.800000,0.800000,review,review,correct,0
s0-c3-293,CAM-3,3,IPA5346,NM,TEMP,IPA5346,NM,TRAILER,0.601761,0.634193,0.538377,0.800000,0.800000,0.800000,review,review,correct,0
s0-c3-294,CAM-3,3,GBC7927,AZ,TEMP,GBCU927,NM,TEMP,0.671729,0.536347,0.800939,0.800000,0.800000,0.800000,review,review,correct,0
s0-c3-295,CAM-3,3,ADV4310,NV,COMMERCIAL,ADV4310,NV,GOV,0.636792,0.792251,0.248001,0.800000,0.800000,0.800000,review,review,correct,0
s0-c3-296,CAM-3,3,GFV2421,AZ,PASSENGER,GFV2421,AZ,PASSENGER,0.702032,0.425964,0.775019,0.800000,0.800000,0.800000,review,review,type2,1
s0-c3-297,CAM-3,3,HMQ5352,CO,TEMP,HMQ5352,CO,TEMP,0.780782,0.696185,0.573270,0.800000,0.800000,0.800000,review,review,type2,1
s0-c3-298,CAM-3,3,IUH2600,TX,TEMP,IUH260H,TX,TEMP,0.555087,0.795806,0.561195,0.800000,0.800000,0.800000,review,review,correct,0
s0-c3-299,CAM-3,3,EFJ1152,NV,GOV,EAJ1152,NV,PASSENGER,0.548873,0.742458,0.600068,0.800000,0.800000,0.800000,review,review,correct,0
s0-c3-300,CAM-3,3,YNH7054,CA,GOV,YNH7T54,CO,GOV,0.670343,0.516019,0.551274,0.800000,0.800000,0.800000,review,review,correct,0
s0-c3-301,CAM-3,3,QUE0133,OK,COMMERCIAL,QUE0133,OK,COMMERCIAL,0.762103,0.719366,0.672903,0.800000,0.800000,0.800000,review,review,type2,1
s0-c3-302,CAM-3,3,MFH6293,TX,PASSENGER,MFH6293,OK,PASSENGER,0.597626,0.525019,0.695900,0.800000,0.800000,0.800000,review,review,correct,0
s0-c3-303,CAM-3,3,NDQ9385,TX,TRAILER,NDQ9385,TX,TEMP,0.834998,0.618436,0.719352,0.800000,0.800000,0.800000,review,review,correct,0
s0-c3-304,CAM-3,3,DVS7395,FL,TEMP,D7S7395,NM,PASSENGER,0.512863,0.715416,0.804895,0.800000,0.800000,0.800000,review,review,correct,0
s0-c3-305,CAM-3,3,UJH2198,CA,TRAILER,UJH2198,AZ,TRAILER,0.505110,0.611483,0.526063,0.800000,0.800000,0.800000,review,review,correct,0
s0-c3-306,CAM-3,3,WYO4360,NV,COMMERCIAL,WYO43J0,NV,COMMERCIAL,0.658048,0.746702,0.449033,0.800000,0.800000,0.800000,review,review,correct,0
s0-c3-307,CAM-3,3,LGL1317,NM,COMMERCIAL,LGL1317,FL,GOV,0.908299,0.566511,0.501834,0.800000,0.800000,0.800000,review,review,correct,0
s0-c3-308,CAM-3,3,QRH1944,NV,PASSENGER,QRH1954,OK,GOV,0.562418,0.726587,0.418637,0.800000,0.800000,0.800000,review,review,correct,0
s0-c3-309,CAM-3,3,NAX0657,NV,GOV,NAX0657,NM,GOV,0.504092,0.392659,0.535018,0.800000,0.800000,0.800000,review,review,correct,0
s0-c3-310,CAM-3,3,DYX3820,TX,TRAILER,DYX6820,TX,COMMERCIAL,0.644821,0.470646,0.563978,0.800000,0.800000,0.800000,review,review,correct,0
s0-c3-311,CAM-3,3,ABQ3096,FL,TEMP,ABQ30N6,NM,TEMP,0.563515,0.292611,0.652961,0.800000,0.800000,0.800000,review,review,correct,0
s0-c3-312,CAM-3,3,WRA5998,TX,COMMERCIAL,WRE5998,TX,COMMERCIAL,0.462302,0.843600,0.685855,0.800000,0.800000,0.800000,review,review,correct,0
s0-c3-313,CAM-3,3,KZC5745,TX,COMMERCIAL,KZC5745,CO,COMMERCIAL,0.748686,0.597142,0.804128,0.800000,0.800000,0.800000,review,review,correct,0
s0-c3-314,CAM-3,3,UHI1723,OK,COMMERCIAL,DHI1723,OK,COMMERCIAL,0.673827,0.615435,0.425468,0.800000,0.800000,0.800000,review,review,correct,0
s0-c3-315,CAM-3,3,BWB6643,OK,PASSENGER,BWB6643,TX,TEMP,0.704233,0.632625,0.433323,0.800000,0.800000,0.800000,review,review,correct,0
s0-c3-316,CAM-3,3,XZC3614,AZ,TEMP,XZC3614,AZ,TEMP,0.736120,0.266486,0.518697,0.800000,0.800000,0.800000,review,review,type2,1
s0-c3-317,CAM-3,3,ECE6951,AZ,TEMP,ECE6951,AZ,GOV,0.768296,0.763483,0.393726,0.800000,0.800000,0.800000,review,review,correct,0
s0-c3-318,CAM-3,3,DPS4911,AZ,TRAILER,DPS4911,AZ,TRAILER,0.873495,0.621208,0.400995,0.800000,0.800000,0.800000,review,review,type2,1
s0-c3-319,CAM-3,3,FMY7903,NV,TEMP,FMY7903,NV,TEMP,0.764314,0.747100,0.683978,0.800000,0.800000,0.800000,review,review,type2,1
s0-c3-320,CAM-3,3,BCK3234,TX,PASSENGER,BCK3234,CA,PASSENGER,0.498622,0.228880,0.763683,0.800000,0.800000,0.800000,review,review,correct,0
s0-c3-321,CAM-3,3,MEU0375,CO,GOV,MEU0L75,AZ,COMMERCIAL,0.470350,0.470098,0.455520,0.800000,0.800000,0.800000,review,review,correct,0
s0-c3-322,CAM-3,3,WNW0819,CA,COMMERCIAL,WNW0819,CA,COMMERCIAL,0.566069,0.721501,0.690174,0.800000,0.800000,0.800000,review,review,type2,1
s0-c3-323,CAM-3,3,ZIM1943,NV,TEMP,ZIM1943,OK,TEMP,0.787640,0.020000,0.407080,0.800000,0.800000,0.800000,review,review,correct,0
s0-c3-324,CAM-3,3,NYV6797,FL,TRAILER,NYV6797,NM,PASSENGER,0.584451,0.649795,0.807633,0.800000,0.800000,0.800000,review,review,correct,0
s0-c3-325,CAM-3,3,NGO8312,NM,COMMERCIAL,NGO8312,NM,COMMERCIAL,0.821113,0.684941,0.774982,0.800000,0.800000,0.800000,review,review,type2,1
s0-c3-326,CAM-3,3,YFZ9740,NM,PASSENGER,YFZ9740,TX,TEMP,0.652071,0.534448,0.654708,0.800000,0.800000,0.800000,review,review,correct,0
s0-c3-327,CAM-3,3,HDO0069,CO,GOV,HDO0069,CO,TRAILER,0.584772,0.814069,0.459454,0.800000,0.800000,0.800000,review,review,correct,0
s0-c3-328,CAM-3,3,ZFT4911,CA,GOV,ZFT4911,CA,GOV,0.500515,0.741925,0.648614,0.800000,0.800000,0.800000,review,review,type2,1
s0-c3-329,CAM-3,3,XHE1786,OK,COMMERCIAL,XHE1786,OK,COMMERCIAL,0.789168,0.579120,0.671764,0.800000,0.800000,0.800000,review,review,type2,1
s0-c3-330,CAM-3,3,QRW7087,FL,COMMERCIAL,QRW708Q,FL,COMMERCIAL,0.756142,0.681176,0.487183,0.800000,0.800000,0.800000,review,review,correct,0
s0-c3-331,CAM-3,3,TVV8750,TX,GOV,TVV8750,NV,GOV,0.816977,0.453918,0.545802,0.800000,0.800000,0.800000,review,review,correct,0
s0-c3-332,CAM-3,3,LAN9188,TX,TRAILER,LAN9188,TX,GOV,0.699794,0.558626,0.639928,0.800000,0.800000,0.800000,review,review,correct,0
s0-c3-333,CAM-3,3,MLE5090,CA,COMMERCIAL,MLE5090,CA,TRAILER,0.769713,0.691736,0.325549,0.800000,0.800000,0.800000,review,review,correct,0
s0-c3-334,CAM-3,3,TOM3004,AZ,GOV,TOM3004,NV,GOV,0.808868,0.637900,0.437782,0.800000,0.800000,0.800000,review,review,correct,0
s0-c3-335,CAM-3,3,GRA6906,NM,PASSENGER,GRA6906,OK,PASSENGER,0.798660,0.684297,0.729511,0.800000,0.800000,0.800000,review,review,correct,0
s0-c3-336,CAM-3,3,GZB5265,CA,TRAILER,7ZB5265,OK,TRAILER,0.534171,0.616873,0.408141,0.800000,0.800000,0.800000,review,review,correct,0
s0-c3-337,CAM-3,3,CNA5008,CA,TRAILER,CNA5008,NM,TRAILER,0.515442,0.716324,0.634640,0.800000,0.800000,0.800000,review,review,correct,0
s0-c3-338,CAM-3,3,NMC6608,CO,TEMP,NMC6608,CO,TEMP,0.659123,0.715114,0.287117,0.800000,0.800000,0.800000,review,review,type2,1
s0-c3-339,CAM-3,3,AAV7529,FL,TEMP,AAV7529,FL,COMMERCIAL,0.618390,0.595052,0.599030,0.800000,0.800000,0.800000,review,review,correct,0
s0-c3-340,CAM-3,3,QOA1094,CA,TEMP,QOA1094,CO,TEMP,0.736547,0.099682,0.676664,0.800000,0.800000,0.800000,review,review,correct,0
s0-c3-341,CAM-3,3,XIR4224,CA,TRAILER,XIR4224,NV,TEMP,0.752876,0.583465,0.658948,0.800000,0.800000,0.800000,review,review,correct,0
s0-c3-342,CAM-3,3,AQY3417,FL,PASSENGER,AQY2417,NV,TRAILER,0.734272,0.542552,0.604291,0.800000,0.800000,0.800000,review,review,correct,0
s0-c3-343,CAM-3,3,GIJ4504,TX,GOV,GI14504,TX,TRAILER,0.663364,0.718254,0.557173,0.800000,0.800000,0.800000,review,review,correct,0
s0-c3-344,CAM-3,3,VUK2748,AZ,COMMERCIAL,VUK2748,NM,COMMERCIAL,0.620788,0.825321,0.524788,0.800000,0.800000,0.800000,review,review,correct,0
s0-c3-345,CAM-3,3,LQL3458,AZ,TRAILER,LQL3458,AZ,GOV,0.714352,0.445716,0.135207,0.800000,0.800000,0.800000,review,review,correct,0
s0-c3-346,CAM-3,3,AHM5315,OK,COMMERCIAL,AHM53R5,OK,PASSENGER,0.693829,0.650134,0.645242,0.800000,0.800000,0.800000,review,review,correct,0
s0-c3-347,CAM-3,3,MXU5111,AZ,TEMP,MXU5111,AZ,TEMP,0.735369,0.628794,0.708128,0.800000,0.800000,0.800000,review,review,type2,1
s0-c3-348,CAM-3,3,HZW0658,CO,PASSENGER,HZW0658,NV,COMMERCIAL,0.637359,0.621491,0.630986,0.800000,0.800000,0.800000,review,review,correct,0
s0-c3-349,CAM-3,3,TYP0953,TX,COMMERCIAL,TYP0953,TX,TEMP,0.494271,0.732972,0.440815,0.800000,0.800000,0.800000,review,review,correct,0
s0-c3-350,CAM-3,3,SRR6951,OK,TEMP,SRR6951,NM,COMMERCIAL,0.751533,0.612419,0.527863,0.800000,0.800000,0.800000,review,review,correct,0
s0-c3-351,CAM-3,3,PGN6858,NV,PASSENGER,PGN6858,FL,COMMERCIAL,0.789644,0.412541,0.349385,0.800000,0.800000,0.800000,review,review,correct,0
s0-c3-352,CAM-3,3,KCM2595,FL,GOV,KCM0595,FL,GOV,0.260903,0.753377,0.438189,0.800000,0.800000,0.800000,review,review,correct,0
s0-c3-353,CAM-3,3,CIP8131,TX,TEMP,CIP8131,AZ,GOV,0.618561,0.605248,0.599711,0.800000,0.800000,0.800000,review,review,correct,0
s0-c3-354,CAM-3,3,SSL0894,AZ,COMMERCIAL,SSL0894,NM,COMMERCIAL,0.707441,0.620167,0.692703,0.800000,0.800000,0.800000,review,review,correct,0
s0-c3-355,CAM-3,3,GYF6261,OK,PASSENGER,GYF6261,TX,PASSENGER,0.803680,0.319146,0.573196,0.800000,0.800000,0.800000,review,review,correct,0
s0-c3-356,CAM-3,3,BZV9559,AZ,TEMP,BZV9559,NM,TEMP,0.623804,0.527239,0.648378,0.800000,0.800000,0.800000,review,review,correct,0
s0-c3-357,CAM-3,3,EMF7161,OK,PASSENGER,EMFF161,CO,GOV,0.559022,0.653982,0.527988,0.800000,0.800000,0.800000,review,review,correct,0
s0-c3-358,CAM-3,3,JCN0789,NV,PASSENGER,JCN0789,NV,PASSENGER,0.613097,0.798104,0.125569,0.800000,0.800000,0.800000,review,review,type2,1
s0-c3-359,CAM-3,3,ENO5333,AZ,TEMP,ENO5333,AZ,GOV,0.776000,0.471180,0.512365,0.800000,0.800000,0.800000,review,review,correct,0
s0-c3-360,CAM-3,3,LVM3162,FL,GOV,LVM3F62,FL,PASSENGER,0.464435,0.448189,0.608481,0.800000,0.800000,0.800000,review,review,correct,0
s0-c3-361,CAM-3,3,SQB0390,NV,TRAILER,SQB0390,AZ,TRAILER,0.525525,0.476028,0.639310,0.800000,0.800000,0.800000,review,review,correct,0
s0-c3-362,CAM-3,3,BOU9674,CO,COMMERCIAL,BOU967C,AZ,COMMERCIAL,0.582695,0.738923,0.701166,0.800000,0.800000,0.800000,review,review,correct,0
s0-c3-363,CAM-3,3,BCL2810,AZ,TRAILER,BCL281F,FL,TEMP,0.412570,0.527947,0.562325,0.800000,0.800000,0.800000,review,review,correct,0
s0-c3-364,CAM-3,3,ZAA6566,OK,TEMP,ZAA6566,NM,TEMP,0.611821,0.200342,0.664975,0.800000,0.800000,0.800000,review,review,correct,0
s0-c3-365,CAM-3,3,RYP9160,FL,TEMP,RYP9160,FL,GOV,0.825396,0.323023,0.597428,0.800000,0.800000,0.800000,review,review,correct,0
s0-c3-366,CAM-3,3,YVZ3641,CO,TEMP,YVZ3641,FL,TEMP,0.535204,0.426589,0.574293,0.800000,0.800000,0.800000,review,review,correct,0
s0-c3-367,CAM-3,3,NFE2266,NV,TRAILER,NFE2266,NV,TEMP,0.419298,0.748607,0.661695,0.800000,0.800000,0.800000,review,review,correct,0
s0-c3-368,CAM-3,3,RXL9568,FL,GOV,RXL9568,FL,TRAILER,0.754170,0.679645,0.542289,0.800000,0.800000,0.800000,review,review,correct,0
s0-c3-369,CAM-3,3,ZTH5124,CO,COMMERCIAL,ZTH5124,CO,PASSENGER,0.722560,0.787591,0.444143,0.800000,0.800000,0.800000,review,review,correct,0
s0-c3-370,CAM-3,3,ZLR6224,CA,COMMERCIAL,ZLR6224,OK,TRAILER,0.718998,0.559476,0.620806,0.800000,0.800000,0.800000,review,review,correct,0
s0-c3-371,CAM-3,3,PPC9583,OK,GOV,PPC9583,OK,TRAILER,0.881507,0.540063,0.526632,0.800000,0.800000,0.800000,review,review,correct,0
s0-c3-372,CAM-3,3,JKW9856,CO,PASSENGER,JKW985M,CO,PASSENGER,0.884872,0.753347,0.443067,0.800000,0.800000,0.800000,review,review,correct,0
s0-c3-373,CAM-3,3,IOR3629,NV,GOV,IOR3629,CO,GOV,0.651530,0.540601,0.679334,0.800000,0.800000,0.800000,review,review,correct,0
s0-c3-374,CAM-3,3,SMW1883,CO,TRAILER,SMW1883,NM,TRAILER,0.389105,0.719149,0.641454,0.800000,0.800000,0.800000,review,review,correct,0
s0-c3-375,CAM-3,3,KBA2973,AZ,TRAILER,KBA297A,AZ,TRAILER,0.551672,0.414841,0.718163,0.800000,0.800000,0.800000,review,review,correct,0
s0-c3-376,CAM-3,3,CRP2502,NV,PASSENGER,CRP2507,NV,PASSENGER,0.621791,0.637358,0.655656,0.800000,0.800000,0.800000,review,review,correct,0
s0-c3-377,CAM-3,3,CIA5495,CA,TRAILER,CIA5495,CA,PASSENGER,0.793586,0.679759,0.530204,0.800000,0.800000,0.800000,review,review,correct,0
s0-c3-378,CAM-3,3,MWD1843,OK,TRAILER,MWD1843,NM,TRAILER,0.713288,0.586582,0.698015,0.800000,0.800000,0.800000,review,review,correct,0
s0-c3-379,CAM-3,3,NOH9076,NV,TEMP,NOH9026,FL,GOV,0.510177,0.683207,0.590054,0.800000,0.800000,0.800000,review,review,correct,0
s0-c3-380,CAM-3,3,DLD1566,OK,TEMP,FLD1566,OK,TRAILER,0.535667,0.713050,0.698866,0.800000,0.800000,0.800000,review,review,correct,0
s0-c3-381,CAM-3,3,SOA4389,FL,TRAILER,SOA4389,FL,COMMERCIAL,0.668005,0.794610,0.390129,0.800000,0.800000,0.800000,review,review,correct,0
s0-c3-382,CAM-3,3,YWF4394,NM,TRAILER,YWF4394,CA,PASSENGER,0.605417,0.467103,0.410485,0.800000,0.800000,0.800000,review,review,correct,0
s0-c3-383,CAM-3,3,SSH1718,CO,TRAILER,SSH1718,CO,COMMERCIAL,0.576875,0.722318,0.399389,0.800000,0.800000,0.800000,review,review,correct,0
s0-c3-384,CAM-3,3,DKP1960,FL,PASSENGER,DKP1960,FL,TEMP,0.840240,0.798468,0.649137,0.800000,0.800000,0.800000,review,review,correct,0
s0-c3-385,CAM-3,3,LSM9575,OK,TEMP,LSM9575,OK,COMMERCIAL,0.624995,0.596533,0.520782,0.800000,0.800000,0.800000,review,review,correct,0
s0-c3-386,CAM-3,3,PIM8081,OK,TEMP,PIM8081,OK,PASSENGER,0.817575,0.657922,0.170470,0.800000,0.800000,0.800000,review,review,correct,0
s0-c3-387,CAM-3,3,EQR4779,CA,TRAILER,EQR4779,AZ,TRAILER,0.883712,0.573823,0.697216,0.800000,0.800000,0.800000,review,review,correct,0
s0-c3-388,CAM-3,3,UBU0341,CO,COMMERCIAL,UOU0341,CA,COMMERCIAL,0.763565,0.295669,0.654154,0.800000,0.800000,0.800000,review,review,correct,0
s0-c3-389,CAM-3,3,UDS8167,AZ,GOV,UDS8167,CA,COMMERCIAL,0.358456,0.474305,0.677653,0.800000,0.800000,0.800000,review,review,correct,0
s0-c3-390,CAM-3,3,FWJ1667,FL,COMMERCIAL,FWJ1667,TX,GOV,0.775642,0.282835,0.680913,0.800000,0.800000,0.800000,review,review,correct,0
s0-c3-391,CAM-3,3,ATQ3190,AZ,TRAILER,ATQ3190,AZ,TRAILER,0.834023,0.682589,0.768656,0.800000,0.800000,0.800000,review,review,type2,1
s0-c3-392,CAM-3,3,IMO8698,AZ,TEMP,IMO8698,AZ,COMMERCIAL,0.780925,0.731755,0.403449,0.800000,0.800000,0.800000,review,review,correct,0
s0-c3-393,CAM-3,3,MTZ8672,FL,TRAILER,MTZH672,FL,TRAILER,0.643274,0.784846,0.542795,0.800000,0.800000,0.800000,review,review,correct,0
s0-c3-394,CAM-3,3,FHK5199,AZ,TEMP,FHK5199,FL,TEMP,0.505745,0.374023,0.355627,0.800000,0.800000,0.800000,review,review,correct,0
s0-c3-395,CAM-3,3,TMA6646,TX,TRAILER,TZA6646,TX,COMMERCIAL,0.633947,0.648830,0.439723,0.800000,0.800000,0.800000,review,review,correct,0
s0-c3-396,CAM-3,3,LYQ5111,CA,TEMP,LYQ5111,CA,PASSENGER,0.666225,0.520832,0.674154,0.800000,0.800000,0.800000,review,review,correct,0
s0-c3-397,CAM-3,3,JTA5817,OK,COMMERCIAL,JTA5817,TX,COMMERCIAL,0.730236,0.699909,0.457257,0.800000,0.800000,0.800000,review,review,correct,0
s0-c3-398,CAM-3,3,GVM3090,TX,COMMERCIAL,GVM3090,CO,PASSENGER,0.745062,0.461226,0.277942,0.800000,0.800000,0.800000,review,review,correct,0
s0-c3-399,CAM-3,3,EMR0528,NM,COMMERCIAL,EMR0528,CA,PASSENGER,0.417140,0.676232,0.679268,0.800000,0.800000,0.800000,review,review,correct,0
s0-c3-400,CAM-3,3,HPX1009,OK,TRAILER,HPX1009,OK,PASSENGER,0.731261,0.593460,0.510027,0.800000,0.800000,0.800000,review,review,correct,0
s0-c3-401,CAM-3,3,SUE2845,FL,TRAILER,4UE2845,NV,TRAILER,0.584699,0.590970,0.836166,0.800000,0.800000,0.800000,review,review,correct,0
s0-c3-402,CAM-3,3,KCB3267,FL,PASSENGER,KCB3267,CA,PASSENGER,0.696376,0.269913,0.731975,0.800000,0.800000,0.800000,review,review,correct,0
s0-c3-403,CAM-3,3,XNS4189,NV,GOV,XNS4189,NV,GOV,0.784129,0.757299,0.525153,0.800000,0.800000,0.800000,review,review,type2,1
s0-c3-404,CAM-3,3,NRQ4094,NM,GOV,FRQ4094,NM,GOV,0.768236,0.820216,0.207530,0.800000,0.800000,0.800000,review,review,correct,0
s0-c3-405,CAM-3,3,BOD0664,AZ,TRAILER,BOD0U64,AZ,TRAILER,0.264190,0.595582,0.736738,0.800000,0.800000,0.800000,review,review,correct,0
s0-c3-406,CAM-3,3,AUI5375,OK,GOV,AOI5375,FL,PASSENGER,0.780119,0.549645,0.534877,0.800000,0.800000,0.800000,review,review,correct,0
s0-c3-407,CAM-3,3,ETQ7309,FL,TRAILER,ETQ7309,FL,TRAILER,0.725677,0.385997,0.697633,0.800000,0.800000,0.800000,review,review,type2,1
s0-c3-408,CAM-3,3,EUN8165,CO,TEMP,EUN8A65,TX,TEMP,0.686529,0.537723,0.267459,0.800000,0.800000,0.800000,review,review,correct,0
s0-c3-409,CAM-3,3,YKJ4426,AZ,GOV,YKJ4426,CO,PASSENGER,0.538108,0.757453,0.496680,0.800000,0.800000,0.800000,review,review,correct,0
s0-c3-410,CAM-3,3,VFR3135,NM,TRAILER,VFR3135,CA,TRAILER,0.709909,0.592557,0.649413,0.800000,0.800000,0.800000,review,review,correct,0
s0-c3-411,CAM-3,3,ZUF8359,FL,PASSENGER,ZUF8359,NM,PASSENGER,0.873657,0.188455,0.799000,0.800000,0.800000,0.800000,review,review,correct,0
s0-c3-412,CAM-3,3,AWU1577,CO,PASSENGER,AWU1577,CO,COMMERCIAL,0.658457,0.269735,0.387143,0.800000,0.800000,0.800000,review,review,correct,0
s0-c3-413,CAM-3,3,DHV3091,TX,TEMP,DZV3091,CO,TRAILER,0.788984,0.728886,0.306348,0.800000,0.800000,0.800000,review,review,correct,0
s0-c3-414,CAM-3,3,HCJ6065,OK,TEMP,HUJ6065,NV,COMMERCIAL,0.720125,0.798871,0.522733,0.800000,0.800000,0.800000,review,review,correct,0
s0-c3-415,CAM-3,3,JSE3386,FL,PASSENGER,4SE3386,FL,PASSENGER,0.877872,0.557537,0.631910,0.800000,0.800000,0.800000,review,review,correct,0
s0-c3-416,CAM-3,3,AHD1842,OK,COMMERCIAL,AQD1842,TX,COMMERCIAL,0.412297,0.375447,0.559393,0.800000,0.800000,0.800000,review,review,correct,0
s0-c3-417,CAM-3,3,PXP5415,TX,GOV,PXP5415,TX,GOV,0.699100,0.592181,0.714129,0.800000,0.800000,0.800000,review,review,type2,1
s0-c3-418,CAM-3,3,VCQ5943,OK,PASSENGER,VCQ5943,OK,TRAILER,0.330430,0.634602,0.553662,0.800000,0.800000,0.800000,review,review,correct,0
s0-c3-419,CAM-3,3,VSS1106,CA,TRAILER,VSS1106,OK,GOV,0.795141,0.520571,0.277605,0.800000,0.800000,0.800000,review,review,correct,0
s0-c3-420,CAM-3,3,UWT5216,NM,GOV,UWT5216,NV,GOV,0.666198,0.294241,0.423436,0.800000,0.800000,0.800000,review,review,correct,0
s0-c3-421,CAM-3,3,ZLP8068,TX,COMMERCIAL,ZLP8068,OK,COMMERCIAL,0.659946,0.211806,0.373428,0.800000,0.800000,0.800000,review,review,correct,0
s0-c3-422,CAM-3,3,UGO7337,NM,COMMERCIAL,UGOH337,NM,TEMP,0.394664,0.788883,0.581124,0.800000,0.800000,0.800000,review,review,correct,0
s0-c3-423,CAM-3,3,UKC0621,CA,TRAILER,UKC062R,CA,TRAILER,0.639970,0.785470,0.721059,0.800000,0.800000,0.800000,review,review,correct,0
s0-c3-424,CAM-3,3,UAD0081,FL,GOV,UAD0081,FL,TRAILER,0.764682,0.631162,0.407341,0.800000,0.800000,0.800000,review,review,correct,0
s0-c3-425,CAM-3,3,RSW3419,NM,GOV,RSW3419,NM,GOV,0.588791,0.788211,0.345115,0.800000,0.800000,0.800000,review,review,type2,1
s0-c3-426,CAM-3,3,SZA7709,CO,COMMERCIAL,SZA7709,NV,COMMERCIAL,0.510402,0.515289,0.685258,0.800000,0.800000,0.800000,review,review,correct,0
s0-c3-427,CAM-3,3,ETH1081,NM,GOV,ETH1081,AZ,GOV,0.538811,0.592264,0.396508,0.800000,0.800000,0.800000,review,review,correct,0
s0-c3-428,CAM-3,3,EXP6913,CO,GOV,EXPV913,NM,GOV,0.596450,0.574113,0.746299,0.800000,0.800000,0.800000,review,review,correct,0
s0-c3-429,CAM-3,3,YGH8579,OK,COMMERCIAL,YGH8579,CA,COMMERCIAL,0.697526,0.386909,0.623688,0.800000,0.800000,0.800000,review,review,correct,0
s0-c3-430,CAM-3,3,HGO6241,OK,GOV,HGO6241,NV,TEMP,0.676841,0.729911,0.467295,0.800000,0.800000,0.800000,review,review,correct,0
s0-c3-431,CAM-3,3,AUX4724,CA,TRAILER,AUX1724,NV,TRAILER,0.744397,0.594083,0.496080,0.800000,0.800000,0.800000,review,review,correct,0
s0-c3-432,CAM-3,3,IWA9756,OK,PASSENGER,IWA9Q56,OK,PASSENGER,0.753765,0.584164,0.701439,0.800000,0.800000,0.800000,review,review,correct,0
s0-c3-433,CAM-3,3,LNZ4138,OK,PASSENGER,LNZ4138,AZ,PASSENGER,0.804532,0.355048,0.506159,0.800000,0.800000,0.800000,review,review,correct,0
s0-c3-434,CAM-3,3,URS0601,NV,COMMERCIAL,URS0601,NV,COMMERCIAL,0.710466,0.661784,0.651428,0.800000,0.800000,0.800000,review,review,type2,1
s0-c3-435,CAM-3,3,IJW5228,NM,GOV,IJW5228,NM,COMMERCIAL,0.738486,0.639366,0.307040,0.800000,0.800000,0.800000,review,review,correct,0
s0-c3-436,CAM-3,3,MAI6879,NM,TRAILER,MAI6U79,NM,TEMP,0.796386,0.532157,0.228529,0.800000,0.800000,0.800000,review,review,correct,0
s0-c3-437,CAM-3,3,OYQ6054,CO,TEMP,OYQ6054,CO,PASSENGER,0.521876,0.709268,0.452131,0.800000,0.800000,0.800000,review,review,correct,0
s0-c3-438,CAM-3,3,WMN1311,NV,TRAILER,WMN1311,NM,GOV,0.721877,0.441710,0.475918,0.800000,0.800000,0.800000,review,review,correct,0
s0-c3-439,CAM-3,3,NHU6088,AZ,COMMERCIAL,NHU6088,AZ,TEMP,0.705062,0.360149,0.421396,0.800000,0.800000,0.800000,review,review,correct,0
s0-c3-440,CAM-3,3,DLA5331,CA,GOV,WLA5331,CA,TEMP,0.463906,0.726117,0.601232,0.800000,0.800000,0.800000,review,review,correct,0
s0-c3-441,CAM-3,3,SCQ3348,TX,PASSENGER,SCQ3348,NV,COMMERCIAL,0.635997,0.434564,0.090321,0.800000,0.800000,0.800000,review,review,correct,0
s0-c3-442,CAM-3,3,YZF0553,FL,TRAILER,YZF0553,FL,COMMERCIAL,0.264303,0.725190,0.484212,0.800000,0.800000,0.800000,review,review,correct,0
s0-c3-443,CAM-3,3,SSE1953,OK,GOV,SSE1953,CA,COMMERCIAL,0.609479,0.436915,0.632736,0.800000,0.800000,0.800000,review,review,correct,0
s0-c3-444,CAM-3,3,LWT3695,CA,GOV,LWT3695,NM,GOV,0.583566,0.634175,0.763383,0.800000,0.800000,0.800000,review,review,correct,0
s0-c3-445,CAM-3,3,RRW9624,AZ,TEMP,RRW9624,CO,TEMP,0.546425,0.355808,0.818076,0.800000,0.800000,0.800000,review,review,correct,0
s0-c3-446,CAM-3,3,DDP9207,TX,TRAILER,DTP9207,TX,TRAILER,0.144976,0.656911,0.690348,0.800000,0.800000,0.800000,review,review,correct,0
s0-c3-447,CAM-3,3,HBD8854,CA,COMMERCIAL,HBD8894,CA,PASSENGER,0.424057,0.473340,0.620179,0.800000,0.800000,0.800000,review,review,correct,0
s0-c3-448,CAM-3,3,VYY5812,NM,PASSENGER,VYY5812,NM,GOV,0.541845,0.595894,0.693657,0.800000,0.800000,0.800000,review,review,correct,0
s0-c3-449,CAM-3,3,DZU9901,AZ,TEMP,DZU99D1,AZ,TEMP,0.677438,0.811035,0.425450,0.800000,0.800000,0.800000,review,review,correct,0
s0-c3-450,CAM-3,3,EXV5238,CA,TEMP,EXV52J8,FL,TEMP,0.330794,0.706204,0.656502,0.800000,0.800000,0.800000,review,review,correct,0
s0-c3-451,CAM-3,3,PVB4800,FL,GOV,PVB4800,FL,COMMERCIAL,0.827633,0.462543,0.463862,0.800000,0.800000,0.800000,review,review,correct,0
s0-c3-452,CAM-3,3,UWM6944,NV,PASSENGER,UWM6944,NV,GOV,0.896910,0.676413,0.687134,0.800000,0.800000,0.800000,review,review,correct,0
s0-c3-453,CAM-3,3,XEF3344,CO,PASSENGER,XEF3344,NV,PASSENGER,0.849889,0.026067,0.712718,0.800000,0.800000,0.800000,review,review,correct,0
s0-c3-454,CAM-3,3,PVJ9875,FL,TRAILER,PVJ9875,NM,PASSENGER,0.715598,0.506034,0.567108,0.800000,0.800000,0.800000,review,review,correct,0
s0-c3-455,CAM-3,3,DXH3583,FL,COMMERCIAL,DXH35N3,TX,TRAILER,0.377631,0.344602,0.630094,0.800000,0.800000,0.800000,review,review,correct,0
s0-c3-456,CAM-3,3,CIG5609,NM,GOV,CIGB609,NM,GOV,0.666460,0.852455,0.687134,0.800000,0.800000,0.800000,review,review,correct,0
s0-c3-457,CAM-3,3,EAN8707,FL,PASSENGER,EAN8707,NM,PASSENGER,0.688259,0.672861,0.388659,0.800000,0.800000,0.800000,review,review,correct,0
s0-c3-458,CAM-3,3,IAN4894,FL,GOV,IAN4894,FL,COMMERCIAL,0.675107,0.565542,0.595417,0.800000,0.800000,0.800000,review,review,correct,0
s0-c3-459,CAM-3,3,ZLU7101,NM,PASSENGER,ZLU7101,AZ,PASSENGER,0.624686,0.495775,0.684110,0.800000,0.800000,0.800000,review,review,correct,0
s0-c3-460,CAM-3,3,QFX5710,TX,GOV,QFX5720,FL,GOV,0.525520,0.703745,0.632391,0.800000,0.800000,0.800000,review,review,correct,0
s0-c3-461,CAM-3,3,CMO9749,AZ,COMMERCIAL,CMO9749,CO,PASSENGER,0.494583,0.757020,0.329774,0.800000,0.800000,0.800000,review,review,correct,0
s0-c3-462,CAM-3,3,TCI8687,OK,TRAILER,TCI9687,OK,COMMERCIAL,0.381617,0.297140,0.753777,0.800000,0.800000,0.800000,review,review,correct,0
s0-c3-463,CAM-3,3,NHB8138,NV,COMMERCIAL,NHB8138,FL,GOV,0.828081,0.689716,0.625124,0.800000,0.800000,0.800000,review,review,correct,0
s0-c3-464,CAM-3,3,VFS5202,NM,PASSENGER,VFS5202,NM,PASSENGER,0.656535,0.621767,0.695533,0.800000,0.800000,0.800000,review,review,type2,1
s0-c3-465,CAM-3,3,GNV4587,OK,TRAILER,GNV4087,OK,TRAILER,0.713437,0.771342,0.509265,0.800000,0.800000,0.800000,review,review,correct,0
s0-c3-466,CAM-3,3,UXH2270,TX,TRAILER,UXH2230,TX,TRAILER,0.773553,0.362738,0.447422,0.800000,0.800000,0.800000,review,review,correct,0
s0-c3-467,CAM-3,3,FEW1132,CA,PASSENGER,F3W1132,CA,PASSENGER,0.529109,0.447868,0.625655,0.800000,0.800000,0.800000,review,review,correct,0
s0-c3-468,CAM-3,3,VHY4151,NV,PASSENGER,VHY4151,AZ,PASSENGER,0.784772,0.787880,0.551651,0.800000,0.800000,0.800000,review,review,correct,0
s0-c3-469,CAM-3,3,VJN0231,CO,COMMERCIAL,VJN02Y1,CO,GOV,0.578623,0.709746,0.457257,0.800000,0.800000,0.800000,review,review,correct,0
s0-c3-470,CAM-3,3,KBI9053,FL,TEMP,KBI9053,FL,TEMP,0.622604,0.806752,0.536865,0.800000,0.800000,0.800000,review,review,type2,1
s0-c3-471,CAM-3,3,UXH2302,FL,TRAILER,TXH2302,NM,TRAILER,0.529233,0.746634,0.433119,0.800000,0.800000,0.800000,review,review,correct,0
s0-c3-472,CAM-3,3,AGE4056,AZ,GOV,AGE4056,AZ,GOV,0.560226,0.754267,0.581563,0.800000,0.800000,0.800000,review,review,type2,1
s0-c3-473,CAM-3,3,OZF7583,OK,COMMERCIAL,OZE7583,OK,COMMERCIAL,0.483104,0.546316,0.439849,0.800000,0.800000,0.800000,review,review,correct,0
s0-c3-474,CAM-3,3,XGN6662,CA,GOV,XGN6662,NM,TEMP,0.302076,0.362750,0.541371,0.800000,0.800000,0.800000,review,review,correct,0
s0-c3-475,CAM-3,3,KYI1560,NV,TRAILER,KYI1560,NV,TRAILER,0.546952,0.557212,0.278515,0.800000,0.800000,0.800000,review,review,type2,1
s0-c3-476,CAM-3,3,HWV5933,CA,TRAILER,HWV5933,CA,TRAILER,0.621405,0.719296,0.694127,0.800000,0.800000,0.800000,review,review,type2,1
s0-c3-477,CAM-3,3,IUL9247,NM,GOV,IUL924V,NM,GOV,0.579244,0.644108,0.772922,0.800000,0.800000,0.800000,review,review,correct,0
s0-c3-478,CAM-3,3,LNE8696,FL,PASSENGER,LNE8096,FL,PASSENGER,0.473212,0.845647,0.181907,0.800000,0.800000,0.800000,review,review,correct,0
s0-c3-479,CAM-3,3,TUL2920,NV,TRAILER,TUL2920,NV,GOV,0.885366,0.446009,0.675989,0.800000,0.800000,0.800000,review,review,correct,0
s0-c3-480,CAM-3,3,RWA3889,TX,COMMERCIAL,RW33889,TX,PASSENGER,0.690200,0.612718,0.728164,0.800000,0.800000,0.800000,review,review,correct,0
s0-c3-481,CAM-3,3,HOK4229,FL,TEMP,HOK4R29,CO,TEMP,0.545285,0.632666,0.536405,0.800000,0.800000,0.800000,review,review,correct,0
s0-c3-482,CAM-3,3,PQL5344,CO,TEMP,PQL534U,CO,TEMP,0.438434,0.707362,0.660424,0.800000,0.800000,0.800000,review,review,correct,0
s0-c3-483,CAM-3,3,JRP2285,AZ,PASSENGER,JRP2285,AZ,GOV,0.366523,0.507188,0.427375,0.800000,0.800000,0.800000,review,review,correct,0
s0-c3-484,CAM-3,3,RDG8624,OK,COMMERCIAL,RDG86A4,FL,COMMERCIAL,0.654569,0.566808,0.702527,0.800000,0.800000,0.800000,review,review,correct,0
s0-c3-485,CAM-3,3,EHO7531,AZ,GOV,EHO7531,AZ,GOV,0.420463,0.306993,0.599406,0.800000,0.800000,0.800000,review,review,type2,1
s0-c3-486,CAM-3,3,QYJ1925,OK,COMMERCIAL,QYJ1925,NM,COMMERCIAL,0.782482,0.242320,0.261177,0.800000,0.800000,0.800000,review,review,correct,0
s0-c3-487,CAM-3,3,QDG1947,NM,PASSENGER,QDG8947,AZ,PASSENGER,0.617428,0.699963,0.487227,0.800000,0.800000,0.800000,review,review,correct,0
s0-c3-488,CAM-3,3,LST9056,OK,TEMP,LST905G,OK,PASSENGER,0.707144,0.676342,0.346678,0.800000,0.800000,0.800000,review,review,correct,0
s0-c3-489,CAM-3,3,FRE4217,NM,GOV,FRE4217,NM,GOV,0.420724,0.556331,0.630057,0.800000,0.800000,0.800000,review,review,type2,1
s0-c3-490,CAM-3,3,BPS7866,NV,PASSENGER,BPS7866,AZ,PASSENGER,0.842366,0.807962,0.587378,0.800000,0.800000,0.800000,review,review,correct,0
s0-c3-491,CAM-3,3,NYY8449,OK,COMMERCIAL,NYY8449,NV,COMMERCIAL,0.868893,0.699518,0.651504,0.800000,0.800000,0.800000,review,review,correct,0
s0-c3-492,CAM-3,3,JCU8675,CO,GOV,JCU8675,CO,TEMP,0.807793,0.764682,0.281006,0.800000,0.800000,0.800000,review,review,correct,0
s0-c3-493,CAM-3,3,XBY0026,TX,COMMERCIAL,XBY0026,NV,GOV,0.785445,0.603862,0.372546,0.800000,0.800000,0.800000,review,review,correct,0
s0-c3-494,CAM-3,3,VJR3303,CO,TRAILER,VJZ3303,CO,GOV,0.565383,0.689400,0.578049,0.800000,0.800000,0.800000,review,review,correct,0
s0-c3-495,CAM-3,3,JTM8278,CA,GOV,JTM8278,CA,GOV,0.693613,0.529519,0.678961,0.800000,0.800000,0.800000,review,review,type2,1
s0-c3-496,CAM-3,3,ZTT0905,TX,GOV,YTT0905,NM,COMMERCIAL,0.582311,0.702949,0.454690,0.800000,0.800000,0.800000,review,review,correct,0
s0-c3-497,CAM-3,3,FFY6620,CO,COMMERCIAL,FFY6620,CO,COMMERCIAL,0.222103,0.427461,0.288099,0.800000,0.800000,0.800000,review,review,type2,1
s0-c3-498,CAM-3,3,IKH4357,AZ,COMMERCIAL,INH4357,AZ,TRAILER,0.651704,0.596345,0.481030,0.800000,0.800000,0.800000,review,review,correct,0
s0-c3-499,CAM-3,3,NVB3256,TX,COMMERCIAL,NVB3256,TX,COMMERCIAL,0.630806,0.482161,0.663100,0.800000,0.800000,0.800000,review,review,type2,1
s0-c3-500,CAM-3,3,DPK2285,CA,COMMERCIAL,FPK2285,CA,COMMERCIAL,0.896047,0.432598,0.470529,0.800000,0.800000,0.800000,review,review,correct,0
s0-c3-501,CAM-3,3,HHX9551,FL,GOV,HHX9551,FL,TEMP,0.427248,0.659826,0.506273,0.800000,0.800000,0.800000,review,review,correct,0
s0-c3-502,CAM-3,3,UME5526,CO,TEMP,UME5526,CO,PASSENGER,0.540759,0.658258,0.307961,0.800000,0.800000,0.800000,review,review,correct,0
s0-c3-503,CAM-3,3,LLB4716,FL,PASSENGER,LLB4716,AZ,PASSENGER,0.663097,0.629526,0.418694,0.800000,0.800000,0.800000,review,review,correct,0
s0-c3-504,CAM-3,3,FFL4323,CA,TEMP,FFL4323,CA,TEMP,0.722400,0.720916,0.648301,0.800000,0.800000,0.800000,review,review,type2,1
s0-c3-505,CAM-3,3,EWY7480,TX,TEMP,5WY7480,TX,TEMP,0.346603,0.562345,0.469598,0.800000,0.800000,0.800000,review,review,correct,0
s0-c3-506,CAM-3,3,DMZ7977,AZ,TEMP,DMZ7H77,AZ,PASSENGER,0.591946,0.690137,0.369434,0.800000,0.800000,0.800000,review,review,correct,0
s0-c3-507,CAM-3,3,THZ8441,CA,TEMP,THZ4441,CA,TEMP,0.685316,0.709852,0.649350,0.800000,0.800000,0.800000,review,review,correct,0
s0-c3-508,CAM-3,3,AAV0147,TX,COMMERCIAL,AAV0147,TX,COMMERCIAL,0.530893,0.402063,0.668520,0.800000,0.800000,0.800000,review,review,type2,1
s0-c3-509,CAM-3,3,MLR6108,CO,TRAILER,MLR6108,CA,TEMP,0.727103,0.587449,0.637162,0.800000,0.800000,0.800000,review,review,correct,0
s0-c3-510,CAM-3,3,BZF0409,FL,PASSENGER,BZF0409,FL,TEMP,0.730564,0.587892,0.438140,0.800000,0.800000,0.800000,review,review,correct,0
s0-c3-511,CAM-3,3,SFL8590,CO,COMMERCIAL,SFW8590,CO,TRAILER,0.757498,0.401664,0.431899,0.800000,0.800000,0.800000,review,review,correct,0
s0-c3-512,CAM-3,3,ORQ2035,AZ,PASSENGER,ORQ2035,AZ,TEMP,0.358139,0.469817,0.731165,0.800000,0.800000,0.800000,review,review,correct,0
s0-c3-513,CAM-3,3,ILU9747,NM,TEMP,ILU9747,NM,TEMP,0.734586,0.417598,0.623367,0.800000,0.800000,0.800000,review,review,type2,1
s0-c3-514,CAM-3,3,WQJ2019,AZ,TEMP,WQJ2019,AZ,GOV,0.802490,0.616471,0.532881,0.800000,0.800000,0.800000,review,review,correct,0
s0-c3-515,CAM-3,3,TGL9164,CO,TEMP,TGL916N,TX,GOV,0.517794,0.410760,0.175144,0.800000,0.800000,0.800000,review,review,correct,0
s0-c3-516,CAM-3,3,NYO3531,CO,PASSENGER,7YO3531,OK,PASSENGER,0.272877,0.461972,0.666804,0.800000,0.800000,0.800000,review,review,correct,0
s0-c3-517,CAM-3,3,UUD1571,AZ,COMMERCIAL,UUD1571,AZ,COMMERCIAL,0.495452,0.271662,0.817217,0.800000,0.800000,0.800000,review,review,type2,1
s0-c3-518,CAM-3,3,DCA0485,AZ,TRAILER,DCA0485,AZ,TRAILER,0.891691,0.469562,0.397384,0.800000,0.800000,0.800000,review,review,type2,1
s0-c3-519,CAM-3,3,VSN7448,FL,GOV,VSN744C,FL,GOV,0.725571,0.583708,0.451417,0.800000,0.800000,0.800000,review,review,correct,0
s0-c3-520,CAM-3,3,GNQ5173,NM,COMMERCIAL,GNQ5173,NM,COMMERCIAL,0.682734,0.552392,0.508565,0.800000,0.800000,0.800000,review,review,type2,1
s0-c3-521,CAM-3,3,RWL3029,CO,COMMERCIAL,RWL3029,CO,TRAILER,0.812401,0.768445,0.495773,0.800000,0.800000,0.800000,review,review,correct,0
s0-c3-522,CAM-3,3,AMS2741,CA,TEMP,AMS2341,CA,TEMP,0.697400,0.706003,0.627263,0.800000,0.800000,0.800000,review,review,correct,0
s0-c3-523,CAM-3,3,EPG8952,OK,GOV,EPG8952,CO,GOV,0.621728,0.390996,0.768700,0.800000,0.800000,0.800000,review,review,correct,0
s0-c3-524,CAM-3,3,MIE0675,CA,TEMP,MIE06F5,FL,TEMP,0.762269,0.273929,0.784765,0.800000,0.800000,0.800000,review,review,correct,0
s0-c3-525,CAM-3,3,MBU6029,OK,TEMP,MBU6W29,OK,TEMP,0.542997,0.731434,0.743665,0.800000,0.800000,0.800000,review,review,correct,0
s0-c3-526,CAM-3,3,HTW8253,AZ,GOV,HT78253,CA,GOV,0.631197,0.411216,0.600369,0.800000,0.800000,0.800000,review,review,correct,0
s0-c3-527,CAM-3,3,LWI3240,FL,TEMP,PWI3240,FL,COMMERCIAL,0.545417,0.653956,0.422360,0.800000,0.800000,0.800000,review,review,correct,0
s0-c3-528,CAM-3,3,KQO1241,AZ,PASSENGER,KQO1241,FL,PASSENGER,0.770363,0.691463,0.631832,0.800000,0.800000,0.800000,review,review,correct,0
s0-c3-529,CAM-3,3,BBI7411,NV,TRAILER,BBI7411,NV,GOV,0.337074,0.724425,0.481257,0.800000,0.800000,0.800000,review,review,correct,0
s0-c3-530,CAM-3,3,ZGR4821,OK,PASSENGER,ZGR4O21,OK,GOV,0.579229,0.625500,0.655684,0.800000,0.800000,0.800000,review,review,correct,0
s0-c3-531,CAM-3,3,JXW3364,FL,PASSENGER,JXW3364,FL,TEMP,0.759981,0.492621,0.512445,0.800000,0.800000,0.800000,review,review,correct,0
s0-c3-532,CAM-3,3,IQT6914,FL,TEMP,IQT6914,CA,COMMERCIAL,0.806767,0.662539,0.468153,0.800000,0.800000,0.800000,review,review,correct,0
s0-c3-533,CAM-3,3,LQR2679,NV,GOV,LQR2679,CA,TRAILER,0.787916,0.531266,0.558938,0.800000,0.800000,0.800000,review,review,correct,0
s0-c3-534,CAM-3,3,CFK5963,AZ,COMMERCIAL,CFK9963,NM,COMMERCIAL,0.461433,0.067306,0.649082,0.800000,0.800000,0.800000,review,review,correct,0
s0-c3-535,CAM-3,3,CTR1091,NM,GOV,CTR1091,NM,GOV,0.669625,0.681052,0.603090,0.800000,0.800000,0.800000,review,review,type2,1
s0-c3-536,CAM-3,3,RCF4110,FL,TRAILER,RCF1110,CA,GOV,0.402963,0.441697,0.579817,0.800000,0.800000,0.800000,review,review,correct,0
s0-c3-537,CAM-3,3,TFX9945,NM,TEMP,TFX9941,OK,TRAILER,0.146590,0.694844,0.207783,0.800000,0.800000,0.800000,review,review,correct,0
s0-c3-538,CAM-3,3,EXJ5281,OK,TEMP,EXJ5281,AZ,TRAILER,0.766733,0.173640,0.611396,0.800000,0.800000,0.800000,review,review,correct,0
s0-c3-539,CAM-3,3,QND8918,AZ,COMMERCIAL,QND8918,OK,PASSENGER,0.755136,0.590017,0.216622,0.800000,0.800000,0.800000,review,review,correct,0
s0-c3-540,CAM-3,3,AUW6982,FL,TRAILER,AUW6582,FL,GOV,0.782125,0.680389,0.338102,0.800000,0.800000,0.800000,review,review,correct,0
s0-c3-541,CAM-3,3,TEC5744,CO,TEMP,TE25744,CA,COMMERCIAL,0.303593,0.378228,0.549848,0.800000,0.800000,0.800000,review,review,correct,0
s0-c3-542,CAM-3,3,MXP0400,NM,TEMP,MXP040S,NV,TRAILER,0.675091,0.631123,0.591241,0.800000,0.800000,0.800000,review,review,correct,0
s0-c3-543,CAM-3,3,RDC1003,CO,TRAILER,RDC1V03,CO,TRAILER,0.521874,0.748265,0.631375,0.800000,0.800000,0.800000,review,review,correct,0
s0-c3-544,CAM-3,3,JDV8499,OK,PASSENGER,JDV8499,CO,PASSENGER,0.368075,0.684163,0.398567,0.800000,0.800000,0.800000,review,review,correct,0
s0-c3-545,CAM-3,3,FHG0484,OK,PASSENGER,FHG0484,NM,TEMP,0.628994,0.483369,0.701079,0.800000,0.800000,0.800000,review,review,correct,0
s0-c3-546,CAM-3,3,WKU6029,OK,COMMERCIAL,WKU6029,OK,PASSENGER,0.749886,0.656632,0.815942,0.800000,0.800000,0.800000,review,review,correct,0
s0-c3-547,CAM-3,3,MFB4519,NV,GOV,MFB4519,NM,TRAILER,0.528579,0.393019,0.657382,0.800000,0.800000,0.800000,review,review,correct,0
s0-c3-548,CAM-3,3,RBM8233,TX,PASSENGER,RBM8233,NV,PASSENGER,0.785176,0.313609,0.672674,0.800000,0.800000,0.800000,review,review,correct,0
s0-c3-549,CAM-3,3,VDE3301,NV,TEMP,VFE3301,AZ,GOV,0.472662,0.481437,0.343402,0.800000,0.800000,0.800000,review,review,correct,0
s0-c3-550,CAM-3,3,EVJ2476,NV,TRAILER,EVJ2476,NV,TRAILER,0.693013,0.302951,0.614338,0.800000,0.800000,0.800000,review,review,type2,1
s0-c3-551,CAM-3,3,KCU2696,CO,PASSENGER,KCU2696,NV,PASSENGER,0.718612,0.650296,0.787515,0.800000,0.800000,0.800000,review,review,correct,0
s0-c3-552,CAM-3,3,AMZ0301,AZ,TRAILER,TMZ0301,AZ,TRAILER,0.495807,0.590054,0.636855,0.800000,0.800000,0.800000,review,review,correct,0
s0-c3-553,CAM-3,3,DKJ6493,AZ,TRAILER,DKS6493,AZ,COMMERCIAL,0.513016,0.707374,0.274895,0.800000,0.800000,0.800000,review,review,correct,0
s0-c3-554,CAM-3,3,FKD5054,CA,TEMP,FKD5054,CO,TEMP,0.812476,0.433097,0.496408,0.800000,0.800000,0.800000,review,review,correct,0
s0-c3-555,CAM-3,3,RCK6645,CA,TEMP,PCK6645,CA,TRAILER,0.577596,0.344197,0.382500,0.800000,0.800000,0.800000,review,review,correct,0
s0-c3-556,CAM-3,3,OPK2009,CA,GOV,OPK2009,NV,TRAILER,0.737656,0.757131,0.582267,0.800000,0.800000,0.800000,review,review,correct,0
s0-c3-557,CAM-3,3,INV7794,CO,PASSENGER,INV7094,NV,PASSENGER,0.593914,0.790438,0.730799,0.800000,0.800000,0.800000,review,review,correct,0
s0-c3-558,CAM-3,3,KUR9985,NM,GOV,KUR9985,NM,COMMERCIAL,0.740030,0.681811,0.572948,0.800000,0.800000,0.800000,review,review,correct,0
s0-c3-559,CAM-3,3,GIK2506,NV,COMMERCIAL,GIKQ506,NV,COMMERCIAL,0.722945,0.851954,0.523605,0.800000,0.800000,0.800000,review,review,correct,0
s0-c3-560,CAM-3,3,UOG9707,NM,PASSENGER,UOG9707,NM,PASSENGER,0.868156,0.686595,0.764158,0.800000,0.800000,0.800000,review,review,type2,1
s0-c3-561,CAM-3,3,HLQ3020,CA,PASSENGER,HLQ3020,OK,COMMERCIAL,0.623089,0.525252,0.202908,0.800000,0.800000,0.800000,review,review,correct,0
s0-c3-562,CAM-3,3,GAT5284,FL,TEMP,GAT5284,NV,TEMP,0.781004,0.308323,0.761063,0.800000,0.800000,0.800000,review,review,correct,0
s0-c3-563,CAM-3,3,GAB8283,NV,TRAILER,GAB8283,NM,PASSENGER,0.741431,0.567957,0.637502,0.800000,0.800000,0.800000,review,review,correct,0
s0-c3-564,CAM-3,3,FOD4258,CO,PASSENGER,F8D4258,NV,TEMP,0.673015,0.552049,0.709430,0.800000,0.800000,0.800000,review,review,correct,0
s0-c3-565,CAM-3,3,FBY5033,TX,GOV,FBY5033,NV,TRAILER,0.679344,0.628724,0.405869,0.800000,0.800000,0.800000,review,review,correct,0
s0-c3-566,CAM-3,3,PQW6658,CA,TRAILER,PQW6658,CA,TRAILER,0.618761,0.707093,0.720673,0.800000,0.800000,0.800000,review,review,type2,1
s0-c3-567,CAM-3,3,TXJ6667,CO,TEMP,TXJ6D67,NM,GOV,0.601078,0.291726,0.626936,0.800000,0.800000,0.800000,review,review,correct,0
s0-c3-568,CAM-3,3,TFE6663,AZ,GOV,TFE6663,AZ,PASSENGER,0.677995,0.489607,0.446572,0.800000,0.800000,0.800000,review,review,correct,0
s0-c3-569,CAM-3,3,YPI2712,NM,PASSENGER,YPI2712,OK,TRAILER,0.833735,0.451132,0.667273,0.800000,0.800000,0.800000,review,review,correct,0
s0-c3-570,CAM-3,3,LIY3704,CO,COMMERCIAL,LIY3X04,CO,TRAILER,0.566250,0.492267,0.280205,0.800000,0.800000,0.800000,review,review,correct,0
s0-c3-571,CAM-3,3,RIX6900,OK,TRAILER,RIX6900,OK,TRAILER,0.631322,0.814582,0.569622,0.800000,0.800000,0.800000,review,review,type2,1
s0-c3-572,CAM-3,3,IFC5016,TX,TRAILER,IFC5016,TX,TRAILER,0.509660,0.378105,0.494795,0.800000,0.800000,0.800000,review,review,type2,1
s0-c3-573,CAM-3,3,LZR9295,CO,TEMP,CZR9295,CO,PASSENGER,0.715612,0.828521,0.269896,0.800000,0.800000,0.800000,review,review,correct,0
s0-c3-574,CAM-3,3,LIV5447,NM,COMMERCIAL,LIV5447,OK,PASSENGER,0.564128,0.307612,0.739429,0.800000,0.800000,0.800000,review,review,correct,0
s0-c3-575,CAM-3,3,JUD1854,NV,TEMP,JUD18G4,NV,PASSENGER,0.671726,0.683506,0.497310,0.800000,0.800000,0.800000,review,review,correct,0
s0-c3-576,CAM-3,3,PFM2045,NV,GOV,PFMZ045,NV,PASSENGER,0.712751,0.679138,0.494847,0.800000,0.800000,0.800000,review,review,correct,0
s0-c3-577,CAM-3,3,RSB1198,NV,TRAILER,RSB1198,CO,TEMP,0.582213,0.506429,0.570625,0.800000,0.800000,0.800000,review,review,correct,0
s0-c3-578,CAM-3,3,ILH0650,CA,PASSENGER,ILH0650,CA,PASSENGER,0.563157,0.635156,0.620155,0.800000,0.800000,0.800000,review,review,type2,1
s0-c3-579,CAM-3,3,ITH3003,TX,TEMP,ITH3003,OK,COMMERCIAL,0.689786,0.354498,0.727562,0.800000,0.800000,0.800000,review,review,correct,0
s0-c3-580,CAM-3,3,PHJ0262,FL,TRAILER,PHJ026P,FL,TRAILER,0.391543,0.750906,0.798069,0.800000,0.800000,0.800000,review,review,correct,0
s0-c3-581,CAM-3,3,LCN9539,CA,TRAILER,LCN9539,CA,TRAILER,0.699893,0.725002,0.552964,0.800000,0.800000,0.800000,review,review,type2,1
s0-c3-582,CAM-3,3,NHF6826,OK,TRAILER,NUF6826,AZ,PASSENGER,0.440112,0.557186,0.113193,0.800000,0.800000,0.800000,review,review,correct,0
s0-c3-583,CAM-3,3,MWW0976,TX,GOV,MWW0976,NV,GOV,0.862289,0.414708,0.656470,0.800000,0.800000,0.800000,review,review,correct,0
s0-c3-584,CAM-3,3,XIP1264,CO,PASSENGER,XI81264,CO,PASSENGER,0.717690,0.626080,0.721913,0.800000,0.800000,0.800000,review,review,correct,0
s0-c3-585,CAM-3,3,XZN6909,CO,PASSENGER,XZN6909,CO,TRAILER,0.707641,0.794321,0.455805,0.800000,0.800000,0.800000,review,review,correct,0
s0-c3-586,CAM-3,3,OVN4683,TX,COMMERCIAL,OVN4683,NM,COMMERCIAL,0.558563,0.091557,0.765425,0.800000,0.800000,0.800000,review,review,correct,0
s0-c3-587,CAM-3,3,CWW2097,AZ,PASSENGER,CWWQ097,AZ,GOV,0.668240,0.783458,0.666743,0.800000,0.800000,0.800000,review,review,correct,0
s0-c3-588,CAM-3,3,LVQ5023,AZ,COMMERCIAL,LVQ5023,AZ,GOV,0.804232,0.682698,0.418014,0.800000,0.800000,0.800000,review,review,correct,0
s0-c3-589,CAM-3,3,DRI4789,NM,GOV,DRI478W,NM,PASSENGER,0.750018,0.852609,0.633554,0.800000,0.800000,0.800000,review,review,correct,0
s0-c3-590,CAM-3,3,ACR5404,TX,TEMP,ACR5404,TX,TEMP,0.421601,0.565272,0.431770,0.800000,0.800000,0.800000,review,review,type2,1
s0-c3-591,CAM-3,3,RDI6156,OK,COMMERCIAL,RRI6156,OK,GOV,0.510455,0.641087,0.483059,0.800000,0.800000,0.800000,review,review,correct,0
s0-c3-592,CAM-3,3,BCQ2203,NV,TEMP,BCQ2203,AZ,TEMP,0.855911,0.458342,0.732457,0.800000,0.800000,0.800000,review,review,correct,0
s0-c3-593,CAM-3,3,LUV9485,TX,TEMP,LUV9485,AZ,PASSENGER,0.774491,0.439698,0.513069,0.800000,0.800000,0.800000,review,review,correct,0
s0-c3-594,CAM-3,3,XZL3120,AZ,COMMERCIAL,XZL3120,AZ,COMMERCIAL,0.526647,0.691450,0.589018,0.800000,0.800000,0.800000,review,review,type2,1
s0-c3-595,CAM-3,3,APG1406,NM,PASSENGER,APG14A6,FL,PASSENGER,0.508128,0.509601,0.718865,0.800000,0.800000,0.800000,review,review,correct,0
s0-c3-596,CAM-3,3,JEL6552,FL,COMMERCIAL,JEF6552,FL,COMMERCIAL,0.717922,0.843398,0.716071,0.800000,0.800000,0.800000,review,review,correct,0
s0-c3-597,CAM-3,3,SKA4140,TX,TEMP,SKA4140,OK,GOV,0.535521,0.702584,0.583586,0.800000,0.800000,0.800000,review,review,correct,0
s0-c3-598,CAM-3,3,SXL4329,FL,GOV,SXL4229,OK,GOV,0.388235,0.680599,0.757279,0.800000,0.800000,0.800000,review,review,correct,0
s0-c3-599,CAM-3,3,DDM4317,CO,GOV,DDMV317,AZ,GOV,0.601993,0.467915,0.642297,0.800000,0.800000,0.800000,review,review,correct,0
s0-c3-600,CAM-3,3,UBA8030,CA,PASSENGER,UHA8030,FL,TEMP,0.421311,0.391331,0.813266,0.800000,0.800000,0.800000,review,review,correct,0
s0-c3-601,CAM-3,3,CMZ3084,AZ,COMMERCIAL,CMZ3084,AZ,COMMERCIAL,0.431672,0.811750,0.744185,0.800000,0.800000,0.800000,review,review,type2,1
s0-c3-602,CAM-3,3,DPP3864,CA,COMMERCIAL,DPQ3864,CA,COMMERCIAL,0.733333,0.517203,0.554055,0.800000,0.800000,0.800000,review,review,correct,0
s0-c3-603,CAM-3,3,AGS7116,NV,TEMP,AGS7116,NV,PASSENGER,0.796355,0.566479,0.493716,0.800000,0.800000,0.800000,review,review,correct,0
s0-c3-604,CAM-3,3,WXO0073,NM,TRAILER,WXO007J,NM,GOV,0.475743,0.324272,0.158137,0.800000,0.800000,0.800000,review,review,correct,0
s0-c3-605,CAM-3,3,MQM9845,AZ,TEMP,MQM9845,TX,TEMP,0.560061,0.431799,0.455040,0.800000,0.800000,0.800000,review,review,correct,0
s0-c3-606,CAM-3,3,PKY2663,AZ,COMMERCIAL,PKYP663,AZ,COMMERCIAL,0.841729,0.678043,0.601336,0.800000,0.800000,0.800000,review,review,correct,0
s0-c3-607,CAM-3,3,DVA7250,NV,COMMERCIAL,DVA7250,NV,COMMERCIAL,0.832714,0.601263,0.729417,0.800000,0.800000,0.800000,review,review,type2,1
s0-c3-608,CAM-3,3,TWW1090,TX,GOV,TWW1090,TX,GOV,0.885718,0.762555,0.676608,0.800000,0.800000,0.800000,review,review,type2,1
s0-c3-609,CAM-3,3,KUZ8366,NM,GOV,KUZ8366,NM,COMMERCIAL,0.608913,0.308238,0.198986,0.800000,0.800000,0.800000,review,review,correct,0
s0-c3-610,CAM-3,3,JLO6072,CO,PASSENGER,JLO6072,NM,PASSENGER,0.456493,0.731972,0.529866,0.800000,0.800000,0.800000,review,review,correct,0
s0-c3-611,CAM-3,3,SVU9404,CO,COMMERCIAL,SVU9404,CO,TRAILER,0.825923,0.625046,0.652506,0.800000,0.800000,0.800000,review,review,correct,0
s0-c3-612,CAM-3,3,SCR9434,AZ,GOV,SCR9434,AZ,GOV,0.816857,0.595666,0.624188,0.800000,0.800000,0.800000,review,review,type2,1
s0-c3-613,CAM-3,3,CDI9499,NV,PASSENGER,CDI9499,CA,GOV,0.671130,0.564654,0.431715,0.800000,0.800000,0.800000,review,review,correct,0
s0-c3-614,CAM-3,3,QUJ3506,NV,COMMERCIAL,QUJ3506,NV,COMMERCIAL,0.560721,0.610093,0.619318,0.800000,0.800000,0.800000,review,review,type2,1
s0-c3-615,CAM-3,3,DGC1036,CO,GOV,DGC1036,CO,GOV,0.487204,0.475778,0.563323,0.800000,0.800000,0.800000,review,review,type2,1
s0-c3-616,CAM-3,3,IBH4954,CA,TEMP,IBH4954,FL,GOV,0.703151,0.600556,0.555515,0.800000,0.800000,0.800000,review,review,correct,0
s0-c3-617,CAM-3,3,QHX2509,TX,PASSENGER,QHX2509,CO,PASSENGER,0.474481,0.395875,0.693117,0.800000,0.800000,0.800000,review,review,correct,0
s0-c3-618,CAM-3,3,ZIY5285,CO,COMMERCIAL,ZIY5285,FL,PASSENGER,0.335172,0.502362,0.421653,0.800000,0.800000,0.800000,review,review,correct,0
s0-c3-619,CAM-3,3,QYG1698,NV,TRAILER,QYL1698,NV,TRAILER,0.777467,0.691186,0.398004,0.800000,0.800000,0.800000,review,review,correct,0
s0-c3-620,CAM-3,3,WZT5258,TX,TRAILER,WZT5258,TX,TEMP,0.654019,0.643098,0.589235,0.800000,0.800000,0.800000,review,review,correct,0
s0-c3-621,CAM-3,3,PCY8900,AZ,TEMP,PCY8900,OK,TEMP,0.710296,0.702112,0.577393,0.800000,0.800000,0.800000,review,review,correct,0
s0-c3-622,CAM-3,3,FPW3127,NV,GOV,FPW3127,NV,GOV,0.401293,0.741412,0.666757,0.800000,0.800000,0.800000,review,review,type2,1
s0-c3-623,CAM-3,3,GAC2340,CA,TEMP,7AC2340,NM,TEMP,0.674332,0.714283,0.677826,0.800000,0.800000,0.800000,review,review,correct,0
s0-c3-624,CAM-3,3,SBV9338,FL,PASSENGER,SBV9338,FL,TRAILER,0.690641,0.786622,0.344443,0.800000,0.800000,0.800000,review,review,correct,0
s0-c3-625,CAM-3,3,AJV1928,CA,PASSENGER,AJV19A8,CA,TRAILER,0.567417,0.674075,0.689902,0.800000,0.800000,0.800000,review,review,correct,0
s0-c3-626,CAM-3,3,WVB1723,NV,TRAILER,WVB1723,NM,TEMP,0.554189,0.745722,0.515515,0.800000,0.800000,0.800000,review,review,correct,0
s0-c3-627,CAM-3,3,OHY0214,CA,TEMP,OHY0214,CA,COMMERCIAL,0.564442,0.714088,0.742962,0.800000,0.800000,0.800000,review,review,correct,0
s0-c3-628,CAM-3,3,AIU6080,TX,GOV,AIU6080,TX,TRAILER,0.769769,0.688990,0.186494,0.800000,0.800000,0.800000,review,review,correct,0
s0-c3-629,CAM-3,3,VXG7127,FL,TRAILER,VXG7127,FL,TRAILER,0.538545,0.631297,0.242608,0.800000,0.800000,0.800000,review,review,type2,1
s0-c3-630,CAM-3,3,EFR9662,TX,TEMP,EFR9661,TX,COMMERCIAL,0.364894,0.613358,0.462956,0.800000,0.800000,0.800000,review,review,correct,0
s0-c3-631,CAM-3,3,YJM2965,CA,PASSENGER,YJM2965,CA,PASSENGER,0.457005,0.466945,0.796819,0.800000,0.800000,0.800000,review,review,type2,1
s0-c3-632,CAM-3,3,WYA1171,NV,GOV,WYA1471,FL,GOV,0.569918,0.232406,0.548996,0.800000,0.800000,0.800000,review,review,correct,0
s0-c3-633,CAM-3,3,CZD8210,NV,GOV,CZD8210,NV,GOV,0.244846,0.616370,0.601637,0.800000,0.800000,0.800000,review,review,type2,1
s0-c3-634,CAM-3,3,UXA0131,AZ,TRAILER,UXA0131,AZ,TRAILER,0.564498,0.513943,0.583070,0.800000,0.800000,0.800000,review,review,type2,1
s0-c3-635,CAM-3,3,GAI7598,OK,TEMP,GAI7598,TX,PASSENGER,0.829039,0.547147,0.668889,0.800000,0.800000,0.800000,review,review,correct,0
s0-c3-636,CAM-3,3,HZO8242,AZ,COMMERCIAL,HZO8242,NM,COMMERCIAL,0.492198,0.578948,0.640931,0.800000,0.800000,0.800000,review,review,correct,0
s0-c3-637,CAM-3,3,GVD4095,OK,TRAILER,GVD4095,OK,TRAILER,0.516537,0.567561,0.528855,0.800000,0.800000,0.800000,review,review,type2,1
s0-c3-638,CAM-3,3,IIS4645,NM,GOV,IIS4645,TX,GOV,0.771147,0.235262,0.473680,0.800000,0.800000,0.800000,review,review,correct,0
s0-c3-639,CAM-3,3,XNQ9588,TX,TEMP,XNQ9588,TX,GOV,0.723704,0.661694,0.737673,0.800000,0.800000,0.800000,review,review,correct,0
s0-c3-640,CAM-3,3,YQR9464,CO,COMMERCIAL,Y5R9464,NM,COMMERCIAL,0.646861,0.697324,0.690690,0.800000,0.800000,0.800000,review,review,correct,0
s0-c3-641,CAM-3,3,VAB9040,FL,TEMP,VAB9040,AZ,TEMP,0.673604,0.673142,0.738216,0.800000,0.800000,0.800000,review,review,correct,0
s0-c3-642,CAM-3,3,XIY9700,OK,GOV,XIY9700,OK,COMMERCIAL,0.726086,0.776210,0.423164,0.800000,0.800000,0.800000,review,review,correct,0
s0-c3-643,CAM-3,3,QLI3225,OK,GOV,QLI3225,OK,GOV,0.806913,0.664046,0.375058,0.800000,0.800000,0.800000,review,review,type2,1
s0-c3-644,CAM-3,3,KNX4282,OK,TEMP,KNX4282,OK,TEMP,0.786379,0.787009,0.727792,0.800000,0.800000,0.800000,review,review,type2,1
s0-c3-645,CAM-3,3,RPH7888,TX,GOV,RPH7888,AZ,TEMP,0.760536,0.380629,0.127434,0.800000,0.800000,0.800000,review,review,correct,0
s0-c3-646,CAM-3,3,SZE6729,CA,PASSENGER,SZE6729,FL,PASSENGER,0.926963,0.683687,0.668457,0.800000,0.800000,0.800000,review,review,correct,0
s0-c3-647,CAM-3,3,GCX8001,CO,GOV,GCXC001,CO,GOV,0.441065,0.697050,0.821482,0.800000,0.800000,0.800000,review,review,correct,0
s0-c3-648,CAM-3,3,KSF7982,NV,COMMERCIAL,KSF7982,NM,COMMERCIAL,0.576117,0.365979,0.724716,0.800000,0.800000,0.800000,review,review,correct,0
s0-c3-649,CAM-3,3,JJN0508,CA,TEMP,JJN0508,FL,COMMERCIAL,0.768186,0.309596,0.648164,0.800000,0.800000,0.800000,review,review,correct,0
s0-c3-650,CAM-3,3,JEX2913,TX,GOV,JEX2913,NV,GOV,0.625779,0.763073,0.643628,0.800000,0.800000,0.800000,review,review,correct,0
s0-c3-651,CAM-3,3,DJK7522,OK,PASSENGER,DJK7M22,OK,PASSENGER,0.468684,0.430586,0.831736,0.800000,0.800000,0.800000,review,review,correct,0
s0-c3-652,CAM-3,3,LIW3619,AZ,COMMERCIAL,L3W3619,OK,TEMP,0.475110,0.619334,0.588395,0.800000,0.800000,0.800000,review,review,correct,0
s0-c3-653,CAM-3,3,FRA7367,NM,TEMP,FRA7I67,NM,TEMP,0.509467,0.563328,0.354822,0.800000,0.800000,0.800000,review,review,correct,0
s0-c3-654,CAM-3,3,QMN1289,NM,GOV,QMN1Q89,NM,TRAILER,0.645313,0.781035,0.681248,0.800000,0.800000,0.800000,review,review,correct,0
s0-c3-655,CAM-3,3,OFU6051,NM,GOV,OFU6051,NM,GOV,0.462425,0.557694,0.490501,0.800000,0.800000,0.800000,review,review,type2,1
s0-c3-656,CAM-3,3,LMT0864,NM,TEMP,LMT08X4,CA,TEMP,0.447015,0.689255,0.749484,0.800000,0.800000,0.800000,review,review,correct,0
s0-c3-657,CAM-3,3,QMS8396,NV,PASSENGER,QMS8396,OK,GOV,0.412718,0.052774,0.716234,0.800000,0.800000,0.800000,review,review,correct,0
s0-c3-658,CAM-3,3,VIX7855,AZ,COMMERCIAL,VIX7T55,NM,GOV,0.222906,0.206135,0.381865,0.800000,0.800000,0.800000,review,review,correct,0
s0-c3-659,CAM-3,3,COG3078,AZ,TEMP,COG3078,AZ,COMMERCIAL,0.323320,0.411887,0.514899,0.800000,0.800000,0.800000,review,review,correct,0
s0-c3-660,CAM-3,3,RHG6181,OK,TRAILER,RHG6181,OK,TRAILER,0.724810,0.548860,0.745761,0.800000,0.800000,0.800000,review,review,type2,1
s0-c3-661,CAM-3,3,SGG5028,CA,GOV,SGG5028,NV,GOV,0.729359,0.379049,0.475248,0.800000,0.800000,0.800000,review,review,correct,0
s0-c3-662,CAM-3,3,CHY9367,CA,COMMERCIAL,CHY9367,CA,TRAILER,0.432270,0.691829,0.420132,0.800000,0.800000,0.800000,review,review,correct,0
s0-c3-663,CAM-3,3,VPC9687,FL,TEMP,V5C9687,OK,TEMP,0.480790,0.548953,0.729191,0.800000,0.800000,0.800000,review,review,correct,0
s0-c3-664,CAM-3,3,OKL1852,FL,COMMERCIAL,OKL18V2,FL,COMMERCIAL,0.529555,0.705894,0.702900,0.800000,0.800000,0.800000,review,review,correct,0
s0-c3-665,CAM-3,3,NHA2692,TX,COMMERCIAL,NHAI692,CA,TRAILER,0.619426,0.406577,0.398358,0.800000,0.800000,0.800000,review,review,correct,0
s0-c3-666,CAM-3,3,CQN2172,OK,COMMERCIAL,CQN2172,CO,COMMERCIAL,0.767133,0.739770,0.514350,0.800000,0.800000,0.800000,review,review,correct,0
s0-c3-667,CAM-3,3,NUW4901,FL,PASSENGER,NUW4901,FL,TRAILER,0.891813,0.703376,0.454110,0.800000,0.800000,0.800000,review,review,correct,0
s0-c3-668,CAM-3,3,ONZ8975,AZ,PASSENGER,ONZ8975,AZ,PASSENGER,0.440447,0.652412,0.652159,0.800000,0.800000,0.800000,review,review,type2,1
s0-c3-669,CAM-3,3,GXR1029,FL,TEMP,GXG1029,NM,TEMP,0.642953,0.617655,0.767772,0.800000,0.800000,0.800000,review,review,correct,0
s0-c3-670,CAM-3,3,ISE6012,NV,TRAILER,ISE6012,NV,TRAILER,0.685192,0.511539,0.570858,0.800000,0.800000,0.800000,review,review,type2,1
s0-c3-671,CAM-3,3,KIK9477,CA,GOV,KIK94Z7,CA,TRAILER,0.501905,0.619431,0.545018,0.800000,0.800000,0.800000,review,review,correct,0
s0-c3-672,CAM-3,3,GPA2041,NV,COMMERCIAL,GPA2041,TX,TEMP,0.739824,0.602536,0.836567,0.800000,0.800000,0.800000,review,review,correct,0
s0-c3-673,CAM-3,3,WID8923,CO,PASSENGER,WID8923,TX,PASSENGER,0.689288,0.305281,0.650759,0.800000,0.800000,0.800000,review,review,correct,0
s0-c3-674,CAM-3,3,CBZ9593,CA,TRAILER,CBC9593,AZ,PASSENGER,0.551966,0.333794,0.634262,0.800000,0.800000,0.800000,review,review,correct,0
s0-c3-675,CAM-3,3,XIX1048,CO,TEMP,XIX1048,CA,TEMP,0.692186,0.520124,0.792316,0.800000,0.800000,0.800000,review,review,correct,0
s0-c3-676,CAM-3,3,SYJ4614,CA,PASSENGER,SYJ4614,CA,TEMP,0.576694,0.324041,0.591925,0.800000,0.800000,0.800000,review,review,correct,0
s0-c3-677,CAM-3,3,ITY1443,AZ,TEMP,ITY1443,NV,TEMP,0.538802,0.446708,0.328460,0.800000,0.800000,0.800000,review,review,correct,0
s0-c3-678,CAM-3,3,TKQ1271,NM,TRAILER,TKQ1271,TX,COMMERCIAL,0.621748,0.687261,0.732841,0.800000,0.800000,0.800000,review,review,correct,0
s0-c3-679,CAM-3,3,OCN9585,FL,PASSENGER,2CN9585,OK,TEMP,0.314885,0.533351,0.686319,0.800000,0.800000,0.800000,review,review,correct,0
s0-c3-680,CAM-3,3,TRH7802,NV,PASSENGER,TR17802,NV,TRAILER,0.545887,0.435807,0.444068,0.800000,0.800000,0.800000,review,review,correct,0
s0-c3-681,CAM-3,3,IEB6179,AZ,GOV,IEB6179,AZ,GOV,0.725438,0.785385,0.762425,0.800000,0.800000,0.800000,review,review,type2,1
s0-c3-682,CAM-3,3,QYD7945,TX,PASSENGER,QYD7945,TX,TRAILER,0.551446,0.678769,0.629687,0.800000,0.800000,0.800000,review,review,correct,0
s0-c3-683,CAM-3,3,SHH6300,CO,TEMP,SHH6300,NM,TEMP,0.709340,0.469664,0.334593,0.800000,0.800000,0.800000,review,review,correct,0
s0-c3-684,CAM-3,3,PKP9235,OK,PASSENGER,PKP9235,FL,TEMP,0.507514,0.145386,0.427836,0.800000,0.800000,0.800000,review,review,correct,0
s0-c3-685,CAM-3,3,KBY6903,NV,GOV,KBY6903,NV,GOV,0.756674,0.646704,0.769613,0.800000,0.800000,0.800000,review,review,type2,1
s0-c3-686,CAM-3,3,TJO3099,NM,PASSENGER,TJO3099,NM,TEMP,0.774357,0.414475,0.496747,0.800000,0.800000,0.800000,review,review,correct,0
s0-c3-687,CAM-3,3,JKF7621,NM,TRAILER,JKF7621,NM,TRAILER,0.620311,0.810272,0.398427,0.800000,0.800000,0.800000,review,review,type2,1
s0-c3-688,CAM-3,3,UNS2592,AZ,COMMERCIAL,UNS2592,AZ,COMMERCIAL,0.851306,0.753615,0.771558,0.800000,0.800000,0.800000,review,review,type2,1
s0-c3-689,CAM-3,3,KGQ7813,NV,PASSENGER,KGQ7Y13,CO,PASSENGER,0.464791,0.619279,0.730843,0.800000,0.800000,0.800000,review,review,correct,0
s0-c3-690,CAM-3,3,KLL4442,NM,PASSENGER,KLL4442,NM,GOV,0.501527,0.602628,0.532850,0.800000,0.800000,0.800000,review,review,correct,0
s0-c3-691,CAM-3,3,GHY2101,FL,TRAILER,GHY2101,FL,TRAILER,0.817180,0.662189,0.771432,0.800000,0.800000,0.800000,review,review,type2,1
s0-c3-692,CAM-3,3,WWY5462,FL,PASSENGER,GWY5462,FL,PASSENGER,0.277796,0.549400,0.796336,0.800000,0.800000,0.800000,review,review,correct,0
s0-c3-693,CAM-3,3,XWK1090,OK,TRAILER,XWK1090,OK,TEMP,0.598766,0.669712,0.573002,0.800000,0.800000,0.800000,review,review,correct,0
s0-c3-694,CAM-3,3,VZT8744,TX,COMMERCIAL,VZT8744,TX,TEMP,0.797450,0.680449,0.291438,0.800000,0.800000,0.800000,review,review,correct,0
s0-c3-695,CAM-3,3,WWX4736,CA,PASSENGER,UWX4736,FL,PASSENGER,0.508075,0.515373,0.793322,0.800000,0.800000,0.800000,review,review,correct,0
s0-c3-696,CAM-3,3,OUX6453,FL,COMMERCIAL,OUX645V,FL,GOV,0.181009,0.438472,0.256758,0.800000,0.800000,0.800000,review,review,correct,0
s0-c3-697,CAM-3,3,CZE7329,NV,TEMP,CZE7329,NV,PASSENGER,0.704371,0.582196,0.612963,0.800000,0.800000,0.800000,review,review,correct,0
s0-c3-698,CAM-3,3,LLC0712,NV,TEMP,LLC0712,CO,TEMP,0.443954,0.463932,0.762065,0.800000,0.800000,0.800000,review,review,correct,0
s0-c3-699,CAM-3,3,CHC4243,NM,TEMP,CHC4243,NV,TEMP,0.444626,0.639577,0.505881,0.800000,0.800000,0.800000,review,review,correct,0
s0-c3-700,CAM-3,3,KFY5986,OK,TRAILER,KFY5986,OK,TRAILER,0.558160,0.442889,0.749105,0.800000,0.800000,0.800000,review,review,type2,1
s0-c3-701,CAM-3,3,OWJ6889,FL,COMMERCIAL,SWJ6889,FL,COMMERCIAL,0.630925,0.619860,0.548958,0.800000,0.800000,0.800000,review,review,correct,0
s0-c3-702,CAM-3,3,GWC0196,OK,TRAILER,GWC0196,OK,COMMERCIAL,0.812746,0.690898,0.570223,0.800000,0.800000,0.800000,review,review,correct,0
s0-c3-703,CAM-3,3,OGY0474,NM,GOV,DGY0474,NM,TEMP,0.807760,0.598589,0.154001,0.800000,0.800000,0.800000,review,review,correct,0
s0-c3-704,CAM-3,3,BSQ9053,AZ,GOV,BSQ9X53,NM,GOV,0.792915,0.291735,0.304796,0.800000,0.800000,0.800000,review,review,correct,0
s0-c3-705,CAM-3,3,UHZ5500,CO,TEMP,UHZ55V0,CO,COMMERCIAL,0.776030,0.638355,0.445023,0.800000,0.800000,0.800000,review,review,correct,0
s0-c3-706,CAM-3,3,RVM5230,AZ,PASSENGER,RVM5235,FL,PASSENGER,0.502509,0.494837,0.599291,0.800000,0.800000,0.800000,review,review,correct,0
s0-c3-707,CAM-3,3,IIC1538,CA,TRAILER,IDC1538,CA,TRAILER,0.605194,0.383983,0.488739,0.800000,0.800000,0.800000,review,review,correct,0
s0-c3-708,CAM-3,3,XAT8377,OK,PASSENGER,XOT8377,OK,GOV,0.590480,0.657661,0.356595,0.800000,0.800000,0.800000,review,review,correct,0
s0-c3-709,CAM-3,3,DMO9080,CA,GOV,DMO9080,CA,TEMP,0.302206,0.282665,0.545231,0.800000,0.800000,0.800000,review,review,correct,0
s0-c3-710,CAM-3,3,UGG5979,NM,PASSENGER,UGG5979,NV,TRAILER,0.591209,0.579195,0.609174,0.800000,0.800000,0.800000,review,review,correct,0
s0-c3-711,CAM-3,3,DCF1139,OK,PASSENGER,DCF1139,TX,PASSENGER,0.701947,0.417238,0.722832,0.800000,0.800000,0.800000,review,review,correct,0
s0-c3-712,CAM-3,3,OST7745,NV,TRAILER,KST7745,NV,TRAILER,0.824561,0.522257,0.715636,0.800000,0.800000,0.800000,review,review,correct,0
s0-c3-713,CAM-3,3,BQG1046,CA,GOV,BQG1042,CA,TEMP,0.582053,0.529514,0.317038,0.800000,0.800000,0.800000,review,review,correct,0
s0-c3-714,CAM-3,3,UPQ2196,NV,COMMERCIAL,UPQ2196,CA,GOV,0.568853,0.185757,0.532444,0.800000,0.800000,0.800000,review,review,correct,0
s0-c3-715,CAM-3,3,YUU8661,AZ,TRAILER,YUU8661,NM,TRAILER,0.744916,0.412168,0.667991,0.800000,0.800000,0.800000,review,review,correct,0
s0-c3-716,CAM-3,3,QCD4481,OK,TEMP,QCD4481,NV,TEMP,0.763490,0.709691,0.665454,0.800000,0.800000,0.800000,review,review,correct,0
s0-c3-717,CAM-3,3,RCJ3315,TX,TRAILER,RCJ3615,TX,TRAILER,0.493361,0.841761,0.604052,0.800000,0.800000,0.800000,review,review,correct,0
s0-c3-718,CAM-3,3,GEX0484,NM,COMMERCIAL,GEX0484,NM,GOV,0.483335,0.338637,0.457054,0.800000,0.800000,0.800000,review,review,correct,0
s0-c3-719,CAM-3,3,HCX8876,AZ,COMMERCIAL,HCX8876,AZ,PASSENGER,0.613768,0.413022,0.759590,0.800000,0.800000,0.800000,review,review,correct,0
s0-c3-720,CAM-3,3,ZSH1623,TX,GOV,ZSH1I23,CA,COMMERCIAL,0.386587,0.702515,0.581970,0.800000,0.800000,0.800000,review,review,correct,0
s0-c3-721,CAM-3,3,VYY7265,OK,TEMP,VYY7265,AZ,TEMP,0.555624,0.731151,0.646600,0.800000,0.800000,0.800000,review,review,correct,0
s0-c3-722,CAM-3,3,SNF6501,TX,TEMP,SCF6501,CA,PASSENGER,0.167436,0.377256,0.594636,0.800000,0.800000,0.800000,review,review,correct,0
s0-c3-723,CAM-3,3,YQU2999,AZ,COMMERCIAL,YQU2999,AZ,GOV,0.620881,0.659319,0.406158,0.800000,0.800000,0.800000,review,review,correct,0
s0-c3-724,CAM-3,3,NPJ7620,CA,GOV,NPJ762N,CA,TRAILER,0.350977,0.776461,0.298049,0.800000,0.800000,0.800000,review,review,correct,0
s0-c3-725,CAM-3,3,NZK9121,CO,PASSENGER,NZK9121,NV,COMMERCIAL,0.764525,0.450544,0.752681,0.800000,0.800000,0.800000,review,review,correct,0
s0-c3-726,CAM-3,3,GHH5298,AZ,COMMERCIAL,GHH5298,AZ,TRAILER,0.642164,0.642233,0.297025,0.800000,0.800000,0.800000,review,review,correct,0
s0-c3-727,CAM-3,3,WRC0116,TX,GOV,WRC011S,TX,TEMP,0.473520,0.780015,0.605588,0.800000,0.800000,0.800000,review,review,correct,0
s0-c3-728,CAM-3,3,KWA6256,OK,COMMERCIAL,KWA6256,NV,COMMERCIAL,0.717148,0.565000,0.665669,0.800000,0.800000,0.800000,review,review,correct,0
s0-c3-729,CAM-3,3,OLL8891,TX,TEMP,OCL8891,FL,TEMP,0.657455,0.767419,0.692991,0.800000,0.800000,0.800000,review,review,correct,0
s0-c3-730,CAM-3,3,QQQ6416,CO,PASSENGER,QQB6416,NM,PASSENGER,0.438199,0.702678,0.626070,0.800000,0.800000,0.800000,review,review,correct,0
s0-c3-731,CAM-3,3,MYN9439,CA,GOV,MYN9439,CA,GOV,0.424933,0.736351,0.594208,0.800000,0.800000,0.800000,review,review,type2,1
s0-c3-732,CAM-3,3,JWQ4021,NV,TEMP,JWQ4021,NV,TEMP,0.453131,0.779503,0.694898,0.800000,0.800000,0.800000,review,review,type2,1
s0-c3-733,CAM-3,3,KVT8405,NV,COMMERCIAL,KVT8405,NV,COMMERCIAL,0.643230,0.536509,0.565466,0.800000,0.800000,0.800000,review,review,type2,1
s0-c3-734,CAM-3,3,EFP9465,CA,COMMERCIAL,EKP9465,FL,COMMERCIAL,0.400866,0.793691,0.753814,0.800000,0.800000,0.800000,review,review,correct,0
s0-c3-735,CAM-3,3,YLA7257,TX,TRAILER,YLAC257,NM,TRAILER,0.411127,0.499786,0.366670,0.800000,0.800000,0.800000,review,review,correct,0
s0-c3-736,CAM-3,3,QWK1323,AZ,TEMP,QWK1323,AZ,TRAILER,0.717783,0.195105,0.368007,0.800000,0.800000,0.800000,review,review,correct,0
s0-c3-737,CAM-3,3,IFI3048,CO,PASSENGER,IFI3D48,CO,PASSENGER,0.410701,0.604339,0.540533,0.800000,0.800000,0.800000,review,review,correct,0
s0-c3-738,CAM-3,3,EKS3439,TX,TRAILER,EKS3439,TX,PASSENGER,0.747369,0.767486,0.544345,0.800000,0.800000,0.800000,review,review,correct,0
s0-c3-739,CAM-3,3,JCL5282,AZ,GOV,JCL5282,NM,GOV,0.733719,0.368929,0.581587,0.800000,0.800000,0.800000,review,review,correct,0
s0-c3-740,CAM-3,3,KME8984,CA,TEMP,KMEN984,FL,TEMP,0.757871,0.510156,0.530775,0.800000,0.800000,0.800000,review,review,correct,0
s0-c3-741,CAM-3,3,TKN5807,NV,PASSENGER,TKN5807,OK,PASSENGER,0.569766,0.432425,0.512937,0.800000,0.800000,0.800000,review,review,correct,0
s0-c3-742,CAM-3,3,JGW3827,NM,COMMERCIAL,JGW3827,NM,COMMERCIAL,0.632144,0.711237,0.622583,0.800000,0.800000,0.800000,review,review,type2,1
s0-c3-743,CAM-3,3,QHX2091,OK,GOV,QH32091,OK,GOV,0.461547,0.600242,0.361622,0.800000,0.800000,0.800000,review,review,correct,0
s0-c3-744,CAM-3,3,IDX4631,OK,TRAILER,IDX4631,OK,TRAILER,0.638049,0.574496,0.652172,0.800000,0.800000,0.800000,review,review,type2,1
s0-c3-745,CAM-3,3,HIE0040,CA,TRAILER,HIA0040,NM,TRAILER,0.308100,0.573772,0.740525,0.800000,0.800000,0.800000,review,review,correct,0
s0-c3-746,CAM-3,3,MQM5665,NM,GOV,MQM5665,AZ,TEMP,0.867868,0.425522,0.566001,0.800000,0.800000,0.800000,review,review,correct,0
s0-c3-747,CAM-3,3,UJE2791,OK,TRAILER,UJEW791,OK,TRAILER,0.340417,0.505230,0.661460,0.800000,0.800000,0.800000,review,review,correct,0
s0-c3-748,CAM-3,3,QAG1907,NM,GOV,QAG1907,TX,GOV,0.795273,0.550320,0.751507,0.800000,0.800000,0.800000,review,review,correct,0
s0-c3-749,CAM-3,3,VFW2315,FL,COMMERCIAL,VFW2315,FL,TRAILER,0.838625,0.434673,0.426711,0.800000,0.800000,0.800000,review,review,correct,0
s0-c3-750,CAM-3,3,IAM5399,OK,TEMP,IAMS399,OK,TEMP,0.392125,0.527026,0.413944,0.800000,0.800000,0.800000,review,review,correct,0
s0-c3-751,CAM-3,3,GXW0820,AZ,TRAILER,GXW0820,AZ,TRAILER,0.775416,0.650928,0.692829,0.800000,0.800000,0.800000,review,review,type2,1
s0-c3-752,CAM-3,3,XRL1954,NM,TRAILER,XRL1954,NM,TRAILER,0.590313,0.683652,0.518676,0.800000,0.800000,0.800000,review,review,type2,1
s0-c3-753,CAM-3,3,ZVU1740,TX,TEMP,ZVUZ740,AZ,TEMP,0.304441,0.692415,0.746487,0.800000,0.800000,0.800000,review,review,correct,0
s0-c3-754,CAM-3,3,WLY1675,TX,TRAILER,0LY1675,TX,GOV,0.673581,0.400105,0.619145,0.800000,0.800000,0.800000,review,review,correct,0
s0-c3-755,CAM-3,3,ICV3651,AZ,PASSENGER,ICV3651,CA,PASSENGER,0.531392,0.715244,0.606854,0.800000,0.800000,0.800000,review,review,correct,0
s0-c3-756,CAM-3,3,XKR2248,OK,PASSENGER,XKR2248,CO,PASSENGER,0.652567,0.567124,0.780893,0.800000,0.800000,0.800000,review,review,correct,0
s0-c3-757,CAM-3,3,TQQ9776,NM,PASSENGER,TQQ9776,NM,PASSENGER,0.731819,0.783693,0.553419,0.800000,0.800000,0.800000,review,review,type2,1
s0-c3-758,CAM-3,3,GOZ4020,TX,TEMP,GOZ4020,AZ,TRAILER,0.728372,0.645219,0.555906,0.800000,0.800000,0.800000,review,review,correct,0
s0-c3-759,CAM-3,3,JHB8583,TX,TEMP,JHB8583,AZ,PASSENGER,0.555159,0.370006,0.568317,0.800000,0.800000,0.800000,review,review,correct,0
s0-c3-760,CAM-3,3,YCP5433,TX,PASSENGER,YCP5433,TX,PASSENGER,0.708723,0.353672,0.641097,0.800000,0.800000,0.800000,review,review,type2,1
s0-c3-761,CAM-3,3,KRA6530,OK,COMMERCIAL,KRA6530,OK,TRAILER,0.618050,0.337992,0.668488,0.800000,0.800000,0.800000,review,review,correct,0
s0-c3-762,CAM-3,3,ZNB9646,CA,TEMP,ZN99646,CA,PASSENGER,0.580073,0.423529,0.621577,0.800000,0.800000,0.800000,review,review,correct,0
s0-c3-763,CAM-3,3,ZOU6546,CO,TRAILER,ZOU6543,CO,TRAILER,0.810319,0.462100,0.225757,0.800000,0.800000,0.800000,review,review,correct,0
s0-c3-764,CAM-3,3,RVN6107,CO,TEMP,RVN6107,CO,COMMERCIAL,0.840846,0.702052,0.379247,0.800000,0.800000,0.800000,review,review,correct,0
s0-c3-765,CAM-3,3,ZBK5012,OK,TRAILER,ZBK5112,OK,TRAILER,0.635602,0.701556,0.562188,0.800000,0.800000,0.800000,review,review,correct,0
s0-c3-766,CAM-3,3,CIR2646,AZ,COMMERCIAL,CIRD646,AZ,PASSENGER,0.570058,0.737389,0.352134,0.800000,0.800000,0.800000,review,review,correct,0
s0-c3-767,CAM-3,3,BCY1708,AZ,COMMERCIAL,BOY1708,TX,PASSENGER,0.516150,0.534639,0.497161,0.800000,0.800000,0.800000,review,review,correct,0
s0-c3-768,CAM-3,3,QUS4166,CA,TEMP,QUS4166,NM,COMMERCIAL,0.783829,0.715990,0.539730,0.800000,0.800000,0.800000,review,review,correct,0
s0-c3-769,CAM-3,3,AAK0233,CA,TRAILER,AAK0233,CA,TRAILER,0.724564,0.629179,0.381609,0.800000,0.800000,0.800000,review,review,type2,1
s0-c3-770,CAM-3,3,EVT4995,NM,PASSENGER,EVT4995,NM,TEMP,0.578622,0.404996,0.472443,0.800000,0.800000,0.800000,review,review,correct,0
s0-c3-771,CAM-3,3,KDH8425,OK,COMMERCIAL,KDH8425,FL,COMMERCIAL,0.609105,0.382346,0.585748,0.800000,0.800000,0.800000,review,review,correct,0
s0-c3-772,CAM-3,3,CBN2089,AZ,TRAILER,CBN2489,AZ,TRAILER,0.020000,0.389089,0.550823,0.800000,0.800000,0.800000,review,review,correct,0
s0-c3-773,CAM-3,3,ZZU5314,NV,PASSENGER,ZZU5314,NV,PASSENGER,0.618525,0.781560,0.444550,0.800000,0.800000,0.800000,review,review,type2,1
s0-c3-774,CAM-3,3,DUM1956,AZ,TEMP,DUM1956,CO,TEMP,0.445503,0.687571,0.552215,0.800000,0.800000,0.800000,review,review,correct,0
s0-c3-775,CAM-3,3,PWI8541,OK,TEMP,PWI8541,OK,TEMP,0.762044,0.612920,0.480838,0.800000,0.800000,0.800000,review,review,type2,1
s0-c3-776,CAM-3,3,KXZ0837,NM,PASSENGER,KQZ0837,NM,PASSENGER,0.558763,0.512366,0.702828,0.800000,0.800000,0.800000,review,review,correct,0
s0-c3-777,CAM-3,3,TXP5989,CO,TRAILER,TXP5989,CO,COMMERCIAL,0.592002,0.436213,0.751665,0.800000,0.800000,0.800000,review,review,correct,0
s0-c3-778,CAM-3,3,TIJ4901,CO,COMMERCIAL,TIJ4D01,NV,TEMP,0.260255,0.407859,0.563635,0.800000,0.800000,0.800000,review,review,correct,0
s0-c3-779,CAM-3,3,YEN5802,CA,COMMERCIAL,8EN5802,CA,TRAILER,0.376042,0.753394,0.579303,0.800000,0.800000,0.800000,review,review,correct,0
s0-c3-780,CAM-3,3,EKH5365,NV,TRAILER,EKH5365,NV,TRAILER,0.758387,0.745620,0.721992,0.800000,0.800000,0.800000,review,review,type2,1
s0-c3-781,CAM-3,3,ROI0727,TX,COMMERCIAL,ROI0727,TX,TRAILER,0.587468,0.768626,0.544148,0.800000,0.800000,0.800000,review,review,correct,0
s0-c3-782,CAM-3,3,OEV2071,AZ,PASSENGER,YEV2071,CA,PASSENGER,0.651425,0.477454,0.545644,0.800000,0.800000,0.800000,review,review,correct,0
s0-c3-783,CAM-3,3,RRF3131,NV,TRAILER,RRF0131,FL,TRAILER,0.239911,0.780060,0.600041,0.800000,0.800000,0.800000,review,review,correct,0
s0-c3-784,CAM-3,3,UYR9034,NV,TEMP,UYR9034,NV,TEMP,0.681312,0.831491,0.487756,0.800000,0.800000,0.800000,review,review,type2,1
s0-c3-785,CAM-3,3,HAA4179,FL,TRAILER,HAA4179,TX,TRAILER,0.771966,0.132257,0.764449,0.800000,0.800000,0.800000,review,review,correct,0
s0-c3-786,CAM-3,3,VFF9845,NV,PASSENGER,VFZ9845,NV,PASSENGER,0.412793,0.710988,0.757765,0.800000,0.800000,0.800000,review,review,correct,0
s0-c3-787,CAM-3,3,BUN8698,NV,PASSENGER,BUN8698,NV,TRAILER,0.592633,0.640436,0.338299,0.800000,0.800000,0.800000,review,review,correct,0
s0-c3-788,CAM-3,3,JCA3758,NV,COMMERCIAL,JCA37T8,NV,COMMERCIAL,0.330437,0.712918,0.521527,0.800000,0.800000,0.800000,review,review,correct,0
s0-c3-789,CAM-3,3,RIE2026,AZ,TRAILER,RBE2026,AZ,TEMP,0.467501,0.522855,0.709089,0.800000,0.800000,0.800000,review,review,correct,0
s0-c3-790,CAM-3,3,RHW2316,NM,PASSENGER,RHWM316,NM,PASSENGER,0.779946,0.376737,0.575560,0.800000,0.800000,0.800000,review,review,correct,0
s0-c3-791,CAM-3,3,VQD2361,AZ,GOV,VQD2461,AZ,GOV,0.607364,0.676646,0.563561,0.800000,0.800000,0.800000,review,review,correct,0
s0-c3-792,CAM-3,3,XID8611,FL,PASSENGER,XID8611,NM,PASSENGER,0.391739,0.477776,0.536361,0.800000,0.800000,0.800000,review,review,correct,0
s0-c3-793,CAM-3,3,JWP7482,FL,TEMP,JWP7482,FL,TEMP,0.550721,0.539147,0.745185,0.800000,0.800000,0.800000,review,review,type2,1
s0-c3-794,CAM-3,3,NZP0396,TX,TRAILER,NZP0396,CA,COMMERCIAL,0.639309,0.150613,0.426381,0.800000,0.800000,0.800000,review,review,correct,0
s0-c3-795,CAM-3,3,IFS9536,OK,TRAILER,IFS9536,OK,TRAILER,0.510951,0.557308,0.684818,0.800000,0.800000,0.800000,review,review,type2,1
s0-c3-796,CAM-3,3,ZUZ3358,NV,TRAILER,ZUZ3358,FL,TRAILER,0.642043,0.453242,0.465036,0.800000,0.800000,0.800000,review,review,correct,0
s0-c3-797,CAM-3,3,EWE5710,OK,COMMERCIAL,EWE5710,OK,COMMERCIAL,0.529414,0.332154,0.590739,0.800000,0.800000,0.800000,review,review,type2,1
s0-c3-798,CAM-3,3,TBD1203,OK,COMMERCIAL,TBD1203,OK,PASSENGER,0.829276,0.759129,0.415437,0.800000,0.800000,0.800000,review,review,correct,0
s0-c3-799,CAM-3,3,FWX0592,OK,TEMP,FWX0598,CA,PASSENGER,0.752102,0.290851,0.557732,0.800000,0.800000,0.800000,review,review,correct,0
s0-c3-800,CAM-3,3,BFU6418,CO,GOV,MFU6418,CO,COMMERCIAL,0.610199,0.759309,0.615699,0.800000,0.800000,0.800000,review,review,correct,0
s0-c3-801,CAM-3,3,JCD4898,NM,TEMP,JCD4L98,AZ,TRAILER,0.590255,0.509755,0.662946,0.800000,0.800000,0.800000,review,review,correct,0
s0-c3-802,CAM-3,3,FPH2443,NV,GOV,FPH2443,NV,COMMERCIAL,0.681295,0.790921,0.533853,0.800000,0.800000,0.800000,review,review,correct,0
s0-c3-803,CAM-3,3,CPH1654,FL,COMMERCIAL,ZPH1654,FL,TEMP,0.724950,0.683659,0.662713,0.800000,0.800000,0.800000,review,review,correct,0
s0-c3-804,CAM-3,3,NDN8692,NV,PASSENGER,NDN8692,CA,GOV,0.762594,0.348155,0.538089,0.800000,0.800000,0.800000,review,review,correct,0
s0-c3-805,CAM-3,3,FZY1472,TX,TEMP,F6Y1472,TX,GOV,0.762021,0.641308,0.192341,0.800000,0.800000,0.800000,review,review,correct,0
s0-c3-806,CAM-3,3,UVM6206,NM,TRAILER,UVM6206,NM,PASSENGER,0.695724,0.708254,0.658724,0.800000,0.800000,0.800000,review,review,correct,0
s0-c3-807,CAM-3,3,YVY7965,AZ,PASSENGER,YVY7965,AZ,COMMERCIAL,0.793143,0.331327,0.219236,0.800000,0.800000,0.800000,review,review,correct,0
s0-c3-808,CAM-3,3,ZYV3177,NM,TRAILER,ZYV31O7,CA,TEMP,0.824230,0.265532,0.604147,0.800000,0.800000,0.800000,review,review,correct,0
s0-c3-809,CAM-3,3,ISQ1278,FL,PASSENGER,IWQ1278,AZ,PASSENGER,0.493378,0.534705,0.478780,0.800000,0.800000,0.800000,review,review,correct,0
s0-c3-810,CAM-3,3,XAN6646,NV,PASSENGER,SAN6646,NV,PASSENGER,0.782877,0.847561,0.628406,0.800000,0.800000,0.800000,review,review,correct,0
s0-c3-811,CAM-3,3,ENO4676,OK,TRAILER,ENO4676,OK,GOV,0.726571,0.613966,0.721065,0.800000,0.800000,0.800000,review,review,correct,0
s0-c3-812,CAM-3,3,XLS6872,NV,TRAILER,XLS6872,NV,TRAILER,0.540832,0.757526,0.430485,0.800000,0.800000,0.800000,review,review,type2,1
s0-c3-813,CAM-3,3,ZFV3304,NV,TEMP,ZFV3304,NV,TEMP,0.626513,0.773930,0.692274,0.800000,0.800000,0.800000,review,review,type2,1
s0-c3-814,CAM-3,3,BWX1546,AZ,TRAILER,BWX154A,AZ,TEMP,0.411696,0.586356,0.585123,0.800000,0.800000,0.800000,review,review,correct,0
s0-c3-815,CAM-3,3,MVP0300,FL,TEMP,MVP0B00,CO,PASSENGER,0.646684,0.400978,0.514008,0.800000,0.800000,0.800000,review,review,correct,0
s0-c3-816,CAM-3,3,UDU3007,NV,COMMERCIAL,UDU3R07,NV,COMMERCIAL,0.508695,0.338127,0.789420,0.800000,0.800000,0.800000,review,review,correct,0
s0-c3-817,CAM-3,3,NSJ2736,FL,TEMP,NSJ2736,NV,TEMP,0.507955,0.582868,0.332507,0.800000,0.800000,0.800000,review,review,correct,0
s0-c3-818,CAM-3,3,DOW5395,CO,GOV,D1W5395,CO,GOV,0.585570,0.438292,0.539223,0.800000,0.800000,0.800000,review,review,correct,0
s0-c3-819,CAM-3,3,CMJ6579,NV,TRAILER,CMJ6579,CA,PASSENGER,0.541409,0.645203,0.699560,0.800000,0.800000,0.800000,review,review,correct,0
s0-c3-820,CAM-3,3,JLL2250,AZ,TRAILER,JLL2250,CO,TEMP,0.616079,0.667169,0.498534,0.800000,0.800000,0.800000,review,review,correct,0
s0-c3-821,CAM-3,3,CGL8227,CO,PASSENGER,CGL8227,TX,COMMERCIAL,0.711129,0.297621,0.561776,0.800000,0.800000,0.800000,review,review,correct,0
s0-c3-822,CAM-3,3,IGH9436,NV,GOV,IGH9436,CA,COMMERCIAL,0.614143,0.428077,0.477555,0.800000,0.800000,0.800000,review,review,correct,0
s0-c3-823,CAM-3,3,UCW8253,CO,TRAILER,UCW8253,CA,GOV,0.743828,0.529875,0.684421,0.800000,0.800000,0.800000,review,review,correct,0
s0-c3-824,CAM-3,3,VIO0591,AZ,PASSENGER,VIO0591,FL,TRAILER,0.697485,0.547174,0.665025,0.800000,0.800000,0.800000,review,review,correct,0
s0-c3-825,CAM-3,3,HDM5088,NV,TEMP,HDM5088,OK,PASSENGER,0.872423,0.562500,0.627160,0.800000,0.800000,0.800000,review,review,correct,0
s0-c3-826,CAM-3,3,HNV5606,NV,PASSENGER,HNV5606,NV,TRAILER,0.678094,0.808919,0.209926,0.800000,0.800000,0.800000,review,review,correct,0
s0-c3-827,CAM-3,3,CJL5674,OK,TEMP,CJL5674,OK,TRAILER,0.476212,0.687576,0.679385,0.800000,0.800000,0.800000,review,review,correct,0
s0-c3-828,CAM-3,3,BBU0418,TX,GOV,BBU0618,TX,GOV,0.416621,0.792069,0.561702,0.800000,0.800000,0.800000,review,review,correct,0
s0-c3-829,CAM-3,3,WKS6487,TX,TRAILER,WKSD487,NV,TRAILER,0.671188,0.567843,0.642478,0.800000,0.800000,0.800000,review,review,correct,0
s0-c3-830,CAM-3,3,BJD5777,CO,COMMERCIAL,DJD5777,CO,COMMERCIAL,0.465673,0.642774,0.616737,0.800000,0.800000,0.800000,review,review,correct,0
s0-c3-831,CAM-3,3,EVW8546,CO,GOV,6VW8546,CO,GOV,0.416882,0.387026,0.557647,0.800000,0.800000,0.800000,review,review,correct,0
s0-c3-832,CAM-3,3,UBO7539,OK,TEMP,UBO7539,FL,TEMP,0.618252,0.527490,0.491735,0.800000,0.800000,0.800000,review,review,correct,0
s0-c3-833,CAM-3,3,TYI3860,NM,TRAILER,TYI3860,NV,TRAILER,0.780641,0.096743,0.275268,0.800000,0.800000,0.800000,review,review,correct,0
s0-c3-834,CAM-3,3,APF2423,AZ,GOV,NPF2423,AZ,PASSENGER,0.853830,0.652161,0.629911,0.800000,0.800000,0.800000,review,review,correct,0
s0-c3-835,CAM-3,3,SCY3903,NM,TRAILER,SCO3903,NM,TRAILER,0.830916,0.631533,0.575575,0.800000,0.800000,0.800000,review,review,correct,0
s0-c3-836,CAM-3,3,WWT8990,OK,COMMERCIAL,WWT8990,CO,TEMP,0.348606,0.782493,0.441471,0.800000,0.800000,0.800000,review,review,correct,0
s0-c3-837,CAM-3,3,GXF0090,NM,GOV,GXF0090,NM,GOV,0.835753,0.773694,0.676171,0.800000,0.800000,0.800000,review,review,type2,1
s0-c3-838,CAM-3,3,IWC0551,NM,TRAILER,IWC0551,NV,TRAILER,0.624301,0.569654,0.808634,0.800000,0.800000,0.800000,review,review,correct,0
s0-c3-839,CAM-3,3,GQW8662,CO,TEMP,GQW8G62,CA,GOV,0.271730,0.557730,0.510974,0.800000,0.800000,0.800000,review,review,correct,0
s0-c3-840,CAM-3,3,TTK6091,TX,GOV,TTN6091,OK,TRAILER,0.676160,0.418468,0.665700,0.800000,0.800000,0.800000,review,review,correct,0
s0-c3-841,CAM-3,3,QVB8600,CO,TRAILER,QVB8600,CO,TRAILER,0.541228,0.834038,0.526509,0.800000,0.800000,0.800000,review,review,type2,1
s0-c3-842,CAM-3,3,HKI4488,AZ,TEMP,HKI4488,AZ,COMMERCIAL,0.649119,0.673059,0.641749,0.800000,0.800000,0.800000,review,review,correct,0
s0-c3-843,CAM-3,3,VUY7702,CA,TRAILER,VUY7702,TX,TRAILER,0.409405,0.512474,0.755183,0.800000,0.800000,0.800000,review,review,correct,0
s0-c3-844,CAM-3,3,ZTC2330,TX,COMMERCIAL,ZTC2330,TX,COMMERCIAL,0.620548,0.574096,0.767902,0.800000,0.800000,0.800000,review,review,type2,1
s0-c3-845,CAM-3,3,CLM4262,CO,COMMERCIAL,CLM4262,NM,COMMERCIAL,0.712776,0.522694,0.771953,0.800000,0.800000,0.800000,review,review,correct,0
s0-c3-846,CAM-3,3,TSS6871,OK,PASSENGER,TSS6871,OK,COMMERCIAL,0.663664,0.497933,0.455060,0.800000,0.800000,0.800000,review,review,correct,0
s0-c3-847,CAM-3,3,MJO5176,FL,TEMP,MJO5176,FL,TEMP,0.692968,0.623643,0.844892,0.800000,0.800000,0.800000,review,review,type2,1
s0-c3-848,CAM-3,3,NTR6683,FL,PASSENGER,NTR6L83,FL,PASSENGER,0.224151,0.697353,0.492822,0.800000,0.800000,0.800000,review,review,correct,0
s0-c3-849,CAM-3,3,WQU4735,NM,COMMERCIAL,WHU4735,CA,TRAILER,0.483728,0.643972,0.632779,0.800000,0.800000,0.800000,review,review,correct,0
s0-c3-850,CAM-3,3,JDN3660,TX,TRAILER,JD33660,AZ,TEMP,0.752306,0.584896,0.689825,0.800000,0.800000,0.800000,review,review,correct,0
s0-c3-851,CAM-3,3,AMM3287,NV,PASSENGER,AMM328K,AZ,PASSENGER,0.645033,0.396788,0.592438,0.800000,0.800000,0.800000,review,review,correct,0
s0-c3-852,CAM-3,3,IES1839,CO,COMMERCIAL,IESL839,CO,COMMERCIAL,0.435597,0.837377,0.450784,0.800000,0.800000,0.800000,review,review,correct,0
s0-c3-853,CAM-3,3,MNR2169,CO,PASSENGER,MNR2169,NM,PASSENGER,0.306295,0.660830,0.576253,0.800000,0.800000,0.800000,review,review,correct,0
s0-c3-854,CAM-3,3,ZOO7867,AZ,TEMP,ZBO7867,CO,TRAILER,0.230882,0.568989,0.575764,0.800000,0.800000,0.800000,review,review,correct,0
s0-c3-855,CAM-3,3,MLJ4484,TX,GOV,MLJ4484,CO,GOV,0.679643,0.587317,0.743747,0.800000,0.800000,0.800000,review,review,correct,0
s0-c3-856,CAM-3,3,VXI5008,TX,TEMP,VXI5008,TX,TEMP,0.839361,0.430175,0.699086,0.800000,0.800000,0.800000,review,review,type2,1
s0-c3-857,CAM-3,3,MRV2382,TX,COMMERCIAL,MRV2382,TX,COMMERCIAL,0.736211,0.607444,0.455223,0.800000,0.800000,0.800000,review,review,type2,1
s0-c3-858,CAM-3,3,QHV2031,TX,TEMP,QHV203E,OK,TRAILER,0.634557,0.511158,0.347327,0.800000,0.800000,0.800000,review,review,correct,0
s0-c3-859,CAM-3,3,FIW1146,AZ,PASSENGER,FIW1146,AZ,PASSENGER,0.703365,0.786052,0.785536,0.800000,0.800000,0.800000,review,review,type2,1
s0-c3-860,CAM-3,3,ZNW5507,OK,TRAILER,ZNW5507,OK,TRAILER,0.319005,0.668139,0.708190,0.800000,0.800000,0.800000,review,review,type2,1
s0-c3-861,CAM-3,3,WIH2225,CO,PASSENGER,WIH2P25,CO,TRAILER,0.712572,0.525758,0.478678,0.800000,0.800000,0.800000,review,review,correct,0
s0-c3-862,CAM-3,3,FQU4366,CA,COMMERCIAL,FQU436Q,FL,TRAILER,0.773542,0.101855,0.591574,0.800000,0.800000,0.800000,review,review,correct,0
s0-c3-863,CAM-3,3,QTQ5563,TX,GOV,QTQ8563,TX,COMMERCIAL,0.212678,0.541555,0.207569,0.800000,0.800000,0.800000,review,review,correct,0
s0-c3-864,CAM-3,3,JLX9476,OK,PASSENGER,JLX9376,AZ,TEMP,0.701588,0.709588,0.340885,0.800000,0.800000,0.800000,review,review,correct,0
s0-c3-865,CAM-3,3,OFG8572,CO,GOV,OFG8572,CO,TEMP,0.550296,0.432833,0.635692,0.800000,0.800000,0.800000,review,review,correct,0
s0-c3-866,CAM-3,3,WZM4195,TX,TEMP,WZM4195,CA,TEMP,0.497623,0.206715,0.646683,0.800000,0.800000,0.800000,review,review,correct,0
s0-c3-867,CAM-3,3,FXN6903,TX,COMMERCIAL,YXN6903,TX,GOV,0.629558,0.808982,0.533114,0.800000,0.800000,0.800000,review,review,correct,0
s0-c3-868,CAM-3,3,INE9114,CO,COMMERCIAL,INE9114,FL,TEMP,0.645376,0.364246,0.754238,0.800000,0.800000,0.800000,review,review,correct,0
s0-c3-869,CAM-3,3,JME9286,CO,GOV,JME9286,CO,COMMERCIAL,0.517874,0.462923,0.493613,0.800000,0.800000,0.800000,review,review,correct,0
s0-c3-870,CAM-3,3,MXR6212,NV,GOV,MER6212,TX,TRAILER,0.779170,0.557905,0.735926,0.800000,0.800000,0.800000,review,review,correct,0
s0-c3-871,CAM-3,3,LSF9679,OK,COMMERCIAL,WSF9679,OK,TRAILER,0.517233,0.686016,0.338311,0.800000,0.800000,0.800000,review,review,correct,0
s0-c3-872,CAM-3,3,DTN8230,NM,TRAILER,DTN8230,NM,GOV,0.655741,0.320529,0.600458,0.800000,0.800000,0.800000,review,review,correct,0
s0-c3-873,CAM-3,3,KIA8498,TX,GOV,KIAS498,CA,TRAILER,0.616371,0.755919,0.317811,0.800000,0.800000,0.800000,review,review,correct,0
s0-c3-874,CAM-3,3,ZTH8885,NV,TEMP,ZTH8886,CA,GOV,0.494653,0.580228,0.732173,0.800000,0.800000,0.800000,review,review,correct,0
s0-c3-875,CAM-3,3,XTG8144,NM,PASSENGER,XTG8144,NM,PASSENGER,0.492663,0.496868,0.618999,0.800000,0.800000,0.800000,review,review,type2,1
s0-c3-876,CAM-3,3,JJA7437,FL,GOV,JJA7437,CA,GOV,0.793910,0.677076,0.468159,0.800000,0.800000,0.800000,review,review,correct,0
s0-c3-877,CAM-3,3,BID2709,TX,TRAILER,BID2709,TX,TEMP,0.743827,0.505900,0.209901,0.800000,0.800000,0.800000,review,review,correct,0
s0-c3-878,CAM-3,3,KVS8070,NV,GOV,KVS8070,AZ,GOV,0.686080,0.617746,0.747068,0.800000,0.800000,0.800000,review,review,correct,0
s0-c3-879,CAM-3,3,NWT0390,OK,TRAILER,5WT0390,AZ,GOV,0.453224,0.513014,0.686071,0.800000,0.800000,0.800000,review,review,correct,0
s0-c3-880,CAM-3,3,RIP8763,NM,COMMERCIAL,RZP8763,FL,TEMP,0.457506,0.365881,0.728208,0.800000,0.800000,0.800000,review,review,correct,0
s0-c3-881,CAM-3,3,WUV2102,OK,COMMERCIAL,WUV2102,CA,GOV,0.650538,0.523687,0.517452,0.800000,0.800000,0.800000,review,review,correct,0
s0-c3-882,CAM-3,3,EZQ3632,NM,GOV,EQQ3632,CA,PASSENGER,0.396618,0.595563,0.570360,0.800000,0.800000,0.800000,review,review,correct,0
s0-c3-883,CAM-3,3,QWG3779,CO,GOV,QWGD779,CO,GOV,0.409881,0.368245,0.318597,0.800000,0.800000,0.800000,review,review,correct,0
s0-c3-884,CAM-3,3,YGD1439,OK,TEMP,YGD143L,FL,TEMP,0.653379,0.233950,0.352717,0.800000,0.800000,0.800000,review,review,correct,0
s0-c3-885,CAM-3,3,IHL7843,CO,TEMP,I5L7843,CA,PASSENGER,0.711028,0.547998,0.544236,0.800000,0.800000,0.800000,review,review,correct,0
s0-c3-886,CAM-3,3,BER1409,CO,GOV,BER1409,CO,COMMERCIAL,0.737137,0.734024,0.384036,0.800000,0.800000,0.800000,review,review,correct,0
s0-c3-887,CAM-3,3,YXL5450,AZ,COMMERCIAL,YXL5490,FL,COMMERCIAL,0.362837,0.604898,0.562486,0.800000,0.800000,0.800000,review,review,correct,0
s0-c3-888,CAM-3,3,FNM8001,AZ,TRAILER,FNM8001,OK,COMMERCIAL,0.580603,0.614324,0.332374,0.800000,0.800000,0.800000,review,review,correct,0
s0-c3-889,CAM-3,3,EVE8998,AZ,TEMP,EVE8A98,NV,TEMP,0.229501,0.549755,0.482935,0.800000,0.800000,0.800000,review,review,correct,0
s0-c3-890,CAM-3,3,MAH6723,AZ,PASSENGER,MAH67A3,OK,PASSENGER,0.521443,0.504079,0.570362,0.800000,0.800000,0.800000,review,review,correct,0
s0-c3-891,CAM-3,3,TEP8522,TX,TRAILER,TEP8522,OK,TEMP,0.695988,0.466097,0.716818,0.800000,0.800000,0.800000,review,review,correct,0
s0-c3-892,CAM-3,3,UWL9740,NM,TEMP,UHL9740,CO,TEMP,0.794569,0.656807,0.629018,0.800000,0.800000,0.800000,review,review,correct,0
s0-c3-893,CAM-3,3,MWN9575,OK,PASSENGER,MWN9575,CO,TEMP,0.533108,0.480391,0.643164,0.800000,0.800000,0.800000,review,review,correct,0
s0-c3-894,CAM-3,3,BQP0935,OK,COMMERCIAL,BQP0935,OK,COMMERCIAL,0.594590,0.279097,0.559310,0.800000,0.800000,0.800000,review,review,type2,1
s0-c3-895,CAM-3,3,UIC1723,OK,TRAILER,UIC1723,AZ,TRAILER,0.618454,0.533741,0.708821,0.800000,0.800000,0.800000,review,review,correct,0
s0-c3-896,CAM-3,3,MVI0109,NV,TRAILER,PVI0109,CO,TRAILER,0.771596,0.532027,0.640294,0.800000,0.800000,0.800000,review,review,correct,0
s0-c3-897,CAM-3,3,RVP5974,FL,COMMERCIAL,RVP5974,FL,COMMERCIAL,0.641464,0.637399,0.606554,0.800000,0.800000,0.800000,review,review,type2,1
s0-c3-898,CAM-3,3,EBV6914,NM,COMMERCIAL,EBV69K4,OK,TRAILER,0.827689,0.308869,0.418688,0.800000,0.800000,0.800000,review,review,correct,0
s0-c3-899,CAM-3,3,LQW3077,CO,COMMERCIAL,LQW3077,CO,TEMP,0.747307,0.584271,0.622325,0.800000,0.800000,0.800000,review,review,correct,0
s0-c3-900,CAM-3,3,NDZ4941,CO,PASSENGER,NDZ4941,CO,PASSENGER,0.569930,0.591724,0.439621,0.800000,0.800000,0.800000,review,review,type2,1
s0-c3-901,CAM-3,3,LUV2085,CO,GOV,L6V2085,TX,GOV,0.602246,0.455112,0.296852,0.800000,0.800000,0.800000,review,review,correct,0
s0-c3-902,CAM-3,3,TFD7202,NM,GOV,TFD7202,TX,TEMP,0.753137,0.516696,0.492136,0.800000,0.800000,0.800000,review,review,correct,0
s0-c3-903,CAM-3,3,BNF0636,OK,TRAILER,BNF0636,TX,TEMP,0.748688,0.539793,0.288450,0.800000,0.800000,0.800000,review,review,correct,0
s0-c3-904,CAM-3,3,CCU3450,TX,TEMP,CCU3430,TX,TEMP,0.427707,0.666338,0.453845,0.800000,0.800000,0.800000,review,review,correct,0
s0-c3-905,CAM-3,3,ZGK9406,CA,GOV,ZGK9406,NV,GOV,0.827531,0.429835,0.722514,0.800000,0.800000,0.800000,review,review,correct,0
s0-c3-906,CAM-3,3,NKX1391,AZ,TRAILER,NKX1391,CA,COMMERCIAL,0.668022,0.278995,0.168805,0.800000,0.800000,0.800000,review,review,correct,0
s0-c3-907,CAM-3,3,HTB7578,NV,TRAILER,7TB7578,AZ,TEMP,0.768111,0.664548,0.305439,0.800000,0.800000,0.800000,review,review,correct,0
s0-c3-908,CAM-3,3,JYV1766,AZ,COMMERCIAL,JYG1766,AZ,TEMP,0.696911,0.520615,0.656300,0.800000,0.800000,0.800000,review,review,correct,0
s0-c3-909,CAM-3,3,YXZ0915,NV,COMMERCIAL,YXZ09M5,NV,COMMERCIAL,0.155019,0.621240,0.634755,0.800000,0.800000,0.800000,review,review,correct,0
s0-c3-910,CAM-3,3,VKZ1897,NM,GOV,VKZ1897,NM,GOV,0.764768,0.467671,0.603854,0.800000,0.800000,0.800000,review,review,type2,1
s0-c3-911,CAM-3,3,XZW2010,FL,COMMERCIAL,X5W2010,FL,COMMERCIAL,0.548551,0.638898,0.783496,0.800000,0.800000,0.800000,review,review,correct,0
s0-c3-912,CAM-3,3,STG2106,NV,PASSENGER,SHG2106,NV,TEMP,0.646134,0.734540,0.554981,0.800000,0.800000,0.800000,review,review,correct,0
s0-c3-913,CAM-3,3,XWD7315,CO,PASSENGER,XWD7315,CO,PASSENGER,0.734575,0.714502,0.408304,0.800000,0.800000,0.800000,review,review,type2,1
s0-c3-914,CAM-3,3,JOT5957,CO,TEMP,JOT5957,CO,GOV,0.684666,0.817273,0.298585,0.800000,0.800000,0.800000,review,review,correct,0
s0-c3-915,CAM-3,3,EBP8928,CA,COMMERCIAL,EBP8928,CA,GOV,0.871029,0.486717,0.228115,0.800000,0.800000,0.800000,review,review,correct,0
s0-c3-916,CAM-3,3,CBZ0084,CO,TEMP,CBZ0484,CO,TEMP,0.636455,0.792497,0.392696,0.800000,0.800000,0.800000,review,review,correct,0
s0-c3-917,CAM-3,3,ESQ2403,FL,TEMP,ESQ2453,CA,COMMERCIAL,0.826683,0.698348,0.723040,0.800000,0.800000,0.800000,review,review,correct,0
s0-c3-918,CAM-3,3,GZP5632,OK,TRAILER,GZP5632,NV,TRAILER,0.731839,0.523913,0.470988,0.800000,0.800000,0.800000,review,review,correct,0
s0-c3-919,CAM-3,3,FRK2566,NV,PASSENGER,FRK2566,NV,PASSENGER,0.775156,0.581142,0.276995,0.800000,0.800000,0.800000,review,review,type2,1
s0-c3-920,CAM-3,3,WFA6693,NV,COMMERCIAL,WFK6693,TX,COMMERCIAL,0.749364,0.695985,0.496265,0.800000,0.800000,0.800000,review,review,correct,0
s0-c3-921,CAM-3,3,BWU4441,CA,TEMP,BWU4441,CA,TEMP,0.440667,0.720525,0.456370,0.800000,0.800000,0.800000,review,review,type2,1
s0-c3-922,CAM-3,3,WYQ6039,CO,GOV,WYQ6039,CO,COMMERCIAL,0.664407,0.694024,0.414470,0.800000,0.800000,0.800000,review,review,correct,0
s0-c3-923,CAM-3,3,ORN3483,AZ,TRAILER,ORN3K83,NM,COMMERCIAL,0.580111,0.653137,0.166252,0.800000,0.800000,0.800000,review,review,correct,0
s0-c3-924,CAM-3,3,DVK8487,CA,TEMP,DVKU487,NM,TEMP,0.343252,0.687490,0.744729,0.800000,0.800000,0.800000,review,review,correct,0
s0-c3-925,CAM-3,3,QFZ4291,TX,TEMP,QFZ4291,NV,GOV,0.558991,0.582723,0.493117,0.800000,0.800000,0.800000,review,review,correct,0
s0-c3-926,CAM-3,3,TQC6327,CO,TRAILER,TQC6327,NM,PASSENGER,0.844546,0.581940,0.808193,0.800000,0.800000,0.800000,review,review,correct,0
s0-c3-927,CAM-3,3,FCV7906,CA,PASSENGER,FCV79J6,CA,PASSENGER,0.449774,0.793940,0.703875,0.800000,0.800000,0.800000,review,review,correct,0
s0-c3-928,CAM-3,3,UZF3475,OK,COMMERCIAL,UZF3475,TX,TRAILER,0.793027,0.776077,0.835263,0.800000,0.800000,0.800000,review,review,correct,0
s0-c3-929,CAM-3,3,EUJ2446,AZ,TEMP,EUJ2446,AZ,TRAILER,0.741627,0.704049,0.407669,0.800000,0.800000,0.800000,review,review,correct,0
s0-c3-930,CAM-3,3,LAD8418,TX,PASSENGER,LAD8F18,TX,PASSENGER,0.243451,0.653077,0.503472,0.800000,0.800000,0.800000,review,review,correct,0
s0-c3-931,CAM-3,3,XVG5607,AZ,GOV,XVG5607,AZ,GOV,0.624567,0.747415,0.544338,0.800000,0.800000,0.800000,review,review,type2,1
s0-c3-932,CAM-3,3,JAC1015,OK,TEMP,JAC1015,OK,TEMP,0.627426,0.753211,0.498264,0.800000,0.800000,0.800000,review,review,type2,1
s0-c3-933,CAM-3,3,LUL5456,CO,PASSENGER,LML5456,CO,PASSENGER,0.205505,0.804142,0.467466,0.800000,0.800000,0.800000,review,review,correct,0
s0-c3-934,CAM-3,3,AOM1223,AZ,GOV,HOM1223,AZ,GOV,0.357867,0.760954,0.716764,0.800000,0.800000,0.800000,review,review,correct,0
s0-c3-935,CAM-3,3,MXT4560,NV,PASSENGER,GXT4560,FL,PASSENGER,0.278451,0.404320,0.713951,0.800000,0.800000,0.800000,review,review,correct,0
s0-c3-936,CAM-3,3,SMJ8737,AZ,PASSENGER,SMJ8737,CA,TRAILER,0.489623,0.124678,0.529714,0.800000,0.800000,0.800000,review,review,correct,0
s0-c3-937,CAM-3,3,ESH6769,TX,TRAILER,ESH676R,TX,TRAILER,0.673391,0.349403,0.453559,0.800000,0.800000,0.800000,review,review,correct,0
s0-c3-938,CAM-3,3,KGZ1454,CO,TEMP,KGZ145K,OK,TEMP,0.814832,0.570489,0.605362,0.800000,0.800000,0.800000,review,review,correct,0
s0-c3-939,CAM-3,3,QDK1446,OK,TRAILER,QDK14H6,OK,TEMP,0.405361,0.371867,0.456766,0.800000,0.800000,0.800000,review,review,correct,0
s0-c3-940,CAM-3,3,OQQ0680,OK,TRAILER,OQQ0680,AZ,PASSENGER,0.460420,0.261507,0.432421,0.800000,0.800000,0.800000,review,review,correct,0
s0-c3-941,CAM-3,3,IKH1007,FL,TRAILER,IKH1007,AZ,TRAILER,0.551399,0.129931,0.755848,0.800000,0.800000,0.800000,review,review,correct,0
s0-c3-942,CAM-3,3,PXV4545,TX,COMMERCIAL,AXV4545,AZ,PASSENGER,0.389721,0.675191,0.652076,0.800000,0.800000,0.800000,review,review,correct,0
s0-c3-943,CAM-3,3,PZZ0883,TX,GOV,PZZ0883,FL,PASSENGER,0.717258,0.732419,0.358316,0.800000,0.800000,0.800000,review,review,correct,0
s0-c3-944,CAM-3,3,NTC0539,TX,TEMP,NTC0539,TX,TEMP,0.782864,0.759186,0.466218,0.800000,0.800000,0.800000,review,review,type2,1
s0-c3-945,CAM-3,3,OQQ8861,FL,GOV,OQQ8861,FL,GOV,0.783344,0.706799,0.512618,0.800000,0.800000,0.800000,review,review,type2,1
s0-c3-946,CAM-3,3,UFI2328,NM,GOV,UFI2328,NV,GOV,0.864980,0.224739,0.355673,0.800000,0.800000,0.800000,review,review,correct,0
s0-c3-947,CAM-3,3,QZX6082,OK,COMMERCIAL,QZX6082,OK,PASSENGER,0.615280,0.587350,0.665669,0.800000,0.800000,0.800000,review,review,correct,0
s0-c3-948,CAM-3,3,VRX5379,NV,COMMERCIAL,VRX5379,CO,TRAILER,0.500187,0.511370,0.373604,0.800000,0.800000,0.800000,review,review,correct,0
s0-c3-949,CAM-3,3,LOX7059,TX,TEMP,LOX7059,CA,TEMP,0.637708,0.743741,0.638809,0.800000,0.800000,0.800000,review,review,correct,0
s0-c3-950,CAM-3,3,RUD8698,OK,GOV,RUD8698,OK,GOV,0.686565,0.606680,0.674015,0.800000,0.800000,0.800000,review,review,type2,1
s0-c3-951,CAM-3,3,BJF4077,AZ,COMMERCIAL,BJF4077,AZ,COMMERCIAL,0.820833,0.719944,0.681012,0.800000,0.800000,0.800000,review,review,type2,1
s0-c3-952,CAM-3,3,ZTD9668,FL,GOV,ZTD9668,TX,COMMERCIAL,0.615219,0.222482,0.513516,0.800000,0.800000,0.800000,review,review,correct,0
s0-c3-953,CAM-3,3,CHX0744,FL,TRAILER,CHX0744,TX,COMMERCIAL,0.714798,0.176510,0.359264,0.800000,0.800000,0.800000,review,review,correct,0
s0-c3-954,CAM-3,3,PWO2702,AZ,GOV,PCO2702,AZ,PASSENGER,0.528951,0.578256,0.312710,0.800000,0.800000,0.800000,review,review,correct,0
s0-c3-955,CAM-3,3,DUD9434,FL,PASSENGER,DUD9434,CA,PASSENGER,0.731277,0.541813,0.627791,0.800000,0.800000,0.800000,review,review,correct,0
s0-c3-956,CAM-3,3,DMG6839,TX,TRAILER,DMG6839,OK,COMMERCIAL,0.636777,0.575006,0.115911,0.800000,0.800000,0.800000,review,review,correct,0
s0-c3-957,CAM-3,3,MCP3776,NV,TRAILER,MCZ3776,OK,TRAILER,0.543472,0.718044,0.493292,0.800000,0.800000,0.800000,review,review,correct,0
s0-c3-958,CAM-3,3,FKG8943,OK,TRAILER,FKG8943,OK,TEMP,0.549504,0.663890,0.533083,0.800000,0.800000,0.800000,review,review,correct,0
s0-c3-959,CAM-3,3,NYI5222,OK,TEMP,NYI5222,OK,COMMERCIAL,0.870795,0.655292,0.627304,0.800000,0.800000,0.800000,review,review,correct,0
s0-c3-960,CAM-3,3,GGL8466,OK,COMMERCIAL,GGL8466,FL,GOV,0.778841,0.610170,0.636914,0.800000,0.800000,0.800000,review,review,correct,0
s0-c3-961,CAM-3,3,QKH3017,CA,TEMP,QKH3M17,CA,TEMP,0.600400,0.410751,0.416111,0.800000,0.800000,0.800000,review,review,correct,0
s0-c3-962,CAM-3,3,ZNA3291,OK,TEMP,ZNA3V91,TX,COMMERCIAL,0.307276,0.299804,0.635952,0.800000,0.800000,0.800000,review,review,correct,0
s0-c3-963,CAM-3,3,GLY1416,CA,TEMP,GLY1416,CA,TRAILER,0.553705,0.695211,0.078088,0.800000,0.800000,0.800000,review,review,correct,0
s0-c3-964,CAM-3,3,ZXZ8281,CO,TEMP,ZXZ8281,CO,TEMP,0.648746,0.607188,0.424984,0.800000,0.800000,0.800000,review,review,type2,1
s0-c3-965,CAM-3,3,XJQ1529,FL,COMMERCIAL,XJQ15W9,AZ,COMMERCIAL,0.807217,0.466781,0.432780,0.800000,0.800000,0.800000,review,review,correct,0
s0-c3-966,CAM-3,3,XLA5048,OK,TEMP,XLA5048,TX,TEMP,0.648268,0.368188,0.719783,0.800000,0.800000,0.800000,review,review,correct,0
s0-c3-967,CAM-3,3,NRV6307,CO,GOV,NRV6307,NV,GOV,0.324178,0.491739,0.704753,0.800000,0.800000,0.800000,review,review,correct,0
s0-c3-968,CAM-3,3,PIF4933,NM,TRAILER,PIF4933,FL,GOV,0.661862,0.677171,0.343750,0.800000,0.800000,0.800000,review,review,correct,0
s0-c3-969,CAM-3,3,AAB3342,AZ,PASSENGER,AAB3342,AZ,PASSENGER,0.599693,0.838847,0.646490,0.800000,0.800000,0.800000,review,review,type2,1
s0-c3-970,CAM-3,3,IIA6190,AZ,TEMP,IIA6190,OK,TEMP,0.759576,0.248250,0.671658,0.800000,0.800000,0.800000,review,review,correct,0
s0-c3-971,CAM-3,3,GRG1069,TX,TEMP,G2G1069,NV,PASSENGER,0.558452,0.631032,0.469322,0.800000,0.800000,0.800000,review,review,correct,0
s0-c3-972,CAM-3,3,OFF9055,TX,TEMP,OFF9055,TX,COMMERCIAL,0.681782,0.716312,0.418853,0.800000,0.800000,0.800000,review,review,correct,0
s0-c3-973,CAM-3,3,QTP2485,FL,TRAILER,QTPU485,FL,PASSENGER,0.451121,0.528549,0.369183,0.800000,0.800000,0.800000,review,review,correct,0
s0-c3-974,CAM-3,3,GOS4919,FL,TEMP,5OS4919,NM,TEMP,0.729268,0.481765,0.438362,0.800000,0.800000,0.800000,review,review,correct,0
s0-c3-975,CAM-3,3,WKU8806,NM,TRAILER,WKU8806,NV,TRAILER,0.316362,0.505143,0.779733,0.800000,0.800000,0.800000,review,review,correct,0
s0-c3-976,CAM-3,3,XKL5260,TX,GOV,XKL5260,CA,PASSENGER,0.592180,0.519549,0.323006,0.800000,0.800000,0.800000,review,review,correct,0
s0-c3-977,CAM-3,3,FTP4163,CO,GOV,7TP4163,AZ,GOV,0.732092,0.498034,0.606829,0.800000,0.800000,0.800000,review,review,correct,0
s0-c3-978,CAM-3,3,ERE1387,CO,COMMERCIAL,ERE1387,CO,COMMERCIAL,0.624494,0.821125,0.708673,0.800000,0.800000,0.800000,review,review,type2,1
s0-c3-979,CAM-3,3,WCT4213,TX,TEMP,WCT4213,NV,GOV,0.531376,0.529057,0.592385,0.800000,0.800000,0.800000,review,review,correct,0
s0-c3-980,CAM-3,3,BBM9397,CO,TRAILER,BBM9397,NM,GOV,0.745189,0.473681,0.552117,0.800000,0.800000,0.800000,review,review,correct,0
s0-c3-981,CAM-3,3,YWO0888,NV,TRAILER,YWO0888,NV,TRAILER,0.651069,0.425356,0.618008,0.800000,0.800000,0.800000,review,review,type2,1
s0-c3-982,CAM-3,3,YJP9812,NM,GOV,YRP9812,TX,GOV,0.650515,0.371949,0.635702,0.800000,0.800000,0.800000,review,review,correct,0
s0-c3-983,CAM-3,3,MFN4319,NM,PASSENGER,MFN4319,NM,GOV,0.711672,0.608127,0.287786,0.800000,0.800000,0.800000,review,review,correct,0
s0-c3-984,CAM-3,3,KEB2138,NM,GOV,KEB2138,AZ,GOV,0.569114,0.371614,0.473179,0.800000,0.800000,0.800000,review,review,correct,0
s0-c3-985,CAM-3,3,DAQ2282,CA,GOV,DAQ22V2,NV,GOV,0.416722,0.391165,0.491037,0.800000,0.800000,0.800000,review,review,correct,0
s0-c3-986,CAM-3,3,YBZ6521,NM,GOV,YBZ6521,FL,GOV,0.928053,0.520922,0.623803,0.800000,0.800000,0.800000,review,review,correct,0
s0-c3-987,CAM-3,3,WLC0370,NM,GOV,WLY0370,NM,GOV,0.565148,0.786780,0.228807,0.800000,0.800000,0.800000,review,review,correct,0
s0-c3-988,CAM-3,3,UZV4227,AZ,PASSENGER,UZV4227,CA,PASSENGER,0.802858,0.721394,0.783993,0.800000,0.800000,0.800000,review,review,correct,0
s0-c3-989,CAM-3,3,PDE3282,NV,TRAILER,PDE3282,NV,COMMERCIAL,0.763988,0.674760,0.318932,0.800000,0.800000,0.800000,review,review,correct,0
s0-c3-990,CAM-3,3,PZW4888,OK,GOV,PZW4888,OK,GOV,0.605618,0.716140,0.486858,0.800000,0.800000,0.800000,review,review,type2,1
s0-c3-991,CAM-3,3,WON5692,CA,PASSENGER,WON5692,CA,PASSENGER,0.498586,0.398357,0.513089,0.800000,0.800000,0.800000,review,review,type2,1
s0-c3-992,CAM-3,3,JNL2979,OK,GOV,JNL2979,OK,PASSENGER,0.880405,0.589667,0.640836,0.800000,0.800000,0.800000,review,review,correct,0
s0-c3-993,CAM-3,3,TPA6298,CO,TEMP,TPA6298,NM,PASSENGER,0.635909,0.804347,0.568181,0.800000,0.800000,0.800000,review,review,correct,0
s0-c3-994,CAM-3,3,KVZ6543,OK,GOV,KVZ6543,TX,COMMERCIAL,0.762052,0.429506,0.572743,0.800000,0.800000,0.800000,review,review,correct,0
s0-c3-995,CAM-3,3,GGR7117,NM,TRAILER,GGR7117,NM,PASSENGER,0.621458,0.771710,0.395577,0.800000,0.800000,0.800000,review,review,correct,0
s0-c3-996,CAM-3,3,FKZ9397,FL,TRAILER,FKZ9397,FL,TRAILER,0.609485,0.715382,0.583502,0.800000,0.800000,0.800000,review,review,type2,1
s0-c3-997,CAM-3,3,WEM5254,FL,COMMERCIAL,WEM5254,AZ,PASSENGER,0.751437,0.689165,0.660100,0.800000,0.800000,0.800000,review,review,correct,0
s0-c3-998,CAM-3,3,TVY2490,TX,COMMERCIAL,TVY2490,NV,COMMERCIAL,0.838365,0.545966,0.596865,0.800000,0.800000,0.800000,review,review,correct,0
s0-c3-999,CAM-3,3,CLM6587,NV,TEMP,CLM6587,NV,GOV,0.629412,0.618357,0.694589,0.800000,0.800000,0.800000,review,review,correct,0
s0-c3-1000,CAM-3,3,BXU7674,AZ,GOV,8XU7674,AZ,GOV,0.374042,0.698016,0.769572,0.800000,0.800000,0.800000,review,review,correct,0
s0-c3-1001,CAM-3,3,OKE0681,TX,COMMERCIAL,OKE0681,CA,TRAILER,0.452745,0.575462,0.451562,0.800000,0.800000,0.800000,review,review,correct,0
s0-c3-1002,CAM-3,3,SHO9119,TX,COMMERCIAL,SHO9119,AZ,TEMP,0.709547,0.634149,0.396273,0.800000,0.800000,0.800000,review,review,correct,0
s0-c3-1003,CAM-3,3,KZE1935,FL,TEMP,KZE1935,FL,TEMP,0.734300,0.634136,0.639137,0.800000,0.800000,0.800000,review,review,type2,1
s0-c3-1004,CAM-3,3,TAT1419,AZ,PASSENGER,T4T1419,OK,PASSENGER,0.665180,0.564664,0.707681,0.800000,0.800000,0.800000,review,review,correct,0
s0-c3-1005,CAM-3,3,YGC6591,NM,COMMERCIAL,YGC6591,NM,COMMERCIAL,0.624660,0.813019,0.445977,0.800000,0.800000,0.800000,review,review,type2,1
s0-c3-1006,CAM-3,3,NCV3334,OK,PASSENGER,NCV3Z34,OK,PASSENGER,0.452597,0.567694,0.501055,0.800000,0.800000,0.800000,review,review,correct,0
s0-c3-1007,CAM-3,3,ODH1477,CO,TEMP,ODH14V7,CO,TEMP,0.496060,0.631147,0.462913,0.800000,0.800000,0.800000,review,review,correct,0
s0-c3-1008,CAM-3,3,HKQ3931,FL,TRAILER,BKQ3931,TX,TRAILER,0.312065,0.667006,0.637004,0.800000,0.800000,0.800000,review,review,correct,0
s0-c3-1009,CAM-3,3,GIH9510,OK,TRAILER,GTH9510,OK,TRAILER,0.647858,0.457247,0.724860,0.800000,0.800000,0.800000,review,review,correct,0
s0-c3-1010,CAM-3,3,ZGW1812,NV,GOV,ZGW1812,FL,GOV,0.785800,0.538780,0.466096,0.800000,0.800000,0.800000,review,review,correct,0
s0-c3-1011,CAM-3,3,NFI9647,AZ,TEMP,NFI9647,AZ,TEMP,0.769361,0.761908,0.755289,0.800000,0.800000,0.800000,review,review,type2,1
s0-c3-1012,CAM-3,3,YRO0659,AZ,TEMP,YRO0559,AZ,TEMP,0.619367,0.698099,0.326654,0.800000,0.800000,0.800000,review,review,correct,0
s0-c3-1013,CAM-3,3,QNO1916,OK,TEMP,QNO1916,OK,TEMP,0.801159,0.632588,0.180350,0.800000,0.800000,0.800000,review,review,type2,1
s0-c3-1014,CAM-3,3,CQP5687,CO,PASSENGER,CQP5687,CO,PASSENGER,0.839270,0.816303,0.708545,0.800000,0.800000,0.800000,review,review,type2,1
s0-c3-1015,CAM-3,3,PUR8330,TX,GOV,PUR8330,TX,PASSENGER,0.569103,0.595784,0.676719,0.800000,0.800000,0.800000,review,review,correct,0
s0-c3-1016,CAM-3,3,HZL6879,FL,TEMP,HZLH879,FL,PASSENGER,0.682151,0.475106,0.697095,0.800000,0.800000,0.800000,review,review,correct,0
s0-c3-1017,CAM-3,3,LCQ4677,TX,TEMP,LCQ4677,TX,TRAILER,0.760259,0.485856,0.577645,0.800000,0.800000,0.800000,review,review,correct,0
s0-c3-1018,CAM-3,3,FGL4224,NM,PASSENGER,FGL4224,NM,GOV,0.623469,0.666214,0.714222,0.800000,0.800000,0.800000,review,review,correct,0
s0-c3-1019,CAM-3,3,CSF2853,AZ,COMMERCIAL,CSF2853,AZ,COMMERCIAL,0.584573,0.764865,0.693675,0.800000,0.800000,0.800000,review,review,type2,1
s0-c3-1020,CAM-3,3,FDF8670,NV,GOV,FDF8670,NV,PASSENGER,0.857514,0.710274,0.363965,0.800000,0.800000,0.800000,review,review,correct,0
s0-c3-1021,CAM-3,3,QIV9071,TX,COMMERCIAL,QIV9091,TX,COMMERCIAL,0.701093,0.442991,0.377271,0.800000,0.800000,0.800000,review,review,correct,0
s0-c3-1022,CAM-3,3,BKI9606,CO,TEMP,BKIN606,AZ,PASSENGER,0.638649,0.424312,0.393220,0.800000,0.800000,0.800000,review,review,correct,0
s0-c3-1023,CAM-3,3,NRZ7306,CA,GOV,NRZ7306,AZ,GOV,0.756816,0.278307,0.636826,0.800000,0.800000,0.800000,review,review,correct,0
s0-c3-1024,CAM-3,3,IAR0289,CA,TEMP,IAR0289,CA,PASSENGER,0.378584,0.768592,0.739901,0.800000,0.800000,0.800000,review,review,correct,0
s0-c3-1025,CAM-3,3,YCW9833,NM,COMMERCIAL,YCW9833,NM,TEMP,0.738303,0.570848,0.580418,0.800000,0.800000,0.800000,review,review,correct,0
s0-c3-1026,CAM-3,3,WOP5944,CO,PASSENGER,WO75944,CO,PASSENGER,0.800016,0.388484,0.589006,0.800000,0.800000,0.800000,review,review,correct,0
s0-c3-1027,CAM-3,3,TXF4476,OK,TRAILER,TXFO476,OK,TRAILER,0.429707,0.646429,0.577484,0.800000,0.800000,0.800000,review,review,correct,0
s0-c3-1028,CAM-3,3,QYA7722,TX,TRAILER,QYA7722,TX,TEMP,0.770104,0.612622,0.371206,0.800000,0.800000,0.800000,review,review,correct,0
s0-c3-1029,CAM-3,3,WNF2256,OK,COMMERCIAL,WNF2256,CO,GOV,0.850611,0.369628,0.553553,0.800000,0.800000,0.800000,review,review,correct,0
s0-c3-1030,CAM-3,3,UNR6973,TX,PASSENGER,UNR6973,NM,PASSENGER,0.517550,0.382198,0.506170,0.800000,0.800000,0.800000,review,review,correct,0
s0-c3-1031,CAM-3,3,FUD3817,NV,PASSENGER,FUD3T17,NV,PASSENGER,0.512063,0.566411,0.554824,0.800000,0.800000,0.800000,review,review,correct,0
s0-c3-1032,CAM-3,3,TRI4322,CO,COMMERCIAL,TRI4322,OK,TEMP,0.853287,0.365057,0.386022,0.800000,0.800000,0.800000,review,review,correct,0
s0-c3-1033,CAM-3,3,JJN5625,AZ,PASSENGER,JJN562J,AZ,PASSENGER,0.442106,0.767989,0.491059,0.800000,0.800000,0.800000,review,review,correct,0
s0-c3-1034,CAM-3,3,QXE5730,FL,PASSENGER,QXE5730,FL,PASSENGER,0.378558,0.652779,0.635879,0.800000,0.800000,0.800000,review,review,type2,1
s0-c3-1035,CAM-3,3,UEK9080,AZ,TEMP,UEK9080,CO,TEMP,0.519343,0.722031,0.713052,0.800000,0.800000,0.800000,review,review,correct,0
s0-c3-1036,CAM-3,3,DGU4758,CO,TRAILER,TGU4758,CO,TRAILER,0.706073,0.294818,0.418501,0.800000,0.800000,0.800000,review,review,correct,0
s0-c3-1037,CAM-3,3,BKQ8204,CA,COMMERCIAL,BKD8204,CA,TEMP,0.413614,0.711795,0.710175,0.800000,0.800000,0.800000,review,review,correct,0
s0-c3-1038,CAM-3,3,JHR3937,AZ,COMMERCIAL,JHR3937,FL,COMMERCIAL,0.828001,0.542439,0.668642,0.800000,0.800000,0.800000,review,review,correct,0
s0-c3-1039,CAM-3,3,WZE3100,AZ,COMMERCIAL,WZE3100,AZ,COMMERCIAL,0.711503,0.591125,0.562343,0.800000,0.800000,0.800000,review,review,type2,1
s0-c3-1040,CAM-3,3,SGD7445,TX,TEMP,SGD7445,TX,TEMP,0.605436,0.644004,0.309012,0.800000,0.800000,0.800000,review,review,type2,1
s0-c3-1041,CAM-3,3,GVZ7248,FL,GOV,GVZ7248,FL,GOV,0.315243,0.805660,0.422920,0.800000,0.800000,0.800000,review,review,type2,1
s0-c3-1042,CAM-3,3,AAJ4165,NM,TRAILER,AAJ4165,NM,TRAILER,0.408600,0.723915,0.294581,0.800000,0.800000,0.800000,review,review,type2,1
s0-c3-1043,CAM-3,3,RNV2217,NM,PASSENGER,RNV22E7,AZ,COMMERCIAL,0.685683,0.636290,0.617512,0.800000,0.800000,0.800000,review,review,correct,0
s0-c3-1044,CAM-3,3,JTC0453,OK,TEMP,J3C0453,OK,TEMP,0.295448,0.684598,0.682849,0.800000,0.800000,0.800000,review,review,correct,0
s0-c3-1045,CAM-3,3,NPD4551,FL,TRAILER,NPD45H1,NM,COMMERCIAL,0.777745,0.239719,0.614362,0.800000,0.800000,0.800000,review,review,correct,0
s0-c3-1046,CAM-3,3,PLQ6279,FL,PASSENGER,PLQ6Y79,FL,GOV,0.308400,0.590525,0.468060,0.800000,0.800000,0.800000,review,review,correct,0
s0-c3-1047,CAM-3,3,WVC4705,NM,TEMP,WVCX705,NM,TRAILER,0.431637,0.408531,0.586727,0.800000,0.800000,0.800000,review,review,correct,0
s0-c3-1048,CAM-3,3,CPH4988,CA,TRAILER,CPH4988,NV,TRAILER,0.745113,0.508509,0.721512,0.800000,0.800000,0.800000,review,review,correct,0
s0-c3-1049,CAM-3,3,UPG6290,FL,TEMP,UPG6290,TX,TEMP,0.616210,0.563177,0.605904,0.800000,0.800000,0.800000,review,review,correct,0
s0-c3-1050,CAM-3,3,VFN8337,CA,TRAILER,VFN8337,NM,TRAILER,0.798772,0.433695,0.361164,0.800000,0.800000,0.800000,review,review,correct,0
s0-c3-1051,CAM-3,3,PPM0112,FL,PASSENGER,PPM0112,NV,GOV,0.672955,0.363552,0.318328,0.800000,0.800000,0.800000,review,review,correct,0
s0-c3-1052,CAM-3,3,VYS0296,CO,TEMP,VY20296,CO,TEMP,0.650135,0.780371,0.678988,0.800000,0.800000,0.800000,review,review,correct,0
s0-c3-1053,CAM-3,3,DAA4730,CA,TEMP,DAA4730,OK,TEMP,0.619341,0.670574,0.632776,0.800000,0.800000,0.800000,review,review,correct,0
s0-c3-1054,CAM-3,3,QHR5448,CA,TEMP,QHR5448,CA,TEMP,0.605791,0.670739,0.706521,0.800000,0.800000,0.800000,review,review,type2,1
s0-c3-1055,CAM-3,3,YNW1971,FL,TRAILER,YNW1971,FL,GOV,0.806872,0.793727,0.658898,0.800000,0.800000,0.800000,review,review,correct,0
s0-c3-1056,CAM-3,3,DGR3402,NV,TEMP,DGR34G2,AZ,TEMP,0.593411,0.564888,0.715534,0.800000,0.800000,0.800000,review,review,correct,0
s0-c3-1057,CAM-3,3,LBY7073,TX,PASSENGER,LBY7073,TX,PASSENGER,0.779104,0.692155,0.546928,0.800000,0.800000,0.800000,review,review,type2,1
s0-c3-1058,CAM-3,3,TDM2852,NM,TRAILER,TDM2852,FL,COMMERCIAL,0.738014,0.759629,0.534794,0.800000,0.800000,0.800000,review,review,correct,0
s0-c3-1059,CAM-3,3,MOO9038,OK,TRAILER,M7O9038,OK,TRAILER,0.506053,0.731614,0.606940,0.800000,0.800000,0.800000,review,review,correct,0
s0-c3-1060,CAM-3,3,WDB3268,FL,COMMERCIAL,WDB326C,FL,GOV,0.768367,0.346835,0.296294,0.800000,0.800000,0.800000,review,review,correct,0
s0-c3-1061,CAM-3,3,DGO0566,AZ,COMMERCIAL,DGO0566,AZ,TRAILER,0.779814,0.403149,0.424559,0.800000,0.800000,0.800000,review,review,correct,0
s0-c3-1062,CAM-3,3,URV0221,OK,TRAILER,URV0221,OK,TRAILER,0.463002,0.486619,0.664072,0.800000,0.800000,0.800000,review,review,type2,1
s0-c3-1063,CAM-3,3,KOM7134,CA,COMMERCIAL,KOM7134,CA,GOV,0.238952,0.591516,0.557454,0.800000,0.800000,0.800000,review,review,correct,0
s0-c3-1064,CAM-3,3,JDE1224,NV,TRAILER,JDE1224,NV,PASSENGER,0.683417,0.514216,0.668350,0.800000,0.800000,0.800000,review,review,correct,0
s0-c3-1065,CAM-3,3,QJG5193,NV,COMMERCIAL,QJG5193,FL,COMMERCIAL,0.683188,0.252381,0.786073,0.800000,0.800000,0.800000,review,review,correct,0
s0-c3-1066,CAM-3,3,VEP3637,FL,GOV,VEP3637,FL,GOV,0.351922,0.625089,0.657394,0.800000,0.800000,0.800000,review,review,type2,1
s0-c3-1067,CAM-3,3,TCT4347,CA,TEMP,TCT4347,NV,GOV,0.632097,0.616191,0.254004,0.800000,0.800000,0.800000,review,review,correct,0
s0-c3-1068,CAM-3,3,VVM2165,CA,COMMERCIAL,VVM2165,CA,COMMERCIAL,0.539611,0.588666,0.763300,0.800000,0.800000,0.800000,review,review,type2,1
s0-c3-1069,CAM-3,3,NYK5178,CA,COMMERCIAL,NYK5178,CA,GOV,0.654986,0.674199,0.589430,0.800000,0.800000,0.800000,review,review,correct,0
s0-c3-1070,CAM-3,3,EQC1453,NM,TEMP,EQC1453,NM,COMMERCIAL,0.693981,0.628809,0.461665,0.800000,0.800000,0.800000,review,review,correct,0
s0-c3-1071,CAM-3,3,MZX8748,OK,GOV,MZX8748,OK,GOV,0.776578,0.788034,0.777791,0.800000,0.800000,0.800000,review,review,type2,1
s0-c3-1072,CAM-3,3,ZWM7623,FL,TEMP,ZWM762X,FL,TEMP,0.292342,0.452333,0.499491,0.800000,0.800000,0.800000,review,review,correct,0
s0-c3-1073,CAM-3,3,SQO1306,TX,COMMERCIAL,SQO7306,OK,COMMERCIAL,0.749256,0.652366,0.537109,0.800000,0.800000,0.800000,review,review,correct,0
s0-c3-1074,CAM-3,3,DTQ7936,AZ,TRAILER,DTQ7936,AZ,PASSENGER,0.481046,0.794857,0.489269,0.800000,0.800000,0.800000,review,review,correct,0
s0-c3-1075,CAM-3,3,UZG4641,FL,COMMERCIAL,UZG4641,FL,GOV,0.630765,0.756569,0.478834,0.800000,0.800000,0.800000,review,review,correct,0
s0-c3-1076,CAM-3,3,AAW1697,CA,TRAILER,AAW1697,CA,TRAILER,0.731512,0.527442,0.774986,0.800000,0.800000,0.800000,review,review,type2,1
s0-c3-1077,CAM-3,3,JDJ6792,NM,GOV,HDJ6792,NM,PASSENGER,0.357819,0.514921,0.592226,0.800000,0.800000,0.800000,review,review,correct,0
s0-c3-1078,CAM-3,3,UJY3327,FL,COMMERCIAL,UJY3327,NM,TEMP,0.601639,0.457444,0.566567,0.800000,0.800000,0.800000,review,review,correct,0
s0-c3-1079,CAM-3,3,KMV4665,AZ,GOV,KMV4665,AZ,TEMP,0.854953,0.332103,0.722302,0.800000,0.800000,0.800000,review,review,correct,0
s0-c3-1080,CAM-3,3,XIX4023,NM,PASSENGER,XIX4023,OK,COMMERCIAL,0.699569,0.453343,0.544764,0.800000,0.800000,0.800000,review,review,correct,0
s0-c3-1081,CAM-3,3,UNI1386,AZ,TEMP,UNI1386,AZ,TEMP,0.590071,0.558228,0.540214,0.800000,0.800000,0.800000,review,review,type2,1
s0-c3-1082,CAM-3,3,YJP3781,TX,PASSENGER,YJP3781,TX,PASSENGER,0.552566,0.667271,0.753728,0.800000,0.800000,0.800000,review,review,type2,1
s0-c3-1083,CAM-3,3,BWB1786,CO,COMMERCIAL,BWB1786,CO,COMMERCIAL,0.552733,0.407587,0.408689,0.800000,0.800000,0.800000,review,review,type2,1
s0-c3-1084,CAM-3,3,VWV7800,CA,GOV,VWV7800,CA,PASSENGER,0.760068,0.689220,0.640399,0.800000,0.800000,0.800000,review,review,correct,0
s0-c3-1085,CAM-3,3,DOP4240,FL,PASSENGER,5OP4240,CO,GOV,0.717516,0.436668,0.669684,0.800000,0.800000,0.800000,review,review,correct,0
s0-c3-1086,CAM-3,3,NCQ4336,NV,TRAILER,NC64336,AZ,GOV,0.592156,0.655287,0.375478,0.800000,0.800000,0.800000,review,review,correct,0
s0-c3-1087,CAM-3,3,VOY9199,CA,COMMERCIAL,VOY919Z,CA,COMMERCIAL,0.695105,0.328453,0.284338,0.800000,0.800000,0.800000,review,review,correct,0
s0-c3-1088,CAM-3,3,JBV4318,FL,TEMP,JBV4318,FL,TEMP,0.740389,0.645852,0.565378,0.800000,0.800000,0.800000,review,review,type2,1
s0-c3-1089,CAM-3,3,MSF4961,CO,GOV,MSF4961,NM,GOV,0.546352,0.467525,0.744981,0.800000,0.800000,0.800000,review,review,correct,0
s0-c3-1090,CAM-3,3,NIG0315,CO,PASSENGER,NIG0315,TX,PASSENGER,0.649595,0.459812,0.642817,0.800000,0.800000,0.800000,review,review,correct,0
s0-c3-1091,CAM-3,3,HTS2723,AZ,COMMERCIAL,HTS2723,AZ,COMMERCIAL,0.677720,0.567675,0.761175,0.800000,0.800000,0.800000,review,review,type2,1
s0-c3-1092,CAM-3,3,OLS5918,AZ,COMMERCIAL,OLS5919,OK,COMMERCIAL,0.729748,0.289802,0.644773,0.800000,0.800000,0.800000,review,review,correct,0
s0-c3-1093,CAM-3,3,XDS8538,CO,PASSENGER,XDS8538,CA,PASSENGER,0.748887,0.648208,0.323672,0.800000,0.800000,0.800000,review,review,correct,0
s0-c3-1094,CAM-3,3,NWK3024,AZ,COMMERCIAL,NWK3024,AZ,COMMERCIAL,0.700006,0.626790,0.720632,0.800000,0.800000,0.800000,review,review,type2,1
s0-c3-1095,CAM-3,3,RYB0053,NM,PASSENGER,RYB0X53,AZ,COMMERCIAL,0.412474,0.532044,0.263657,0.800000,0.800000,0.800000,review,review,correct,0
s0-c3-1096,CAM-3,3,VFP2038,FL,TEMP,VFP2038,FL,TRAILER,0.633339,0.659299,0.516863,0.800000,0.800000,0.800000,review,review,correct,0
s0-c3-1097,CAM-3,3,FZC1877,OK,TEMP,FZC1877,OK,TRAILER,0.591552,0.660538,0.431839,0.800000,0.800000,0.800000,review,review,correct,0
s0-c3-1098,CAM-3,3,NWZ5578,NV,TEMP,NWZ557M,TX,TEMP,0.305266,0.535369,0.512169,0.800000,0.800000,0.800000,review,review,correct,0
s0-c3-1099,CAM-3,3,VBK3127,NM,PASSENGER,VBK3127,NM,PASSENGER,0.557852,0.666539,0.780380,0.800000,0.800000,0.800000,review,review,type2,1
s0-c3-1100,CAM-3,3,FLK3438,NV,TEMP,FL43438,CO,TEMP,0.536041,0.177869,0.536869,0.800000,0.800000,0.800000,review,review,correct,0
s0-c3-1101,CAM-3,3,TDE3517,NM,TRAILER,RDE3517,NM,TRAILER,0.688994,0.676812,0.754769,0.800000,0.800000,0.800000,review,review,correct,0
s0-c3-1102,CAM-3,3,IAM4368,AZ,PASSENGER,IAT4368,AZ,PASSENGER,0.679028,0.575278,0.310922,0.800000,0.800000,0.800000,review,review,correct,0
s0-c3-1103,CAM-3,3,MJM2644,CA,PASSENGER,MJM2644,NM,TEMP,0.779638,0.633035,0.347202,0.800000,0.800000,0.800000,review,review,correct,0
s0-c3-1104,CAM-3,3,XBW0508,NV,PASSENGER,9BW0508,NV,TEMP,0.306445,0.443409,0.513180,0.800000,0.800000,0.800000,review,review,correct,0
s0-c3-1105,CAM-3,3,BQR1909,CO,GOV,BQR1909,CO,COMMERCIAL,0.704304,0.743765,0.550217,0.800000,0.800000,0.800000,review,review,correct,0
s0-c3-1106,CAM-3,3,VIO0201,CO,TEMP,VIO020Z,CO,TEMP,0.583868,0.578784,0.399998,0.800000,0.800000,0.800000,review,review,correct,0
s0-c3-1107,CAM-3,3,XGY0383,CO,TEMP,XGY0383,CO,PASSENGER,0.547621,0.639776,0.314270,0.800000,0.800000,0.800000,review,review,correct,0
s0-c3-1108,CAM-3,3,POT6873,OK,TRAILER,POT6873,OK,TEMP,0.682408,0.562349,0.451098,0.800000,0.800000,0.800000,review,review,correct,0
s0-c3-1109,CAM-3,3,MAN7807,AZ,TRAILER,MAN7807,NV,TRAILER,0.805644,0.405012,0.603304,0.800000,0.800000,0.800000,review,review,correct,0
s0-c3-1110,CAM-3,3,FUQ2837,CA,TEMP,FUQ28F7,CA,TEMP,0.567251,0.609893,0.650642,0.800000,0.800000,0.800000,review,review,correct,0
s0-c3-1111,CAM-3,3,XIN7286,FL,COMMERCIAL,XIN7286,AZ,COMMERCIAL,0.795201,0.335442,0.408575,0.800000,0.800000,0.800000,review,review,correct,0
s0-c3-1112,CAM-3,3,NFS6272,FL,GOV,NFS6272,NM,GOV,0.644738,0.463536,0.432818,0.800000,0.800000,0.800000,review,review,correct,0
s0-c3-1113,CAM-3,3,KLB6808,NM,TEMP,KLB6808,OK,TEMP,0.675257,0.079763,0.754373,0.800000,0.800000,0.800000,review,review,correct,0
s0-c3-1114,CAM-3,3,KDD9592,NM,PASSENGER,KDD959A,NM,PASSENGER,0.313565,0.440392,0.694009,0.800000,0.800000,0.800000,review,review,correct,0
s0-c3-1115,CAM-3,3,MUG7062,FL,TEMP,MUG7062,CO,TEMP,0.590162,0.576369,0.691987,0.800000,0.800000,0.800000,review,review,correct,0
s0-c3-1116,CAM-3,3,GMW0927,FL,PASSENGER,GMW0927,FL,PASSENGER,0.573891,0.574898,0.782614,0.800000,0.800000,0.800000,review,review,type2,1
s0-c3-1117,CAM-3,3,YPN1165,OK,PASSENGER,YPN1165,CA,PASSENGER,0.599793,0.792270,0.516133,0.800000,0.800000,0.800000,review,review,correct,0
s0-c3-1118,CAM-3,3,TRA7934,OK,GOV,TRAF934,NM,GOV,0.438249,0.366954,0.605131,0.800000,0.800000,0.800000,review,review,correct,0
s0-c3-1119,CAM-3,3,KGS2342,NM,TRAILER,KGS2342,NM,COMMERCIAL,0.782495,0.385968,0.818112,0.800000,0.800000,0.800000,review,review,correct,0
s0-c3-1120,CAM-3,3,RTX4701,NM,TRAILER,RTX4701,AZ,COMMERCIAL,0.742619,0.603753,0.541995,0.800000,0.800000,0.800000,review,review,correct,0
s0-c3-1121,CAM-3,3,DWL3501,TX,PASSENGER,DWL3501,TX,COMMERCIAL,0.861715,0.690629,0.401369,0.800000,0.800000,0.800000,review,review,correct,0
s0-c3-1122,CAM-3,3,CBA5057,NV,TEMP,CBA5057,NV,TEMP,0.803010,0.584492,0.580400,0.800000,0.800000,0.800000,review,review,type2,1
s0-c3-1123,CAM-3,3,ACJ7140,NV,PASSENGER,ACJ7140,FL,PASSENGER,0.623752,0.505294,0.792172,0.800000,0.800000,0.800000,review,review,correct,0
s0-c3-1124,CAM-3,3,LEU8751,FL,PASSENGER,LEU8751,FL,TRAILER,0.564616,0.645501,0.496275,0.800000,0.800000,0.800000,review,review,correct,0
s0-c3-1125,CAM-3,3,IJD3458,CA,PASSENGER,IJD3458,CA,PASSENGER,0.839771,0.693407,0.600212,0.800000,0.800000,0.800000,review,review,type2,1
s0-c3-1126,CAM-3,3,CBQ8119,NV,TEMP,CBQ81J9,NV,TEMP,0.717910,0.506866,0.485820,0.800000,0.800000,0.800000,review,review,correct,0
s0-c3-1127,CAM-3,3,OST3506,FL,TRAILER,OST3506,OK,PASSENGER,0.731095,0.259018,0.388481,0.800000,0.800000,0.800000,review,review,correct,0
s0-c3-1128,CAM-3,3,VPB4620,NV,TEMP,VPB4620,FL,TEMP,0.798579,0.817303,0.669225,0.800000,0.800000,0.800000,review,review,correct,0
s0-c3-1129,CAM-3,3,QHU3693,CA,GOV,0HU3693,NM,GOV,0.575191,0.591336,0.485025,0.800000,0.800000,0.800000,review,review,correct,0
s0-c3-1130,CAM-3,3,QSW4764,CA,TEMP,QSW4764,CA,TEMP,0.714404,0.522058,0.756385,0.800000,0.800000,0.800000,review,review,type2,1
s0-c3-1131,CAM-3,3,AIH1559,CA,COMMERCIAL,ACH1559,CA,COMMERCIAL,0.442385,0.612362,0.585916,0.800000,0.800000,0.800000,review,review,correct,0
s0-c3-1132,CAM-3,3,XES0931,NM,GOV,XESF931,NM,GOV,0.665002,0.180264,0.527677,0.800000,0.800000,0.800000,review,review,correct,0
s0-c3-1133,CAM-3,3,ARV6620,NV,GOV,ARV6620,NV,PASSENGER,0.548967,0.372503,0.540674,0.800000,0.800000,0.800000,review,review,correct,0
s0-c3-1134,CAM-3,3,JKQ5935,CO,PASSENGER,JKQ59B5,TX,TEMP,0.795005,0.523746,0.579688,0.800000,0.800000,0.800000,review,review,correct,0
s0-c3-1135,CAM-3,3,JTV7375,TX,TEMP,JTV7375,NM,TEMP,0.677042,0.255144,0.599301,0.800000,0.800000,0.800000,review,review,correct,0
s0-c3-1136,CAM-3,3,ONR4620,FL,TEMP,ONR462Y,FL,TEMP,0.378295,0.542983,0.519494,0.800000,0.800000,0.800000,review,review,correct,0
s0-c3-1137,CAM-3,3,NBC8919,CO,PASSENGER,NBC8919,NV,GOV,0.584421,0.783045,0.694215,0.800000,0.800000,0.800000,review,review,correct,0
s0-c3-1138,CAM-3,3,BSJ5070,OK,COMMERCIAL,BSJ5070,OK,COMMERCIAL,0.689823,0.493701,0.627369,0.800000,0.800000,0.800000,review,review,type2,1
s0-c3-1139,CAM-3,3,JWE3318,NM,GOV,JWE3318,TX,GOV,0.356388,0.747208,0.645904,0.800000,0.800000,0.800000,review,review,correct,0
s0-c3-1140,CAM-3,3,LIX0136,AZ,PASSENGER,LIT0136,AZ,PASSENGER,0.294142,0.501477,0.749622,0.800000,0.800000,0.800000,review,review,correct,0
s0-c3-1141,CAM-3,3,ERW4358,NV,GOV,ERW4358,NM,COMMERCIAL,0.602360,0.606891,0.563362,0.800000,0.800000,0.800000,review,review,correct,0
s0-c3-1142,CAM-3,3,UVC4448,NV,TEMP,UVC4448,CA,GOV,0.779850,0.259321,0.587170,0.800000,0.800000,0.800000,review,review,correct,0
s0-c3-1143,CAM-3,3,CBV1240,NV,COMMERCIAL,CBV1240,NV,TEMP,0.799750,0.630685,0.507532,0.800000,0.800000,0.800000,review,review,correct,0
s0-c3-1144,CAM-3,3,ANJ1016,OK,GOV,A4J1016,OK,GOV,0.520009,0.463617,0.691213,0.800000,0.800000,0.800000,review,review,correct,0
s0-c3-1145,CAM-3,3,VRG4620,AZ,GOV,VRG4620,AZ,GOV,0.669156,0.807469,0.850710,0.800000,0.800000,0.800000,review,review,type2,1
s0-c3-1146,CAM-3,3,VZS4365,TX,COMMERCIAL,VZS4365,TX,GOV,0.762400,0.632785,0.492569,0.800000,0.800000,0.800000,review,review,correct,0
s0-c3-1147,CAM-3,3,DMA1174,OK,TEMP,DMA1174,AZ,PASSENGER,0.648661,0.495394,0.447815,0.800000,0.800000,0.800000,review,review,correct,0
s0-c3-1148,CAM-3,3,IAX6256,OK,PASSENGER,IAX62K6,FL,GOV,0.476151,0.261604,0.482527,0.800000,0.800000,0.800000,review,review,correct,0
s0-c3-1149,CAM-3,3,VRJ4189,OK,COMMERCIAL,WRJ4189,OK,COMMERCIAL,0.563627,0.484753,0.530109,0.800000,0.800000,0.800000,review,review,correct,0
s0-c3-1150,CAM-3,3,OFI4020,OK,PASSENGER,OFI4020,TX,PASSENGER,0.869545,0.020000,0.470390,0.800000,0.800000,0.800000,review,review,correct,0
s0-c3-1151,CAM-3,3,ZEE0957,NV,GOV,ZEE09R7,NV,GOV,0.353937,0.533501,0.694603,0.800000,0.800000,0.800000,review,review,correct,0
s0-c3-1152,CAM-3,3,ZEC3621,FL,GOV,ZEJ3621,FL,COMMERCIAL,0.790195,0.542382,0.600681,0.800000,0.800000,0.800000,review,review,correct,0
s0-c3-1153,CAM-3,3,IAU2419,NM,GOV,IAU2416,NM,TRAILER,0.413468,0.597700,0.454203,0.800000,0.800000,0.800000,review,review,correct,0
s0-c3-1154,CAM-3,3,NSY2817,NV,GOV,9SY2817,NV,GOV,0.610958,0.638631,0.492306,0.800000,0.800000,0.800000,review,review,correct,0
s0-c3-1155,CAM-3,3,GLM0446,OK,TEMP,GLM0O46,OK,TEMP,0.174206,0.410610,0.452932,0.800000,0.800000,0.800000,review,review,correct,0
s0-c3-1156,CAM-3,3,MAN6230,CO,TRAILER,M4N6230,CO,TRAILER,0.544216,0.716802,0.550428,0.800000,0.800000,0.800000,review,review,correct,0
s0-c3-1157,CAM-3,3,GPV9160,CA,GOV,GPV9W60,CA,TEMP,0.693917,0.734282,0.259003,0.800000,0.800000,0.800000,review,review,correct,0
s0-c3-1158,CAM-3,3,NYZ5083,FL,COMMERCIAL,NYZ508J,FL,COMMERCIAL,0.544086,0.770809,0.458012,0.800000,0.800000,0.800000,review,review,correct,0
s0-c3-1159,CAM-3,3,JUF5038,AZ,TRAILER,YUF5038,NM,TRAILER,0.792972,0.703942,0.620768,0.800000,0.800000,0.800000,review,review,correct,0
s0-c3-1160,CAM-3,3,HIM5511,NV,COMMERCIAL,HIM5511,NM,TRAILER,0.494812,0.658304,0.660654,0.800000,0.800000,0.800000,review,review,correct,0
s0-c3-1161,CAM-3,3,NCM7177,AZ,TEMP,NCM7177,AZ,TEMP,0.796354,0.846860,0.535990,0.800000,0.800000,0.800000,review,review,type2,1
s0-c3-1162,CAM-3,3,TYT1491,CA,TEMP,TOT1491,CA,COMMERCIAL,0.415448,0.811388,0.708588,0.800000,0.800000,0.800000,review,review,correct,0
s0-c3-1163,CAM-3,3,KDB1001,AZ,COMMERCIAL,KDB1001,AZ,TEMP,0.686524,0.464933,0.358371,0.800000,0.800000,0.800000,review,review,correct,0
s0-c3-1164,CAM-3,3,GDV8121,CA,PASSENGER,GDV8121,CA,PASSENGER,0.838830,0.428536,0.423043,0.800000,0.800000,0.800000,review,review,type2,1
s0-c3-1165,CAM-3,3,HSL6993,AZ,GOV,HSL6793,AZ,TEMP,0.565861,0.450665,0.389942,0.800000,0.800000,0.800000,review,review,correct,0
s0-c3-1166,CAM-3,3,WTY9522,CO,COMMERCIAL,WTY952X,CO,PASSENGER,0.696856,0.638372,0.436255,0.800000,0.800000,0.800000,review,review,correct,0
s0-c3-1167,CAM-3,3,CMT9180,CA,COMMERCIAL,CMT9180,NV,COMMERCIAL,0.854602,0.663394,0.637732,0.800000,0.800000,0.800000,review,review,correct,0
s0-c3-1168,CAM-3,3,PSS8088,FL,GOV,PSS8088,FL,PASSENGER,0.661886,0.704247,0.598758,0.800000,0.800000,0.800000,review,review,correct,0
s0-c3-1169,CAM-3,3,UBE7810,CO,TEMP,UBE7810,CO,PASSENGER,0.637453,0.643321,0.526164,0.800000,0.800000,0.800000,review,review,correct,0
s0-c3-1170,CAM-3,3,QUQ7197,NV,TRAILER,QUQP197,NV,COMMERCIAL,0.628211,0.649538,0.285738,0.800000,0.800000,0.800000,review,review,correct,0
s0-c3-1171,CAM-3,3,FCR0054,OK,GOV,FCR0U54,CA,GOV,0.571515,0.489872,0.729374,0.800000,0.800000,0.800000,review,review,correct,0
s0-c3-1172,CAM-3,3,RHJ4545,CA,GOV,RDJ4545,CA,GOV,0.447305,0.587486,0.692364,0.800000,0.800000,0.800000,review,review,correct,0
s0-c3-1173,CAM-3,3,YCN2675,AZ,TRAILER,YCN2675,NV,GOV,0.592099,0.577625,0.519129,0.800000,0.800000,0.800000,review,review,correct,0
s0-c3-1174,CAM-3,3,ZHZ8638,CO,TEMP,ZHZ8638,CO,COMMERCIAL,0.597594,0.487429,0.455013,0.800000,0.800000,0.800000,review,review,correct,0
s0-c3-1175,CAM-3,3,CST0198,FL,TEMP,CST0198,NV,TEMP,0.720549,0.459368,0.780024,0.800000,0.800000,0.800000,review,review,correct,0
s0-c3-1176,CAM-3,3,SPR1414,CA,PASSENGER,SPR1414,NM,TEMP,0.744859,0.322458,0.356688,0.800000,0.800000,0.800000,review,review,correct,0
s0-c3-1177,CAM-3,3,OUT3268,CA,TRAILER,OUT3268,OK,TRAILER,0.738640,0.563140,0.356355,0.800000,0.800000,0.800000,review,review,correct,0
s0-c3-1178,CAM-3,3,XGS5891,CO,PASSENGER,XGS5891,CO,COMMERCIAL,0.605967,0.346053,0.695029,0.800000,0.800000,0.800000,review,review,correct,0
s0-c3-1179,CAM-3,3,UAJ6676,TX,COMMERCIAL,UAJ6676,FL,COMMERCIAL,0.747166,0.294143,0.565633,0.800000,0.800000,0.800000,review,review,correct,0
s0-c3-1180,CAM-3,3,IXO2571,CA,GOV,IXO2571,TX,PASSENGER,0.634681,0.714443,0.341823,0.800000,0.800000,0.800000,review,review,correct,0
s0-c3-1181,CAM-3,3,FFW6518,OK,COMMERCIAL,FFW6518,OK,COMMERCIAL,0.812734,0.339678,0.562259,0.800000,0.800000,0.800000,review,review,type2,1
s0-c3-1182,CAM-3,3,XWZ6217,CA,TRAILER,XWZ6217,OK,TRAILER,0.703500,0.455714,0.229744,0.800000,0.800000,0.800000,review,review,correct,0
s0-c3-1183,CAM-3,3,PRB3380,NV,TRAILER,PRB3380,NV,TRAILER,0.635651,0.813325,0.734997,0.800000,0.800000,0.800000,review,review,type2,1
s0-c3-1184,CAM-3,3,WFK8480,TX,TRAILER,WFK8480,TX,TEMP,0.703398,0.753309,0.381483,0.800000,0.800000,0.800000,review,review,correct,0
s0-c3-1185,CAM-3,3,GNP2768,NV,TEMP,GNP2768,NV,TEMP,0.638656,0.764494,0.312031,0.800000,0.800000,0.800000,review,review,type2,1
s0-c3-1186,CAM-3,3,UXV3081,CA,COMMERCIAL,UXV3081,CA,PASSENGER,0.670596,0.479361,0.532309,0.800000,0.800000,0.800000,review,review,correct,0
s0-c3-1187,CAM-3,3,XLF6654,CA,GOV,7LF6654,FL,GOV,0.280689,0.320780,0.764627,0.800000,0.800000,0.800000,review,review,correct,0
s0-c3-1188,CAM-3,3,FNO1468,FL,TRAILER,FNO1468,OK,COMMERCIAL,0.572097,0.806052,0.251879,0.800000,0.800000,0.800000,review,review,correct,0
s0-c3-1189,CAM-3,3,SYC4715,OK,GOV,BYC4715,FL,GOV,0.753162,0.732754,0.570781,0.800000,0.800000,0.800000,review,review,correct,0
s0-c3-1190,CAM-3,3,JWM1266,TX,PASSENGER,JWM1266,TX,TEMP,0.751062,0.598543,0.397974,0.800000,0.800000,0.800000,review,review,correct,0
s0-c3-1191,CAM-3,3,YLE5018,AZ,COMMERCIAL,YLE5018,AZ,COMMERCIAL,0.737793,0.566295,0.525723,0.800000,0.800000,0.800000,review,review,type2,1
s0-c3-1192,CAM-3,3,VRL1214,OK,COMMERCIAL,VRL1214,TX,GOV,0.668391,0.628257,0.713750,0.800000,0.800000,0.800000,review,review,correct,0
s0-c3-1193,CAM-3,3,ZWH4485,CO,TEMP,ZWH4485,TX,TEMP,0.389841,0.571238,0.623313,0.800000,0.800000,0.800000,review,review,correct,0
s0-c3-1194,CAM-3,3,TFB9470,AZ,PASSENGER,TFB9470,NV,GOV,0.638298,0.462114,0.310718,0.800000,0.800000,0.800000,review,review,correct,0
s0-c3-1195,CAM-3,3,MUM7530,NM,COMMERCIAL,MUM7530,TX,COMMERCIAL,0.478295,0.387623,0.570171,0.800000,0.800000,0.800000,review,review,correct,0
s0-c3-1196,CAM-3,3,FSW2471,CA,TRAILER,F7W2471,CA,TRAILER,0.470204,0.619254,0.567329,0.800000,0.800000,0.800000,review,review,correct,0
s0-c3-1197,CAM-3,3,KFB9614,OK,COMMERCIAL,KFB9614,AZ,COMMERCIAL,0.628114,0.436410,0.753954,0.800000,0.800000,0.800000,review,review,correct,0
s0-c3-1198,CAM-3,3,GXQ6516,CO,PASSENGER,GXQ7516,CO,PASSENGER,0.233075,0.583211,0.387959,0.800000,0.800000,0.800000,review,review,correct,0
s0-c3-1199,CAM-3,3,RZU0399,OK,PASSENGER,RZU0399,NM,PASSENGER,0.457612,0.518019,0.442266,0.800000,0.800000,0.800000,review,review,correct,0
